Refined_Formal_Name,Original-QID,Second-Query_QID,LLM-Fillin_QID,Second-Query_Label
Accademia dei Cacadubbi,,,,
Achille Bosisio,,,,
Aedes Barberina ad Quirinalem,,,,
Albergo del Moretto,,,,
Allegory of Clemency,,,,
Allegory of Coral fishing,,,,
Allegory of the Education of the Crown Prince,,,,
Almorò Pisani,,,,
Altar Paintings (San Canciano),,,,
Altar of Friendship,,,,
Altar of Tranquility and Rural Life,,,,
Altar of Wealth and Apollo,,,,
Ambrogio Mazenta,,,,
Andromache weeping before Aeneas（Giovanni Gioseffo dal Sole）,,,,
Annamaria Gabrielli,,,,
Annan Gallery,,,,
Annibale Laparelli,,,,
Anti-papal satire (Alexander VII),,,,
Antichiesetta (San Marco),,,,
Antichità di Palazzi,,,,
Anton Francesco Farsetti,,,,
Antonio Maria Visconti,,,,
Antonio degli Effetti,,,,
Apotheosis of the Pisani Family,,,,
Archivio Comunale di Treviso,,,,
Archivio Mediceo del Principato,,,,
Archivio del Governatorato di Roma,,,,
Archivio della Compagnia di Gesù,,,,
Archivio di Stato di Venezia (Sezione Notarile),,,,
Art patronage in 17th-century Munich,,,,
Arte dei Salumieri,,,,
Artist's position in society (Concept),,,,
Augustinian Monastery Altarpiece,,,,
Aurelio Rezzonico,,,,
Baglioni Collection,,,,
Barberini Chapel (Sant'Andrea della Valle),,,,
Barberini Library,,,,
Basilica of Santa Sabina,,,,
Beggar holding a Rosary,,,,
Bell Towers for St. Peter's Basilica,,,,
Bergamasque Community,,,,
Bibliothèque de Montpellier,,,,
Bishop Harold von Hocheim Investiture,,,,
Bonfiglioli Collection,,,,
Brutus killing Arruns,,,,
Camillo Carandini,,,,
Campagna (Countryside) / Girolamo Campagna,,,,
Cardinal Mazarin in His Gallery,,,,
Caricature of Cassiano dal Pozzo,,,,
Carlo Baccinelli,,,,
Carlo Camillo II Massimi,,,,
Carlo Cordellina,,,,
Carlo Quarismini,,,,
Carro della Notte,,,,
Caterina Barbarigo,,,,
Ceiling Frescoes (Palazzo Altieri),,,,
Ceiling Frescoes (Quirinal Palace),,,,
Ceiling fresco (Augustinian Church),,,,
Ceiling of Palazzo Doria Pamphilj,,,,
Ceremonies of the Grand Duke,,,,
Chapel of St. Stanislaus Kostka,,,,
Chapels of Santa Maria Maggiore,,,,
Charles-François de Saint-Saulieu,,,,
"Christian Louis I, Duke of Mecklenburg-Schwerin",,,,
Churches of Religious Orders,,,,
Cincinnatus Summoned from the Plough,,,,
Cincinnatus summoned from the Plough,,,,
Coggio Pittoni,,,,
Congregazione dei Virtuosi al Pantheon,,,,
Consiglio del Consorzio,,,,
Conte Carpegna,,,,
Conte Cavazza,,,,
Copy of Annibale Carracci's Works,,,,
Copy of Raphael's Loggias,,,,
Cremonese School,,,,
Creusa imploring Aeneas,,,,
Cristoforo Tencalla,,,,
Customs duty on pictures,,,,
Dance of Nymphs,,,,
Decorations for St. Augustine Church,,,,
Dedicatory Frontispiece,,,,
Design for Sant'Andrea al Quirinale,,,,
Design for St. Peter's Square,,,,
Devolution of Urbino to the Papacy,,,,
Diffusion of Neapolitan painting,,,,
Divine Virtues,,,,
Dome Frescoes (Sant'Agnese in Agone),,,,
Domenico Darmanno,,,,
Domenico Lionati da Fanano,,,,
Domenico Pompeati,,,,
Domenico da Isnello,,,,
Drawings of Sagredo Family Members,,,,
Duchess of Bagnara,,,,
Duplex Intercessio,,,,
Edoardo Lombardo,,,,
Eleonora Zambeccari,,,,
Elisa Carandini,,,,
Elisabetta Antoniazzi Rossi,,,,
Enea Arnaldi / Lodovico Arnaldi?,,,,
Enea Silvio Caprara,,,,
English patronage,,,,
Entrance of Procurator Giorgio Pisani,,,,
Entry of the Count of Colloredo,,,,
Estella Brunetti,,,,
Etchings of Oriental-style Heads,,,,
European scientific societies,,,,
Exhibition of S. Rocco,,,,
Fabio de Fabiis,,,,
Facade of Santa Maria del Giglio,,,,
Faith crushing Idolatry,,,,
Fame Carrying the Name of Louis XIV...,,,,
Fame inscribing the glories of Louis XIV...,,,,
Fantastical Heads in the Manner of Giorgione,,,,
Faustina Savorgnan,,,,
Federico Correr Lorenzetti,,,,
Flemish artists in Rome,,,,
Fortune under the control of Virtue,,,,
"Fortune under the control of Virtue, Justice and Peace",,,,
Francesco Catalano,,,,
Francesco Griseri,,,,
Francesco Mengardi,,,,
Francesco Panciatichi,,,,
Francesco Rosichino,,,,
French hostility to Italian art (17th c.),,,,
French patronage,,,,
Fresco on staircase of Hampton Court Palace,,,,
Frescoes in Lanfranco Chapel (Modena Cathedral),,,,
Frescoes in Sant'Andrea della Valle,,,,
Frescoes in the Corsini Chapel,,,,
Frescoes in the Palazzo Doria Pamphilj (Valmontone),,,,
Gabriele Balestrieri,,,,
Gabriele Emo / Giovanni Emo,,,,
Galleria Giustiniani,,,,
Galleria L'Antonina,,,,
Gallery of the Aeneid (Palazzo Buonaccorsi),,,,
Gaspare Partridge,,,,
Gaspare Patriarch,,,,
Gasparo Altieri,,,,
Gerard van der Bos,,,,
German patronage,,,,
Gesuati (Order) / Santa Maria del Rosario (Gesuati),,,,
Gherardo Sagredo,,,,
Giacomo della Lena,,,,
Giambattista Biffi,,,,
Giovanelli Collection,,,,
Giovanni Andrea Armanni,,,,
Giovanni Angelo da Camerino,,,,
Giovanni Antonio Armanni,,,,
Giovanni Battista Fontanella,,,,
Giovanni Domenico Brustoloni,,,,
Giovanni Francesco Sacchetti,,,,
Giovanni Gasparo Baldoini,,,,
Giovanni Stefano Roccatagliata,,,,
Giovanni de' Cattanei,,,,
Girolamo Garganego,,,,
Girolamo Teodoli,,,,
Giulia Maidalchini,,,,
Giuliano Colonna (Prince of Stigliano),,,,
Giuliano Vacchelli,,,,
Giulio della Greca,,,,
Giuseppe Antonio Lotti,,,,
Giuseppe Chiari / Tommaso Chiari,,,,
Giuseppe Fochessati,,,,
Giuseppe Lorenzo Moncallero,,,,
Giuseppe Toninotto,,,,
Giuseppe de Rosis,,,,
Gloria Chiarini de Anna,,,,
Glorification of the Pisani Family,,,,
Glory of Venice,,,,
God creating the Angels / Parnassus,,,,
Gordon Albion,,,,
Gran Tempio Antico,,,,
Grassi Collection,,,,
Great Witley Church (St Michael and All Angels),,,,
Guidalocti Franchini,,,,
Habsburg Collections (Prague),,,,
Habsburg Patronage,,,,
Hebrew Women singing after crossing the Red Sea,,,,
Heroes approaching the Temple of Immortality,,,,
Hilda Finberg,,,,
Historic e di Maniera Veneziana,,,,
Hugues-Humbert Servien,,,,
"Illustration for ""Newtonianismo per le dame""",,,,
Illustrations for Latin Poems,,,,
Images of Palladian Architecture,,,,
Imago Primi Saeculi Societatis Jesu,,,,
Indecency in art,,,,
Influence of late 17th-century wars on art patronage,,,,
Interior of Sant'Andrea al Quirinale,,,,
Jacopo Pedozzi,,,,
Jacques Duyvelant,,,,
Jacques Tubeuf,,,,
Jesuit Archives,,,,
Johann Adalbert Veith,,,,
Joint caricature of Simonelli and Mola,,,,
"Juno, Goddess of Air",,,,
Jupiter among the Corybantes,,,,
Jupiter handed over by Cybele to the Corybantes,,,,
Jupiter sending down his Thunderbolts,,,,
Justinus (Historian) / Justin Martyr,,,,
King Solomon Bathing,,,,
King's College Library,,,,
L'Inondazione del Tevere,,,,
L'Osservatore Veneto,,,,
La Burla del Piovano Arlotto,,,,
La Chiesa di Gesù Cristo vendicata...,,,,
La Galleria di Minerva,,,,
La rissa all'Ambasciata di Spagna,,,,
Labia Collection,,,,
Le Arti che vanno per via nella città di Venezia,,,,
Le Fabbriche e Vedute di Venetia,,,,
Leonardo Pasqueti,,,,
Leonardo Pasquetti,,,,
Leonardo Pesaro,,,,
Leonardo Valmarana,,,,
Leto turning the Shepherds into Frogs,,,,
Lita-Rose Betcherman,,,,
Lodovico Gabrielli,,,,
Lodovico Rezzonico,,,,
Lorenzo del Rosso,,,,
Luca Bartolotti,,,,
Luca Ombrosi,,,,
Lucchese Community,,,,
Lucien Marcheix,,,,
Luigi Teodoli,,,,
M. de Bordeaux,,,,
Marchands-amateurs,,,,
Marchese Raggi,,,,
Marchese Ruspoli,,,,
Marchigian town,,,,
Marguerite Calberg,,,,
Maria Elena Ghelli,,,,
Maria Pamphilj,,,,
Mario D'Orsi,,,,
Marriage Allegory of the Rezzonico Family,,,,
Martyrdom of Saint John the Bishop,,,,
María Antonieta Gatas,,,,
Matteo da Città di Castello,,,,
Matteo del Teglia,,,,
Mattia Rosichino,,,,
Medici Villa of Poggio a Caiano,,,,
Mercury awaking Aeneas,,,,
Michele Lauretano,,,,
Mina Pajes Merriman,,,,
Modello for the Apotheosis of St Ignatius,,,,
Modello for the Glory of St Aloysius Gonzaga,,,,
Mola painting the portrait of Pope Alexander VII,,,,
Monsieur de Saint-Sauveur,,,,
Monsignor Olivieri,,,,
Monument to Doge Giovanni Pesaro,,,,
Monument to Pope Gregory XV,,,,
Monument to the 1st Duke of Marlborough,,,,
Moses Trampling on Pharaoh's Crown,,,,
Mostra dei Remondini,,,,
Mostra del Tiepolo,,,,
Mourners at Tomb of Francesco Algarotti in Pisa,,,,
Murals at Windsor Castle,,,,
Murals for the Vienna Residence,,,,
Museo della Torre di San Marco,,,,
Napoleonic government,,,,
Naudaeana,,,,
Nepotism in Rome,,,,
Nero being shown the Corpse of Seneca,,,,
Niccolò Melanconici,,,,
Nicola del Rosso,,,,
Officium Beatae Mariae Virginis,,,,
Oratory/Church of Santa Cecilia (Bologna),,,,
Orazio Marucelli,,,,
Oriental Customs,,,,
Oriental Heads,,,,
Original proposals for reclaiming Prato della Valle,,,,
Osvaldo Böhm Photograph Collection,,,,
Ottavio Novaroli,,,,
"Où sont des pasteurs, des bergères et des moutons",,,,
Padre Massimo,,,,
Paintings for the Church in Salamanca,,,,
Palazzo Buonaccorsi Art Collection,,,,
Palazzo Taddeo,,,,
Palazzo Zenobio,,,,
Paola Berselli Ambri,,,,
Paolo Maccarani,,,,
Patron-artist relationship,,,,
Pendentive Frescoes of the Church of the Gesù,,,,
Philippe Zygodon,,,,
Pierre Motteux and his Family,,,,
Pietro Antonio Toni,,,,
Pietro Zuccoli,,,,
Pinacoteca Nazionale di Lucca,,,,
Portrait of Field Marshal Schulenburg,,,,
Portrait of Madame Rosenberg,,,,
Portrait of Streit's Father,,,,
Portrait of Streit's Mother,,,,
Portrait of Streit's Sister,,,,
Portrait of the Queen of Prussia,,,,
Portraits of Venetian Cardinals,,,,
Portraits of Venetian Popes,,,,
Portraits of the Doges of Venice,,,,
Prices paid to artists,,,,
Prince Pio di Savoia,,,,
Procuratore Canale,,,,
Prospero Pesci,,,,
Provincial centres of art patronage,,,,
Publishers in Venice,,,,
Quadri che rappresentano fatti della Sacra Scrittura,,,,
Queen Jezebel Being Punished by Jehu,,,,
Raccolta di centododici stampe...,,,,
Raphael Loggias,,,,
Reception of Landscapes,,,,
Relief of Field Marshal Schulenburg,,,,
Religion Overthrowing Heresy,,,,
Religious Decorations at Whitehall,,,,
Remondini family,,,,
Ritratto con cristallo,,,,
Robert Alexander Waller Fund,,,,
Rococo Pavilion,,,,
Rosalba Lorenzetti,,,,
Ruins of the Church of the Cross,,,,
Sacrifices to Priapus,,,,
San Niccolò al Lido,,,,
Saverio Savini,,,,
Scenes from the Life of Scipio Africanus,,,,
Scenes of Christian Warfare,,,,
Scenes of Venetian Noble Life,,,,
School of Carlo Cignani,,,,
Schönborn family,,,,
Sculptures for the Cathedral,,,,
Scuola Grande dei Carmini / Carità?,,,,
Sebastiano Marcotti,,,,
Sebastiano Molino,,,,
Self-Portrait as Winter,,,,
Series of Egyptian Figures,,,,
Series of Etruscan Phallic Symbols,,,,
Service de Documentation Photographique des Musées Nationaux,,,,
Servizio particolare,,,,
Sheila Rinehart,,,,
Silvia Meloni Trkulja,,,,
Social position of the artist,,,,
Social significance of painting,,,,
Social status of artists,,,,
Soderini family,,,,
Soprintendenza alle Gallerie,,,,
Spanish patronage,,,,
St Stanislaus Kostka on his Deathbed,,,,
Stamperia Albrizzi,,,,
State Inquisition,,,,
Statue of Field Marshal Schulenburg,,,,
Statues of the Apostles (Lateran),,,,
Status-seeking (Concept),,,,
Stefano Sagredo,,,,
Stoicism in 17th century,,,,
Strada Emanuele,,,,
Strength protecting Wisdom,,,,
Study for the Fountain of the Four Rivers,,,,
Sulla maniera di Zorzone,,,,
Tarantella Dancers,,,,
Tavole Barberini,,,,
Teodora dal Pozzo,,,,
Teresa Maria Marcellino,,,,
The Adoration of the Mystic Lamb,,,,
The Arrival at the Palace,,,,
The Assumption of St Aloysius Gonzaga,,,,
The Ecstasy of Saint Margaret of Cortona,,,,
The Emperor Augustus Closing the Doors of the Temple of Janus,,,,
The Four Continents paying homage to Karl Philip von Greiffenklau,,,,
The Glorification of the Trinity with the Adoration of the Instruments of Passion,,,,
The Glory of Saint Aloysius Gonzaga,,,,
The Infant Jupiter handed over by Cybele to the Corybantes,,,,
The Power of Eloquence,,,,
The Revolt of Masaniello,,,,
The Stoning of Zechariah,,,,
The Virgin Giving the Habit to Saint Teresa,,,,
Tiberio Roberti,,,,
Tiepolo's Etchings,,,,
Titles granted to artists,,,,
Twelve Watercolors of Venetian Women,,,,
Two Baskets of Fruit and Flowers,,,,
Uffizi / Pitti (Gallerie Fiorentine),,,,
Un trionfo d'armi,,,,
Valerio Antonio Zarzabini,,,,
Valerio Vanetti,,,,
Venetian artists in 18th-century Paris,,,,
Venetian artists in Madrid,,,,
Venetian artists in St Petersburg,,,,
Venetian painting in Moscow,,,,
Ventura Carrara,,,,
Ventura Furlani,,,,
Ventura Rossi,,,,
Venus Leaving the Bath,,,,
Via de' Giubbonari,,,,
Vigilia di San Pietro,,,,
Villa Altichiero,,,,
Vincenzo Radicchio,,,,
Vincenzo da Canal,,,,
Virgin Protecting the City of Spoleto,,,,
Viterbo / Moroni,,,,
William Chandler Kirwin,,,,
"William Cowper, 1st Earl Cowper / The Cowper Madonna?",,,,
Wirich Philipp von Daun / Leopold Joseph von Daun,,,,
Woman Playing a Musical Instrument,,,,
Women Washing their Laundry at a Fountain,,,,
Würzburg Residence Frescoes,,,,
Youth Rescued from the Pleasures of Venus,,,,
