实体1,QID,关系,实体2,QID.1
彼得罗·摩纳哥,Q30888067,出版,《112幅神圣的历史绘画作品集》,A360
维埃罗,Q6141801,再版,《112幅神圣的历史绘画作品集》,A360
迪特里希,Q536581,创作,《1156年维尔茨堡主教祝福新人》,Q26706747
乔万尼·巴蒂斯塔·蒂耶波洛,Q186202,创作,《1156年维尔茨堡主教祝福新人》,Q26706747
迪特里希,Q536581,创作,《1163年皇帝为哈罗德·冯·霍克海姆领主加冕》,A46
乔万尼·巴蒂斯塔·蒂耶波洛,Q186202,创作,《1163年皇帝为哈罗德·冯·霍克海姆领主加冕》,A46
克雷斯皮,Q528620,创作,《阿比盖尔送礼物给大卫》,A3
托马索·鲁福,Q2661419,委托,《阿比盖尔送礼物给大卫》,A3
克劳德·洛兰,Q214074,创作,《阿波罗的献祭》,Q27895778
克劳德·洛兰,Q214074,绘制,《阿波罗的献祭》,Q27895778
克劳德·洛兰,Q214074,创作,《阿波罗的献祭》,Q27895778
唐·加斯帕罗·阿尔蒂里的父亲,表中无ID,委托,《阿波罗的献祭》,Q27895778
卡洛·马拉塔,Q538998,创作,《阿波罗和达芙妮》,Q118877400
普桑,Q41554,绘制,《阿波罗和达芙妮》,Q118877400
卡米洛·马西斯米,Q1081448,委托,《阿波罗和库马·西比尔海岸风景》,Q21725334
乔瓦尼·巴格里昂,Q983332,创作,《阿波罗和缪斯女神》,A30
迪特里希,Q536581,创作,《阿波罗指引他的勃艮第比阿特丽斯新娘》,A31
乔万尼·巴蒂斯塔·蒂耶波洛,Q186202,创作,《阿波罗指引他的勃艮第比阿特丽斯新娘》,A31
乔万尼·巴蒂斯塔·西马洛里,Q3766629,创作,《阿格里皮娜被其子尼禄下令杀害》,A8
卡米洛·马西斯米,Q1081446,委托,《阿格斯守卫》,A35
罗曼内利,Q2983846,创作,《阿里阿德涅被爱唤醒》,A36
克劳德·洛兰,Q214074,创作,《阿斯卡尼俄斯射杀西尔维娅的雄鹿》,Q4803790
克劳德·洛兰,Q214074,创作,《阿斯卡尼俄斯射杀西尔维娅的雄鹿》,Q4803790
洛伦佐·奥诺弗里奥·科隆纳,Q3837032,委托,《阿斯卡尼俄斯射杀西尔维娅的雄鹿》,Q4803790
彼得罗·达·科尔托纳,Q333323,创作,《埃涅阿德的风景》,A196
彼得罗·达·科尔托纳,Q333323,绘制,《埃涅阿德的风景》,A196
克劳德·洛兰,Q214074,创作,《埃涅阿斯在拉提姆登陆》,Q119756834
克劳德·洛兰,Q214074,绘制,《埃涅阿斯在拉提姆登陆》,Q119756834
克劳德·洛兰,Q214074,创作,《埃涅阿斯在拉提姆登陆》,Q119756834
唐·加斯帕罗·阿尔蒂里,Q27999316,委托,《埃涅阿斯在拉提姆登陆》,Q119756834
费迪南德大公,Q465178,收藏,《安德洛玛克在埃涅阿斯面前哭泣》,A24
马尔坎托尼奥·弗兰切斯基尼,Q2543592,创作,《安德洛玛克在埃涅阿斯面前哭泣》,A24
乔万·奇奥塞弗·达尔·索莱,Q961329,创作,《安德洛玛克在埃涅阿斯面前哭泣》,A24
迪特里希,Q536581,绘制,《安东尼和克利奥佩特拉的宴会》,Q77007619
费迪南德大公,Q465178,收藏,《安东尼和克利奥佩特拉的宴会》,Q77007619
弗朗西斯科·特雷维萨尼,Q963875,创作,《安东尼和克利奥佩特拉的宴会》,Q77007619
皮亚泽塔,Q282670,绘制,《安吉洛·卡斯特》,A25
卡洛·马拉塔,Q538998,创作,《奥古斯都关闭雅努斯神庙》,Q72671544
费迪南德大公,Q465178,收藏,《巴比伦》,A37
弗朗索瓦·德·诺姆,Q1887392,创作,《巴比伦》,A37
博福特公爵,Q7585516,收藏,《巴德明顿风景》,Q40453567
卡纳莱托,Q182664,创作,《巴德明顿风景》,Q40453567
卡纳莱托,Q182664,绘制,《巴德明顿风景》,Q40453567
圭多·雷尼,Q109061,创作,《巴克斯和阿里阿德涅》,Q20881588
丰泰巴索,Q447991,绘制,《拜访亚伯拉罕的三位天使》,A272
丰泰巴索,Q447991,绘制,《拜访亚伯拉罕的三位天使》,A272
彼得罗·贝尔尼尼,Q712397,创作,《扮作大卫的自画像》,A197
圭多·雷尼,Q109061,创作,《绑架海伦》,Q118876935
弗朗西斯科·阿尔加罗蒂,Q439081,委托,《保护者》,A363
乔瓦尼·巴蒂斯塔·蒂耶波洛,Q186202,创作,《保护者》,A363
皮埃特罗·巴尔巴里戈,Q107565971,委托,《保护智慧的力量》,A209
曼弗林,Q16560336,收藏,《暴风雨》,Q930137
乔尔乔内,Q8459,创作,《暴风雨》,Q930137
卡西亚诺·达尔·波佐,Q1048333,委托,《暴风雨中的皮拉摩斯和忒贝》,A408
普桑,Q41554,绘制,《暴风雨中的皮拉摩斯和忒贝》,A408
费迪南德大公,Q465178,收藏,《被狗撕成碎片的王后耶洗别》,A450
吉罗拉莫·杜拉佐,表中无ID,收藏,《被狗撕成碎片的王后耶洗别》,A450
卢卡·焦尔达诺,Q332494,创作,《被狗撕成碎片的王后耶洗别》,A450
乔万·乔瑟福·达尔·索尔,Q961329,创作,《被基督打伤的圣特蕾莎》,A201
德·罗西,表中无ID,收藏,《被迦太基人杀死的雷古勒斯》,A188
萨尔瓦多·罗萨,Q359421,绘制,《被迦太基人杀死的雷古勒斯》,A188
萨尔瓦多·罗萨,Q359421,创作,《被迦太基人杀死的雷古勒斯》,A188
G.沃尔帕托,Q3107516,创作,《比萨的弗朗西斯科·阿尔加罗蒂墓前的哀悼者》,A380
阿巴特·加利亚尼,Q979496,出版,《财富》,Q20087469
博福特公爵,Q7585516,收藏,《财富》,Q20087469
萨尔瓦多·罗萨,Q359421,创作,《财富》,Q20087469
卡洛·马拉塔,Q538998,创作,《查尔斯·福克斯》,A65
弗朗切斯科·法内利,Q3749954,雕刻,《查尔斯一世》,A66
皮埃特罗·奥托博尼,Q101294,委托,《忏悔》,A226
朱塞佩·玛丽亚·克雷斯皮,Q528620,创作,《忏悔》,A226
米开朗基罗·达·卡拉瓦焦,Q42207,绘制,《尘世之爱》,Q474024
米开朗基罗·达·卡拉瓦焦,Q42207,创作,《尘世之爱》,Q474024
迪特里希,Q536581,绘制,《乘着火焰战车奔向天堂的以利亚》,A415
安尼巴莱·卡拉奇,Q7831,绘制,《吃豆子的人》,Q1232131
安尼巴莱·卡拉奇,Q7833,创作,《吃豆子的人》,Q1232131
阿米格尼,Q380897,创作,《崇拜偶像的所罗门》,A198
西吉斯蒙德·施特赖特,Q90687,收藏,《崇拜偶像的所罗门》,A198
安德烈·波德斯塔,Q4755099,制作,《崇拜维纳斯》,Q3743879
彼得·保罗·鲁本斯,Q5599,创作,《崇拜维纳斯》,Q3743879
提香,Q47551,创作,《崇拜维纳斯》,Q3743879
提香,Q47551,创作,《崇拜维纳斯》,Q3743879
提香,Q47551,创作,《崇拜维纳斯》,Q3743879
亚历山德罗·瓦罗塔里,Q1727824,临摹,《崇拜维纳斯》,Q3743879
乔瓦尼·兰弗兰科,Q447730,创作,《崇高的三位一体与基督受难的刑具的荣耀》,A6
安东·多梅尼科·加比亚尼,Q1083096,创作,《出埃及》,A98
费迪南德大公,Q465178,展示,《出埃及》,A98
费迪南德大公,Q465178,委托,《出埃及》,A98
卢多维科·大卫,Q6698987,创作,《出埃及》,A98
费迪南德大公,Q465178,拒绝,《穿越红海》,A75
卢卡·焦尔达诺,Q332494,创作,《穿越红海》,A75
安德里亚·拉扎里尼,Q3106991,创作,《从犁头上召唤出来的辛辛那图斯》,A71
弗朗西斯科·阿尔加罗蒂,Q439081,收藏,《从犁头上召唤出来的辛辛那图斯》,A71
巴尔托洛齐,表中无ID,雕刻,《村庄风景》,A297
马可·里奇,Q930162,绘制,《村庄风景》,A297
马可·里奇,Q930162,创作,《村庄风景》,A297
安东尼奥·玛丽亚·扎内蒂,Q944948,创作,《达芙妮和克洛伊》插图,A428
安东尼奥·德格里·埃菲蒂,表中无ID,收藏,《达那厄》,A78
彼得罗·利贝里,Q979467,创作,《大洪水》,Q118397664
费迪南德大公,Q465178,收藏,《大洪水》,Q118397664
乔瓦尼·巴蒂斯塔·皮亚泽塔,Q282670,创作,《大流士之死》,Q50821144
圭多·雷尼,Q109061,创作,《大天使米迦勒践踏魔鬼》,Q109925916
费迪南德大公,Q465178,委托,《大卫》,Q766487
卡洛·马拉塔,Q538998,创作,《大卫》,Q766487
詹南托尼奥·富米亚尼,Q1432600,创作,《大卫》,Q766487
彼得·穆尔斯,Q7175941,收藏,《大主教蒂洛森寓言式纪念墓地》,Q29651135
卡纳莱托,Q182664,创作,《大主教蒂洛森寓言式纪念墓地》,Q29651135
卡纳莱托,Q182664,创作,《大主教蒂洛森寓言式纪念墓地》,Q29651135
乔万尼·巴蒂斯塔·西马洛里,Q3766629,创作,《大主教蒂洛森寓言式纪念墓地》,Q29651135
乔万尼·巴蒂斯塔·西马洛里,Q3766629,创作,《大主教蒂洛森寓言式纪念墓地》,Q29651135
乔万尼·巴蒂斯塔·西马洛里,Q3766629,创作,《大主教蒂洛森寓言式纪念墓地》,Q29651135
詹巴蒂斯塔·皮托尼,Q982011,创作,《大主教蒂洛森寓言式纪念墓地》,Q29651135
萨尔瓦多·罗萨,Q359421,创作,《带有阿波罗的风景》,Q106584403
吉多·阿巴蒂尼,Q282810,创作,《带有巴尔贝里尼宫的奎琳岗风景》,A7
费迪南德大公,Q465178,收藏,《戴安娜和阿克特翁》,A368
塞巴斯蒂亚诺·里奇,Q26878812,创作,《戴安娜和阿克特翁》,A368
尼古拉斯·普桑,Q41554,创作,《戴安娜和恩底弥翁》,A332
费迪南德大公,Q465178,收藏,《戴安娜和卡里斯托》,A89
塞巴斯蒂亚诺·里奇,Q26878812,创作,《戴安娜和卡里斯托》,A89
西吉斯蒙德·施特赖特,Q90687,收藏,《戴着眼镜的老妇人》,A406
朱塞佩·诺加里,Q465422,创作,《戴着眼镜的老妇人》,A406
费迪南德大公,Q465178,收藏,《黛博拉和巴拉克》,Q50986222
弗朗切斯科·索利梅纳,Q736065,创作,《黛博拉和巴拉克》,Q50986222
吉罗拉莫·杜拉佐,表中无ID,收藏,《黛博拉和巴拉克》,Q50986222
米开朗基罗·塞阔齐,Q979862,绘制,《到达别墅》,A214
塞阔齐,Q979862,绘制,《到达别墅》,A214
卡米洛·马西斯米,Q1081442,委托,《德尔菲游行的风景》,Q20274952
克劳德·洛兰,Q214074,绘制,《德尔菲游行的风景》,Q20274952
克劳德·洛兰,Q214074,绘制,《德尔菲游行的风景》,Q20274952
克劳德·洛兰,Q214074,绘制,《德尔菲游行的风景》,Q20274952
费迪南德大公,Q465178,收藏,《德伊阿尼拉和内萨斯》,A383
卢卡·焦尔达诺,Q332494,创作,《德伊阿尼拉和内萨斯》,A383
贝尔纳迪诺·梅,Q472391,创作,《德治下的财富》,A398
弗拉维奥·奇吉,Q368700,委托,《德治下的财富》,A398
弗朗西斯科·索利梅纳,Q736065,绘制,《狄多和埃涅阿斯》,Q28093447
乔瓦尼·弗朗西斯科·巴尔比埃里（圭尔奇诺）,Q334262,创作,《迪多之死》,Q55831023
乔瓦尼·贝内德托·卡斯蒂廖内,Q40823,创作,《第欧根尼》,Q75194631
迪特里希,Q536581,创作,《东方头像》,A369
罗萨尔巴·卡列拉,Q237726,创作,《冬天》,Q18689216
约瑟夫·史密斯,Q476702,收藏,《冬天》,Q18689216
彼得罗·达·科尔托纳,Q333323,创作,《发现罗慕路斯与雷穆斯》,A337
迪特里希,Q536581,绘制,《发现真十字架的圣海伦》,A400
迪特里希,Q536581,绘制,《发现真十字架的圣海伦》,A400
佩莱格里尼,Q1358364,绘制,《法厄同的坠落》,A237
佩莱格里尼,Q1358364,创作,《法厄同的坠落》,A237
卡纳莱托,Q182664,绘制,《法国大使吉恩伯爵的入城式》,Q5977784
乔瓦尼·巴格里昂,Q983332,创作,《复活》,Q18573503
费迪南德大公,Q465178,收藏,《伽拉忒亚和特里同》,Q27970986
卢卡·焦尔达诺,Q332494,创作,《伽拉忒亚和特里同》,Q27970986
多梅尼科·布鲁乔里,Q16240592,创作,《该隐和亚伯》,A53
费迪南德大公,Q465178,购买,《该隐和亚伯》,A53
费迪南德大公,Q465178,收藏,《该隐之死》,A158
克劳德·洛兰,Q214074,创作,《冈多菲堡》,A59
吉罗拉莫·穆扎亚诺,Q1333792,创作,《割礼》,A225
马可·里奇,Q930162,绘制,《歌剧预演》,Q23699891
马可·里奇,Q930162,创作,《歌剧预演》,Q23699891
沃特金·威廉姆斯怀恩爵士,Q7529426,收藏,《歌剧预演》,Q23699891
奥拉齐奥·简提列斯基,Q367360,创作,《公众的福祉胜过危险》,Q18572437
费迪南德大公,Q465178,收藏,《古代宫殿》,A29
弗朗索瓦·诺米,Q1887392,创作,《古代宫殿》,A29
弗朗索瓦·德·诺姆,Q1887392,创作,《古代宫殿》,A29
曼弗林,Q16560336,收藏,《关闭》,Q50812385
泰奥多罗·科雷尔,Q2403974,购买,《关闭》,Q50812385
詹·安东尼奥·瓜尔迪,Q590969,创作,《关闭》,Q50812385
朱塞佩·玛丽亚·克雷斯皮,Q528620,创作,《盥洗室中的女孩》,A374
卡西亚诺·达尔·波佐,Q1048333,收藏,《国王迈达斯在帕托鲁斯河洗脸》,Q19911476
卡西亚诺·达尔·波佐,Q1048333,收藏,《国王迈达斯在帕托鲁斯河洗脸》,Q19911476
克劳德·洛兰,Q214074,创作,《海港》,Q52242065
安东尼奥·维瑞奥,Q2305594,创作,《海上的胜利》,Q28026269
卡西亚诺·达尔·波佐,Q1048333,委托,《海上风暴》,Q102961376
克劳德·洛兰,Q214074,绘制,《海上风暴》,Q102961376
弗朗西斯科·阿尔加罗蒂,Q439081,委托,《海神喷泉》,A441
迪特里希,Q536581,绘制,《海王星向威尼斯致敬》,A351
迪特里希,Q536581,创作,《海王星向威尼斯致敬》,A351
迪特里希,Q536581,绘制,《海王星向威尼斯致敬》,A351
迪特里希,Q536581,创作,《海王星向威尼斯致敬》,A351
迪特里希,Q536581,绘制,《海王星向威尼斯致敬》,A351
安东尼奥·维瑞奥,Q2305594,创作,《汉普顿宫殿楼梯壁画》,A358
卡纳莱托,Q182664,绘制,《河谷草地广场》,Q2636862
卡纳莱托,Q182664,绘制,《河谷草地广场》,Q2636862
安吉洛·奎里尼,Q536447,收藏,《赫拉克勒斯》,Q126267268
保罗·德·马蒂斯,Q1851224,创作,《赫拉克勒斯的选择》,Q118993578
乔瓦尼·巴蒂斯塔·蒂耶波洛,Q186202,创作,《亨利三世的喜宴》,Q5968478
委拉斯贵支,Q297,绘制,《胡安·德·帕雷哈》,Q4717953
弗朗西斯科·阿尔加罗蒂,Q439081,委托,《花》,A101
乔瓦尼·巴蒂斯塔·蒂耶波洛,Q186202,创作,《花》,A101
彼得罗·保利尼,Q774078,创作,《华伦斯坦之死》,A83
朱塞佩·玛丽亚·克雷斯皮,Q528620,绘制,《画家的家人》,A261
多纳托·克雷蒂,Q2340302,创作,《黄金马刺骑士》,A60
托马索·鲁福,Q2661419,委托,《黄金马刺骑士》,A60
安德里亚·波佐,Q380103,绘制,《基督的葬礼》,Q1213151
富米尼,Q1432600,创作,《基督将犹太人赶出圣殿》,A69
菲利波·法尔塞蒂,Q16556042,收藏,《基督升天》,Q2182509
米开朗基罗,Q5592,创作,《基督升天》,Q2182509
乔瓦尼·兰弗兰科,Q447730,创作,《基督在船上安抚门徒》,A70
卢卡·卡列瓦里斯,Q2704669,绘制,《纪念弗雷德里克四世的赛舟会》,Q21716446
乔瓦尼·巴蒂斯塔·皮亚泽塔,Q282670,创作,《祭坛上的穆西乌斯·斯卡沃拉》,A399
迪特里希,Q536581,绘制,《加尔默罗圣母像》,Q20068250
吉安·安东尼奥·瓜尔迪,Q590969,复制,《迦拿的婚礼》,Q119929412
费迪南德大公,Q465178,委托,《迦拿的婚礼》,Q119929412
加斯帕尔·如莫尔,Q3098722,收藏,《迦拿的婚礼》,Q119929412
马蒂亚·普雷蒂,Q468632,创作,《迦拿的婚礼》,Q119929412
吉安·安东尼奥·瓜尔迪,Q590969,复制,《坚毅》,A413
吉安·安东尼奥·瓜尔迪,Q590969,复制,《节制》,A404
彼得罗·达·科尔托纳,Q333323,绘制,《绑架海伦》,Q118876935
圭多·雷尼,Q109061,创作,《绑架海伦》,Q118876935
乔瓦尼·达·圣乔瓦尼,Q1058463,创作,《劫夺普罗塞耳皮娜》,A471
马斯莫·斯坦茨奥内,Q982384,绘制,《杰罗姆·班克斯》,Q52218910
拉尔夫·班克斯,Q7287206,收藏,《杰罗姆·班克斯》,Q52218910
马斯莫·斯坦茨奥内,Q982384,绘制,《杰罗姆·班克斯》,Q52218910
安德烈亚·费雷里奥,Q18217670,创作,《警觉》,A295
托马索·鲁福,Q2661419,委托,《警觉》,A295
彼得·保罗·鲁本斯,Q5599,创作,《酒神》,Q3632485
菲利波·法尔塞蒂,Q16556042,收藏,《酒神》,Q3632485
费迪南德大公,Q465178,收藏,《酒神》,Q3632485
卡洛·奇尼亚尼,Q239980,创作,《酒神》,Q3632485
尼科洛·卡萨纳,Q3341172,创作,《酒神》,Q3632485
提香,Q47551,创作,《酒神》,Q3632485
雅各布·桑索维诺,Q202267,创作,《酒神》,Q3632485
提香,Q47551,创作,《酒神祭》,Q18600136
罗曼内利,Q2983846,创作,《酒神与阿里阿德涅》,A40
提香,Q47551,创作,《酒神与阿丽雅德妮》,Q1206860
彼得罗·隆吉,Q447058,绘制,《巨人的陨落》,A238
彼得罗·隆吉,Q447058,绘制,《巨人的陨落》,A238
鲁本斯,Q5599,创作,《君士坦丁的一生》,A253
委拉斯贵支,Q297,创作,《卡米洛·马斯西米》,Q2935136
彼得罗·达·科尔托纳,Q333323,创作,《凯撒帮克利奥佩特拉重返王座》,Q17175813
弗朗西斯科·阿尔加罗蒂,Q439081,委托,《凯撒和西里西亚的海盗》,A52
皮亚泽塔,Q282670,创作,《凯撒和西里西亚的海盗》,A52
乔瓦尼·巴蒂斯塔·皮亚泽塔,Q282670,创作,《凯撒和西里西亚的海盗》,A52
彼得罗·安东尼奥·诺维利,Q1718478,创作,《克雷萨恳求埃涅阿斯从特洛伊大火中解救其父亲安基塞斯》,A74
圭多·卡尼亚奇,Q2449649,绘制,《克里奥佩特拉之死》,Q12899375
圭多·卡尼亚奇,Q2449649,创作,《克里奥佩特拉之死》,Q12899375
亚历山德罗·图尔奇,Q507279,创作,《克里奥佩特拉之死》,Q12899375
庞培奥·巴托尼,Q505613,创作,《克利奥佩特拉》,Q124102335
迪特里希,Q536581,创作,《克利奥佩特拉的盛宴》,Q18167078
弗朗西斯科·阿尔加罗蒂,Q439081,委托创作,《克利奥佩特拉的盛宴》,Q18167078
弗朗西斯科·阿尔加罗蒂,Q439081,委托,《克利奥佩特拉的盛宴》,Q18167078
费迪南德大公,Q465178,收藏,《库克肖像》,A405
尼科洛·卡萨纳,Q3341172,创作,《库克肖像》,A405
克雷斯皮,Q528620,创作,《莱托把牧羊人变成青蛙》,A318
朱塞佩·左奇,Q1528741,创作,《老A.M.萨内蒂与侯爵杰里尼》,A2
萨尔瓦多·罗萨,Q359421,绘制,《雷古勒斯之死》,A229
迪特里希,Q536581,绘制,《雷佐尼可的家族婚姻寓言》,A145
迪特里希,Q536581,绘制,《雷佐尼可的家族婚姻寓言》,A145
费迪南德大公,Q465178,收藏,《丽贝卡和艾莉泽》,A402
弗朗切斯科·索利梅纳,Q736065,创作,《丽贝卡和艾莉泽》,A402
费迪南德大公,Q465178,收藏,《利未人》,A251
克里斯托弗·斯托勒,表中无ID,创作,《利未人》,A251
安东尼奥·卡诺瓦,Q5547,创作,《两篮水果和鲜花》,A284
卡尔·罗思,Q670135,复制,《烈士圣彼得》,Q119906345
提齐亚诺·韦切利奥,Q47551,创作,《烈士圣彼得》,Q119906345
尼古拉斯·普桑,Q41554,创作,《灵感来源》,Q3204226
安尼巴莱·卡拉奇,Q7836,创作,《卢克蕾西亚》,Q20529027
托马索·鲁福,Q2661419,收藏,《卢克蕾西亚》,Q20529027
阿米格尼,Q380897,创作,《罗得和他的女儿们》,A338
卡洛·洛斯,Q670135,创作,《罗得和他的女儿们》,A338
西吉斯蒙德·施特赖特,Q90687,收藏,《罗得和他的女儿们》,A338
瓦伦丁,Q1337275,创作,《罗马的预言》,A11
瓦伦丁·德·布洛涅,Q1337275,创作,《罗马的预言》,A11
格里马尼,Q786457,展览,《罗马历史》,A115
圭尔奇诺,Q334262,创作,《罗马人与撒宾人科里奥兰纳斯及其母亲之间的战争》,A275
乔万·弗朗切斯科·罗曼内利,Q2983846,创作,《罗慕路斯与雷穆斯》,A343
罗曼内利,Q2983846,创作,《罗穆卢斯与瑞摩斯》,A407
卡拉瓦乔,Q42207,绘制,《马费奥·巴尔贝里尼》,Q16596970
托马索·鲁福,Q2661419,收藏,《马萨内利亚》,A147
米开朗基罗·塞阔齐,Q979862,创作,《马萨涅洛的叛乱》,A267
彼得罗·达·科尔托纳,Q333323,绘制,《马塞洛·萨凯蒂》,A370
乔瓦尼·巴蒂斯塔·皮亚泽塔,Q282670,绘制,《马歇尔·舒伦伯格》,A362
费迪南德大公,Q465178,收藏,《玛尔叙阿斯的飞翔》,Q67203478
加斯帕尔·如莫尔,Q3098722,收藏,《玛尔叙阿斯的飞翔》,Q67203478
朱塞佩·德·里贝拉,Q297838,创作,《玛尔叙阿斯的飞翔》,Q67203478
安东尼奥·德格里·埃菲蒂,表中无ID,收藏,《迈达斯国王》,A130
卢卡·卡列瓦里斯,Q2704669,绘制,《曼彻斯特勋爵到达威尼斯》,Q98145601
格雷戈里奥·拉扎里尼,Q1384461,创作,《曼森蒂乌斯》,Q110872609
安东尼奥·鲁福,Q88949215,收藏,《盲人荷马》,Q11710021
安东尼奥·鲁福,Q88949215,退回,《盲人荷马》,Q11710021
费迪南德大公,Q465178,收藏,《盲人荷马》,Q11710021
伦勃朗·哈门松·范·莱因,Q5598,创作,《盲人荷马》,Q11710021
贾科莫·博尔戈尼奥内,Q1366347,绘制,《美丽的比利时人》插图,A307
贾科莫·博尔戈尼奥内,Q1366347,创作,《美丽的比利时人》插图,A307
扬·米尔,Q979945,绘制,《美丽的比利时人》插图,A307
扬·米尔,Q979945,创作,《美丽的比利时人》插图,A307
迪特里希,Q536581,绘制,《米西纳斯向奥古斯都展示作品》,Q12123145
迪特里希,Q536581,构思,《米西纳斯向奥古斯都展示作品》,Q12123145
莱奥纳缇,Q5557896,雕刻,《米西纳斯向奥古斯都展示作品》,Q12123145
巴尔达萨雷·弗兰切斯基尼,Q2403504,创作,《名誉带着路易十四的名字登上不朽的圣殿》,A375
多梅尼科·圭迪,Q937081,创作,《名誉将路易十四的荣耀铭刻在时间的臂膀上》,A397
安德里亚·卡马西,Q3615565,创作,《命运三女神》,A96
卡米洛·马西斯米,Q1081443,委托,《摩西变亚伦的杖为蛇》,Q19820177
克雷斯皮,Q528620,创作,《摩西的发现》,A239
托马索·鲁福,Q2661419,委托,《摩西的发现》,A239
安东尼奥·赞奇,Q605785,创作,《摩西击石》,A393
奥塔维奥·凡尼尼,Q3357742,创作,《摩西击石》,A393
费迪南德大公,Q465178,收藏,《摩西击石》,A393
卡米洛·马西斯米,Q1081444,委托,《摩西践踏法老的王冠》,Q125220428
普桑,Q41554,创作,《摩西践踏法老的王冠》,Q125220428
克劳德·洛兰,Q214074,创作,《魔法城堡》,Q19574562
克劳德·洛兰,Q214074,创作,《魔法城堡》,Q19574562
洛伦佐·奥诺弗里奥·科隆纳,Q3837032,委托,《魔法城堡》,Q19574562
费迪南德大公,Q465178,收藏,《抹大拉》,Q12900942
圭多·卡尼亚奇,Q2449649,创作,《抹大拉》,Q12900942
皮尔·弗朗西斯科·莫拉,Q1192715,创作,《莫拉和西莫内利连环画》,A356
尼科洛·西蒙内利,Q97072945,创作,《莫拉和西莫内利连环画》,A356
阿戈斯蒂诺·马苏奇,Q395680,绘制,《莫拉为教皇亚历山大七世绘制肖像》,A152
菲利波·法尔塞蒂,Q16556042,收藏,《墨丘利》,A373
詹博洛尼亚,Q220136,创作,《墨丘利》,A373
马尔坎托尼奥·弗兰切斯基尼,Q2543592,创作,《墨丘利唤醒埃涅阿斯》,A150
迪特里希,Q536581,绘制,《沐浴的拔示巴》,A43
迪特里希,Q536581,创作,《沐浴的戴安娜》,A221
弗朗西斯科·阿尔加罗蒂,Q439081,委托,《沐浴的戴安娜》,A221
乔瓦尼·巴蒂斯塔·蒂耶波洛,Q186202,创作,《沐浴的戴安娜》,A221
皮亚泽塔,Q282670,绘制,《牧歌》,A366
皮亚泽塔,Q282670,创作,《牧歌》,A366
迪特里希,Q536581,绘制,《拿撒勒的圣殿》,Q20185296
罗萨诺公主,结果不唯一,交换,《拿着念珠的圣母子与圣凯瑟琳和多米尼克》,A299
萨索费拉托,Q1345289,绘制,《拿着念珠的圣母子与圣凯瑟琳和多米尼克》,A299
西吉斯蒙德·施特赖特,Q90687,收藏,《拿着烟斗和烟草袋的老人》,A164
朱塞佩·诺加里,Q465422,创作,《拿着烟斗和烟草袋的老人》,A164
罗曼内利,Q2983846,创作,《那喀索斯》,A159
乔万尼·巴蒂斯塔·西马洛里,Q3766629,创作,《尼禄观看塞内卡的尸体》,A163
彼得罗·贝尔尼尼,Q712397,创作,《尼普顿》,A162
菲利波·法尔塞蒂,Q16556042,收藏,《尼普顿》,A162
阿尔坎杰罗·科雷利,Q164475,收藏,《欧罗巴》,A388
塞巴斯蒂亚诺·里奇,Q26878812,创作,《欧罗巴的劫夺》,A389
彼得罗·范·布雷克,Q2079286,绘制,《欧文·麦克斯维尼》,A168
提香,Q47551,创作,《帕尔多的维纳斯》,Q9372007
安东尼奥·德格里·埃菲蒂,表中无ID,收藏,《帕里斯的审判》,A247
费迪南德大公,Q465178,收藏,《潘与绪任克斯》,Q55412120
塞巴斯蒂亚诺·里奇,Q26878812,绘制,《潘与绪任克斯》,Q55412120
塞巴斯蒂亚诺·里奇,Q26878812,创作,《潘与绪任克斯》,Q55412120
佩莱格里尼,Q1358364,描绘,《皮埃尔·莫特克斯家族》,A376
巴尔达萨雷·弗兰切斯基尼,Q2403504,创作,《皮奥瓦诺·阿多托的恶作剧》,A326
巴尔塔萨·佩莫瑟,Q494782,创作,《皮萨尼的神化》,Q23949083
迪特里希,Q536581,绘制,《皮萨尼的神化》,Q23949083
迪特里希,Q536581,绘制,《皮萨尼的神化》,Q23949083
尤金大公,Q152428,设计,《皮萨尼的神化》,Q23949083
迪特里希,Q536581,创作,《皮萨尼家族的荣耀》,A401
皮亚泽塔,Q282670,创作,《皮亚泽塔和他的出版商阿布鲁齐的肖像》,A180
本韦努托·切利尼,表中无ID,创作,《珀尔修斯》,Q126891347
费迪南德大公,Q465178,收藏,《珀尔修斯和仙女座》,A170
吉罗拉莫·杜拉佐,表中无ID,收藏,《珀尔修斯和仙女座》,A170
卢卡·焦尔达诺,Q332494,创作,《珀尔修斯和仙女座》,A170
卡西亚诺·达尔·波佐,Q1048333,委托,《珀琉斯的婚礼》,Q26511045
普桑,Q41554,绘制,《珀琉斯的婚礼》,Q26511045
普桑,Q41554,绘制,《珀琉斯的婚礼》,Q26511045
罗曼内利,Q2983846,创作,《珀琉斯的婚姻》,A255
佩莱格里尼,Q1358364,绘制,《普法尔茨王储的教育寓言》,A13
佩莱格里尼,Q1358364,创作,《普法尔茨王储的教育寓言》,A13
德·罗西,表中无ID,收藏,《普罗米修斯》,Q106777102
萨尔瓦多·罗萨,Q359421,创作,《普罗米修斯》,Q106777102
萨尔瓦多·罗萨,Q359421,绘制,《普罗米修斯》,Q106777102
卡西亚诺·达尔·波佐,Q1048333,委托,《七圣礼》,Q7457394
普桑,Q41554,绘制,《七圣礼》,Q7457394
文森佐·朱斯蒂尼亚尼,Q25206732,购买,《人物和动物的风景》,A391
卡洛·马拉塔,Q538998,绘制,《仁慈的寓言》,A9
卡米洛·马西斯米,Q1081441,委托,《仁慈的寓言》,A9
尼古拉斯·普桑,Q41554,创作,《日耳曼尼库斯之死》,Q20890835
彼得罗·达·科尔托纳,Q333323,绘制,《荣耀的乌尔班八世时代》,Q4731387
彼得罗·达·科尔托纳,Q333323,创作,《荣耀的乌尔班八世时代》,Q4731387
詹南托尼奥·富米亚尼,Q1432600,创作,《撒迦利亚的石刑》,A271
彼得罗·达·科尔托纳,Q333323,创作,《萨宾的劫夺》,A187
彼得罗·达·科尔托纳,Q333323,绘制,《萨宾的劫夺》,A187
乔万·乔瑟福·达尔·索尔,Q961329,创作,《萨宾的劫夺》,A187
圭尔奇诺,Q334262,创作,《塞米勒米斯》,Q97838760
费迪南德大公,Q465178,收藏,《塞内卡之死》,Q3863245
吉罗拉莫·杜拉佐,表中无ID,收藏,《塞内卡之死》,Q3863245
卢卡·焦尔达诺,Q332494,创作,《塞内卡之死》,Q3863245
卢多维科·大卫,Q6698987,创作,《三博士来朝》,A5
弗朗切斯基尼,Q2403504,创作,《三圣母》,A273
弗朗西斯科·玛吉奥多,Q3080993,创作,《三只狗的肖像》,A314
彼得罗·达·科尔托纳,Q333323,绘制,《色诺芬流亡归来后向戴安娜献祭》,Q52302544
彼得罗·达·科尔托纳,Q333323,创作,《色诺芬流亡归来后向戴安娜献祭》,Q52302544
彼得罗·达·科尔托纳,Q333323,创作,《色诺芬流亡归来后向戴安娜献祭》,Q52302544
卡西亚诺·达尔·波佐,Q1048333,委托,《珊瑚礁捕鱼的寓言》,A10
安德里亚·卡马西,Q3615565,创作,《上帝与和缪斯女神一起创造了天使和帕纳塞斯山》,A410
乔凡尼·巴格里昂,Q983332,绘制,《神圣的爱》,Q113753132
乔凡尼·巴格里昂,Q983332,展出,《神圣的爱》,Q113753132
拉斐尔,Q5597,创作,《神圣家族》,Q427390
萨索费拉托,Q1345289,创作,《神圣家族》,Q427390
枢机主教巴尔贝里尼,Q3817341,接受,《神圣家族》,Q427390
安德里亚·萨基,Q495008,创作,《神圣智慧的寓言》,Q111821593
尼古拉斯·普桑,Q41554,创作,《生命之舞》,Q2513438
马泰奥·卡斯泰利,Q1909346,创作,《圣安德肋圣殿教堂中的巴尔贝里尼礼拜堂》,A41
古列尔莫·博尔戈尼奥内,Q1366347,创作,《圣安德鲁的殉难》,A256
卡纳莱托,Q182664,创作,《圣彼得守夜》,A296
西吉斯蒙德·施特赖特,Q90687,收藏,《圣彼得守夜》,A296
高利,Q520573,创作,《圣方济·沙勿略之死》,A321
皮亚泽塔,Q282670,绘制,《圣菲利普·内里和圣母》,A335
提香,Q47551,创作,《圣凯瑟琳与神圣家庭》,Q24249
费迪南德大公,Q465178,收藏,《圣路易吉·贡扎加》,A205
圭多·雷尼,Q109061,创作,《圣路易吉·贡扎加》,A205
马列斯基,Q2501578,绘制,《圣洛克教堂的画展》,A171
巴托洛梅奥修士,Q7780,创作,《圣马可》,A378
费迪南德大公,Q465178,收藏,《圣马可》,A378
卡纳莱托,Q182664,创作,《圣马可之马》,Q1994701
约瑟夫·史密斯,Q476702,收藏,《圣马可之马》,Q1994701
克劳德·洛兰,Q214074,创作,《圣马力内拉》,Q104443853
卡纳莱托,Q182664,创作,《圣玛莎》,Q19660357
西吉斯蒙德·施特赖特,Q90687,收藏,《圣玛莎》,Q19660357
迪特里希,Q536581,绘制,《圣母的教导》,A333
费迪南德大公,Q465178,收藏,《圣母和四个圣徒》,Q24531
科西莫·图拉,Q7129,创作,《圣母怜子》,Q48808515
泰奥多罗·科雷尔,Q2403974,收藏,《圣母怜子》,Q48808515
吉安·安东尼奥·瓜尔迪,Q590969,复制,《圣母玛利亚和圣子并诸圣徒》,Q45910487
皮亚泽塔,Q282670,绘制,《圣母玛利亚祈祷书》插画,A417
萨索费拉托,Q1345289,创作,《圣母玛利亚与圣多米尼加和凯瑟琳》,A379
卡拉瓦乔,Q42207,绘制,《圣母玛利亚之死》,Q597114
卡拉瓦乔,Q42207,创作,《圣母玛利亚之死》,Q597114
皮埃尔·保罗·普吉,Q371979,创作,《圣母升天》,Q117379114
皮亚泽塔,Q282670,创作,《圣母升天》,Q117379114
普桑,Q41554,绘制,《圣母升天》,Q117379114
安德里亚·德尔·萨托,Q5571,创作,《圣母与鸟身女妖》,Q1235695
安德烈亚·德尔·萨尔托,Q5571,创作,《圣母与鸟身女妖》,Q1235695
费迪南德大公,Q465178,收藏,《圣母与鸟身女妖》,Q1235695
萨索费拉托,Q1345289,绘制,《圣母子》,Q18573595
迪特里希,Q536581,创作,《圣女阿格尼斯、罗莎和凯瑟琳》,Q79516336
迪特里希,Q536581,绘制,《圣女阿格尼斯、罗莎和凯瑟琳》,Q79516336
卡帕乔,Q5547,创作,《圣女厄休拉的生活》,A254
彼得罗·贝尔尼尼,Q712397,创作,《圣塞巴斯蒂安》,Q62022439
费迪南德大公,Q465178,收藏,《圣塞巴斯蒂安》,Q62022439
卡洛·马拉塔,Q538998,创作,《圣斯坦尼斯拉斯·科斯特卡》,A354
彼得罗·贝尔尼尼,Q712397,创作,《圣特蕾莎》,Q1333433
普桑,Q41554,绘制,《圣伊拉斯莫的殉难》,Q59542375
文森佐·朱斯蒂尼亚尼,Q25206732,购买,《圣尤斯塔斯打猎》,A203
费迪南德大公,Q465178,收藏,《圣约翰和圣查尔斯·博罗梅奥》,A204
塞巴斯蒂亚诺·里奇,Q26878812,创作,《圣约翰和圣查尔斯·博罗梅奥》,A204
费迪南德大公,Q465178,购买,《圣主显现》,Q21722847
保罗·韦罗内塞,Q9440,创作,《施洗者圣约翰》,Q20087448
拉斐尔,Q5597,创作,《施洗者圣约翰》,Q20087448
西格纳尼,Q239980,创作,《施洗者圣约翰》,Q20087448
泰辛伯爵,Q1038496,购买,《施洗者圣约翰被斩首》,Q18574628
贝尔纳多·贝洛托,Q164688,创作,《十字教堂的废墟》,A453
彼得罗·贝尔尼尼,Q712397,创作,《时间揭示真相》,Q7848306
彼得罗·贝尔尼尼,Q712397,创作,《使徒椅》,Q733893
彼得罗·贝尔尼尼,Q712397,建造,《使徒椅》,Q733893
多梅尼科·赛拉图,Q3712960,创作,《收回河谷草地广场的最初提议》,A166
安德里亚·波佐,Q380103,创作,《手持歌利亚斯头颅的大卫》,A79
马歇尔·舒伦伯格,Q70910,收藏,《手持念珠的乞丐》,A45
皮亚泽塔,Q282670,创作,《手持念珠的乞丐》,A45
多梅尼基诺,Q320118,绘制,《狩猎的戴安娜》,Q26038063
多梅尼基诺,Q320118,创作,《狩猎的戴安娜》,Q26038063
圭尔奇诺,Q334262,绘制,《曙光女神》,Q77923656
迪特里希,Q536581,创作,《四大洲向卡尔·菲利普·冯·格里芬克劳致敬》,A242
乔万尼·巴蒂斯塔·蒂耶波洛,Q186202,创作,《四大洲向卡尔·菲利普·冯·格里芬克劳致敬》,A242
帕姆菲利亲王,Q2935138,影响,《四元素》,A243
巴奇尼利,表中无ID,创作,《苏珊娜》,A211
奥塔维奥·凡尼尼,Q3357742,创作,《苏珊娜和长老们》,A345
费迪南德大公,Q465178,收藏,《苏珊娜和长老们》,A345
费迪南德大公,Q465178,收藏,《所罗门神殿》,Q19897770
弗朗索瓦·德·诺姆,Q1887392,创作,《所罗门神殿》,Q19897770
卡洛·马拉塔,Q538998,创作,《所罗门王》,A395
阿米格尼,Q380897,创作,《所罗门王拔士巴》,A199
西吉斯蒙德·施特赖特,Q90687,收藏,《所罗门王拔士巴》,A199
费迪南德大公,Q465178,收藏,《索菲尼亚和奥灵多》,A317
吉罗拉莫·杜拉佐,表中无ID,收藏,《索菲尼亚和奥灵多》,A317
卢卡·焦尔达诺,Q332494,创作,《索菲尼亚和奥灵多》,A317
彼得罗·贝尔尼尼,Q712397,创作,《台伯河泛滥》,A394
曼弗林,Q16560336,收藏,《探视间》,A262
泰奥多罗·科雷尔,Q2403974,购买,《探视间》,A262
詹·安东尼奥·瓜尔迪,Q590969,创作,《探视间》,A262
埃克塞特勋爵,表中无ID,接受,《逃亡埃及》,A481
费迪南德大公,Q465178,收藏,《逃亡埃及》,A481
卡尔洛·多尔奇,Q503322,创作,《逃亡埃及》,A481
彼得罗·泰斯塔,Q2155480,绘制,《逃往埃及》,Q64538230
卡西亚诺·达尔·波佐,Q1048333,委托,《逃往埃及》,Q64538230
克劳德·洛兰,Q214074,创作,《逃往埃及》,Q64538230
克劳德·洛兰,Q214074,创作,《逃往埃及的风景》,Q75135162
克劳德·洛兰,Q214074,创作,《逃往埃及的风景》,Q75135162
洛伦佐·奥诺弗里奥·科隆纳,Q3837032,委托,《逃往埃及的风景》,Q75135162
罗萨,Q359421,展出,《提图斯》,A280
萨尔瓦多·罗萨,Q359421,绘制,《提图斯》,A280
尼古拉斯·普桑,Q41554,创作,《提图斯皇帝占领耶路撒冷》,Q124039533
马歇尔·舒伦伯格,Q70910,收藏,《提着一篮小鸡的女孩》,A381
皮亚泽塔,Q282670,创作,《提着一篮小鸡的女孩》,A381
奥塔维奥·凡尼尼,Q3357742,创作,《天降吗哪》,A236
费迪南德大公,Q465178,收藏,《天降吗哪》,A236
迪特里希,Q536581,创作,《通往髑髅地之路》,A268
普桑,Q41554,绘制,《屠杀无辜者》,Q104585585
卡洛·多尔奇,Q503322,绘制,《托马斯·贝恩斯爵士》,Q50819037
卡洛·马拉塔,Q538998,描绘,《托马斯·伊舍姆爵士》,Q119782763
多梅尼科·皮奥拉,Q1054362,创作,《瓦尼塔》,A287
斯特兰奇,表中无ID,出版,《威尼斯城中的景观与艺术》,A371
卢卡·卡莱瓦瑞斯,Q2704669,创作,《威尼斯的建筑与景观》,A392
庞培奥·巴托尼,Q505613,绘制,《威尼斯的凯旋》,Q121493619
西吉斯蒙德·施特赖特,Q90687,收藏,《威尼斯的荣耀》,A385
巴托尼,Q505613,创作,《威尼斯的胜利》,Q108759677
巴托尼,Q505613,创作,《威尼斯的胜利》,Q108759677
班比尼,Q1111424,绘制,《威尼斯的胜利》,Q108759677
马可·福斯卡里尼,Q1242215,拥有,《威尼斯的胜利》,Q108759677
曼弗林,Q16560336,收藏,《威尼斯的胜利》,Q108759677
尼科洛·班比尼,Q1111424,绘制,《威尼斯的胜利》,Q108759677
尼科洛·班比尼,Q1111424,绘制,《威尼斯的胜利》,Q108759677
庞培奥·巴托尼,Q505613,绘制,《威尼斯的胜利》,Q108759677
尼科洛·班比尼,Q1111424,创作,《威尼斯的寓言》,A14
尼科洛·班比尼,Q1111424,绘制,《威尼斯的寓言》,A14
弗朗切斯基尼,Q2403504,创作,《维纳斯》,Q29941417
迭戈·委拉斯贵支,Q297,创作,《维纳斯的梳妆》,Q275349
费迪南德大公,Q465178,收藏,《维纳斯和阿穆尔》,A480
卢卡·焦尔达诺,Q332494,创作,《维纳斯和阿穆尔》,A480
塞巴斯蒂亚诺·里奇,Q26878812,创作,《维纳斯与阿多尼斯》,Q4245125
费迪南德大公,Q465178,收藏,《伟大的古代神庙》,A111
弗朗索瓦·诺米,Q1887392,创作,《伟大的古代神庙》,A111
弗朗索瓦·德·诺姆,Q1887392,创作,《伟大的古代神庙》,A111
多梅尼基诺,Q320118,创作,《无所不能的爱的力量》,A469
克劳德·洛兰,Q214074,创作,《舞蹈的乡村风景》,A139
迪特里希,Q536581,绘制,《西庇阿的节制》,Q64800013
费迪南德大公,Q465178,收藏,《西布莉将婴儿朱庇特交给柯利班人喂养》,A246
朱塞佩·玛丽亚·克雷斯皮,Q528620,创作,《西布莉将婴儿朱庇特交给柯利班人喂养》,A246
朱塞佩·玛丽亚·克雷斯皮,Q528620,绘制,《西布莉将朱比特交给科律班忒斯喂养》,A348
费迪南德大公,Q465178,收藏,《西西拉之死》,A249
费迪南德大公,Q465178,购买,《希伯来女人穿越红海后的歌唱》,A352
彼得·保罗·鲁本斯,Q5599,绘制,《希律王的筵席》,Q27955591
彼得·保罗·鲁本斯,Q5599,创作,《希律王的筵席》,Q27955591
费迪南德大公,Q465178,收藏,《希律王的筵席》,Q27955591
加斯帕尔·如莫尔,Q3098722,收藏,《希律王的筵席》,Q27955591
威廉·卡文迪许,Q2697139,委托,《洗礼》,A465
安东内洛·达·墨西拿,Q5594,创作,《下十字架》,Q2500226
费迪南德大公,Q465178,收藏,《下十字架》,Q2500226
拉斐尔,Q5597,创作,《下十字架》,Q2500226
卢多维科·齐戈利,Q928350,创作,《下十字架》,Q2500226
泰奥多罗·科雷尔,Q2403974,收藏,《下十字架》,Q2500226
多纳托·克雷蒂,Q2340302,创作,《仙女之舞》,A364
托马索·鲁福,Q2661419,收藏,《仙女之舞》,A364
塞巴斯蒂亚诺·里奇,Q26878812,创作,《贤士的朝拜》,Q28027599
卡纳莱托,Q182664,创作,《献给扉页的蚀刻版画》,A86
卡纳莱托,Q182664,刻画,《献给扉页的蚀刻版画》,A86
迪特里希,Q536581,绘制,《信仰的胜利》,A283
迪特里希,Q536581,绘制,《信仰的胜利》,A283
迪特里希,Q536581,绘制,《信仰的胜利》,A283
费迪南德大公,Q465178,收藏,《雅各布和丽贝卡》,Q120884420
弗朗切斯科·索利梅纳,Q736065,创作,《雅各布和丽贝卡》,Q120884420
波马兰齐奥,Q382762,创作,《雅各与天使》,A122
安德里亚·波佐,Q380103,创作,《雅亿钉死西塞拉》,A325
卡拉瓦乔,Q42207,创作,《亚伯拉罕的献祭》,A192
伦勃朗·哈门松·范·莱恩,Q5598,创作,《亚里士多德思考荷马的半身像》,Q2404992
安东尼奥·鲁福,Q88949215,收藏,《亚历山大大帝》,Q3610098
费迪南德大公,Q465178,收藏,《亚历山大大帝》,Q3610098
伦勃朗·哈门松·范·莱因,Q5598,创作,《亚历山大大帝》,Q3610098
乔万尼·巴蒂斯塔·西马洛里,Q3766629,创作,《亚历山大大帝》,Q3610098
彼得罗·达·科尔托纳,Q333323,创作,《演奏耶稣受难曲的天使与圣菲利普的狂喜》,A26
吉安·安东尼奥·瓜尔迪,Q590969,复制,《耶稣的诞生》,Q28031832
卢多维科·大卫,Q6698987,创作,《耶稣降生》,A258
塞巴斯蒂亚诺·里奇,Q26878812,创作,《耶稣升天》,Q119950356
乔瓦尼·巴蒂斯塔·高利,Q520573,创作,《耶稣之名的胜利》,Q106777211
乔瓦尼·巴蒂斯塔·高利,Q520573,绘制,《耶稣之名的胜利》,Q106777211
A.D.加比亚尼,Q1083096,绘制,《一群乐师》,Q124218016
贾科莫·瓜拉纳,Q3805882,创作,《伊菲革涅亚的牺牲》,A324
安德里亚·拉扎里尼,Q3106991,创作,《以阿基米德之死夺取锡拉丘兹》,A224
弗朗西斯科·阿尔加罗蒂,Q439081,收藏,《以阿基米德之死夺取锡拉丘兹》,A224
阿米格尼,Q380897,创作,《以撒的献祭》,A269
西吉斯蒙德·施特赖特,Q90687,收藏,《以撒的献祭》,A269
吉奥·玛丽亚·博塔利亚,Q10289899,创作,《以扫和雅各的会面》,A149
迪特里希,Q536581,绘制,《艺术的胜利》,A282
米开朗基罗·塞阔齐,Q979862,绘制,《艺术家和他的朋友们》,A215
米开朗基罗·塞阔齐,Q979862,描绘,《艺术家和他的朋友们》,A215
维米尔,Q41264,创作,《音乐课》,Q2336984
约瑟夫·史密斯,Q476702,购买,《音乐课》,Q2336984
约瑟夫·史密斯,Q476702,收藏,《音乐课》,Q2336984
保罗·德·马蒂斯,Q1851224,创作,《隐士》,A411
戈尔多尼,Q165534,创作,《英格尔莱斯的伊尔·费罗索弗》,Q60854085
约瑟夫·史密斯,Q476702,收藏,《英格尔莱斯的伊尔·费罗索弗》,Q60854085
卡米洛·马西斯米,Q1081445,委托,《英仙座海岸风景与珊瑚的起源》,Q125396571
克劳德·洛兰,Q214074,绘制,《英仙座海岸风景与珊瑚的起源》,Q125396571
安德里亚·卡马西,Q3615565,创作,《英雄向不朽神殿前进》,A114
安德里亚·波佐,Q380103,创作,《用颚骨杀死千人的参孙》,A342
米开朗基罗·塞阔齐,Q979862,绘制,《浴女》,A222
枢机主教奇吉,Q368700,委托,《浴女》,A222
彼得罗·泰斯塔,Q2155480,绘制,《约瑟被他的兄弟出卖》,A126
乔凡尼·多美尼科·蒂耶波洛,Q435316,绘制,《约斯特里亚》,A434
费德里科·巴罗奇,Q316731,创作,《在圣殿中展示耶稣》,A313
迪特里希,Q536581,绘制,《在亚历山大面前的大流士家族》,A349
费迪南德大公,Q465178,收藏,《长颈圣母》,Q867403
帕尔米贾尼诺,Q9348,创作,《长颈圣母》,Q867403
凡·戴克,Q150679,创作,《长老与苏珊娜》,Q29871346
费迪南德大公,Q465178,收藏,《长老与苏珊娜》,Q29871346
迪特里希,Q536581,绘制,《正在研习玫瑰经的圣道明》,A202
贾科莫·阿米戈尼,Q380897,绘制,《朱比特和艾奥》,Q119637439
柯勒乔,Q8457,创作,《朱庇特和安提俄珀》,Q1133114
克雷斯皮,Q528620,创作,《朱庇特和他的随从》,A323
西格纳尼,Q239980,创作,《朱庇特吸血》,A127
安德里亚·波佐,Q380103,创作,《朱迪思斩首荷罗孚尼》,Q27980482
费迪南德大公,Q465178,收藏,《朱迪思斩首荷罗孚尼》,Q27980482
弗兰切斯科·索利梅纳,Q736065,创作,《朱迪思斩首荷罗孚尼》,Q27980482
吉罗拉莫·杜拉佐,表中无ID,收藏,《朱迪思斩首荷罗孚尼》,Q27980482
迪特里希,Q536581,绘制,《主教圣约翰的殉教》,Q48809220
盖伊,Q321660,创作,《走出浴场的维纳斯》,A291
威廉·卡文迪许,Q2697139,委托,《最后的晚餐》,Q105496497
里贝拉,Q297838,绘制,《醉酒的西勒诺斯》,Q17652393
费迪南德大公,Q465178,收藏,《醉酒的西勒诺斯》,Q17652393
加斯帕尔·如莫尔,Q3098722,收藏,《醉酒的西勒诺斯》,Q17652393
朱塞佩·德·里贝拉,Q297838,创作,《醉酒的西勒诺斯》,Q17652393
弗朗切斯科·佩鲁奇,Q27507162,创作,《尊贵的托斯卡纳费迪南德王子》肖像,重复
恩斯特·贡布里希,Q78504,出生,1909年,Q78504
恩斯特·贡布里希,Q78504,去世,2001年,Q78504
老安东·玛丽亚·扎内蒂,Q944948,通信,A.F.戈里,表中无ID
约瑟夫·史密斯,Q476702,结识,A.F.戈里,表中无ID
弗朗西斯科·加布里,Q3339580,通信,A.M.扎内蒂,Q944948
马歇尔·舒伦伯格,Q70910,认识,G.A.莫斯基尼,Q5558181
亚历山德罗·隆吉,Q1855242,绘制,G.M.萨索,表中无ID
西吉斯蒙德·施特赖特,Q90687,认识,彼得·罗尔拉赫,Q107603224
安东尼奥·玛丽亚·扎内蒂,Q944948,朋友,P·J·马里埃特,Q322341
弗朗西斯科·阿尔加罗蒂,Q439081,通信,P·J·马里埃特,Q322341
约瑟夫·史密斯,Q476702,认识,W.G.康斯太勃尔,Q159297
约瑟夫·史密斯,Q476702,认识,W.H.夏洛纳,Q55998317
弗朗西斯科·阿尔加罗蒂,Q439081,通信,阿巴特·奥尔特斯,Q545098
安德里亚·梅莫,Q1052776,邀请,阿巴特·塞拉托,Q3712960
安吉洛·奎里尼,Q536447,委托,阿巴特·塞拉托,Q3712960
弗朗西斯科·阿尔加罗蒂,Q439081,通信,阿巴特·斯卡塞利,Q54854824
费迪南德大公,Q465178,支持,阿波斯托罗·芝诺,Q349507
约瑟夫·史密斯,Q476702,认识,阿波斯托罗·芝诺,Q349507
约瑟夫·史密斯,Q476702,结识,阿波斯托罗·芝诺,Q349507
费迪南德·玛丽亚,Q60438,结婚,阿德莱德·恩里凯塔,Q2825471
约翰·威廉选帝侯,Q64266,邀请,阿德里安·范德维尔夫,Q368053
安德里亚·萨基,Q495008,通信,乔瓦尼·弗朗切斯科·阿尔巴尼,Q129967
安德里亚·萨基,Q495008,师从,乔瓦尼·弗朗切斯科·阿尔巴尼,Q129967
安东尼奥·玛丽亚·扎内蒂,Q944948,出版,阿尔莫罗·阿尔布里兹,Q5454
罗伯特·亚当,结果不唯一,委托,阿尔莫罗·阿尔布里兹,Q5454
吉安·彼得罗·贝洛里,Q714400,赞赏,阿尔加迪,Q336798
卡西亚诺·达尔·波佐,Q1048333,赞助,阿尔加迪,Q336798
马扎林,Q166056,招募,阿尔加迪,Q336798
安德里亚·梅莫,Q1052776,资助,弗朗西斯科·阿尔加罗蒂,Q439081
安吉洛·奎里尼,Q536447,资助,弗朗西斯科·阿尔加罗蒂,Q439081
迪特里希,Q536581,合作,弗朗西斯科·阿尔加罗蒂,Q439081
菲利波·法尔塞蒂,Q16556042,资助,弗朗西斯科·阿尔加罗蒂,Q439081
弗朗切斯科·扎诺蒂,Q2739963,通信,弗朗西斯科·阿尔加罗蒂,Q439081
乔瓦尼·达·波佐,Q59630707,研究,弗朗西斯科·阿尔加罗蒂,Q439081
朱塞佩·扎伊斯,Q579698,受雇,阿尔莫罗·皮萨尼,表中无ID
弗朗西斯科·阿尔加罗蒂,Q439081,评价,阿法里埃洛,Q527738
阿尔布里兹,Q21748854,雇佣,阿费桑德罗·隆吉,Q1855242
阿德莱德·恩里凯塔,Q2825471,雇用,阿戈斯蒂诺·巴雷里,Q395578
法比奥·奇吉,Q127254,继承,阿戈斯蒂诺·奇吉,Q395635
乌尔班八世,Q131579,委托,阿戈斯蒂诺·恰姆佩里,Q1061864
乌尔班八世,Q131579,委托,阿戈斯蒂诺·恰姆佩里,Q1061864
乔治·威廉,Q166675,雇用,阿里吉尼,Q5565332
西克斯图斯五世,Q133350,任命,阿里桑德罗·佩雷蒂蒙塔尔托,Q82659
西吉斯蒙德·施特赖特,Q90687,委托,阿米戈尼,Q380897
西吉斯蒙德·施特赖特,Q90687,委托,阿米格尼,Q380897
费迪南德大公,Q465178,资助,阿尼洛·法尔科内,Q546528
克塞特勋爵五世,Q15989977,委托,焦阿基诺·阿塞雷托,Q2701986
安吉洛·奎里尼,Q536447,纪念,阿佐利诺·埃斯特侯爵,Q188346
弗朗西斯科·阿尔加罗蒂,Q439081,推荐,埃德姆·布沙东,Q2340642
费迪南德大公,Q465178,资助,埃尔科尔·格拉齐亚尼,Q5385225
费迪南德大公,Q465178,赞助,埃尔科尔·格拉齐亚尼,Q5385225
费迪南德大公,Q465178,资助,埃尔科莱·普罗卡奇尼,Q2846401
马扎林,Q166056,雇用,埃尔皮迪奥·贝内德蒂,Q60628565
马扎林,Q166056,委托,埃弗雷德·贾巴赫,Q103934
弗朗西斯科·阿尔加罗蒂,Q439081,委托,埃可·莱利,Q3056021
弗兰西斯·哈斯克尔,Q320477,感谢,埃利斯·沃特豪斯,Q3051533
约瑟夫·史密斯,Q476702,认识,埃塞克斯勋爵,Q378043
乔万尼·玛利亚·萨索,Q56007029,联系,艾伦·屋大维·休谟,Q455438
安东尼奥·孔蒂,Q2087202,拜访,艾萨克·牛顿,Q935
安东尼奥·孔蒂,Q2087202,结识,艾萨克·牛顿,Q935
约瑟夫·史密斯,Q476702,认识,艾萨克·牛顿,Q935
约瑟夫·史密斯,Q476702,认识,爱德华·克罗夫特·默里,Q20876083
安吉洛·奎里尼,Q536447,纪念,爱德华·杨,Q507699
安吉洛·奎里尼,Q536447,纪念,爱德华·杨,Q507699
弗兰西斯·哈斯克尔,Q320477,感谢,安·萨瑟兰·哈里斯,Q18934849
卡西亚诺·达尔·波佐,Q1048333,合作,安布罗吉奥·马森塔,Q3766382
亨利四世,Q936976,雇用,安布罗斯·杜布瓦,Q2415583
贾辛托·布兰迪,Q1748199,雇用,安德里亚·奥蒂尼,表中无ID
保罗·焦尔达诺,Q519364,赞助,安德里亚·波德斯塔,Q4755099
彼得罗·达·科尔托纳,Q333323,影响,安德里亚·波佐,Q380103
蒂尔索·冈萨雷斯,Q646701,任命,安德里亚·波佐,Q380103
吉安·保罗·奥利瓦,Q1229189,推荐,安德里亚·波佐,Q380103
吉安·保罗·奥利瓦,Q1229189,雇用,安德里亚·波佐,Q380103
吉安·保罗·奥利瓦,Q1229189,召回,安德里亚·波佐,Q380103
卡洛·马拉塔,Q538998,评价,安德里亚·波佐,Q380103
塔代奥·巴尔贝里尼,Q3817341,雇佣,安德里亚·卡马西,Q3615565
弗朗西斯科·阿尔加罗蒂,Q439081,委托,安德里亚·拉扎里尼,Q3106991
安东尼奥·卡诺瓦,Q5547,认识,安德里亚·梅莫,Q1052776
安东尼奥·维森蒂尼,Q605690,影响,安德里亚·梅莫,Q1052776
安吉洛·奎里尼,Q536447,认识,安德里亚·梅莫,Q1052776
安吉洛·奎里尼,Q536447,帮助,安德里亚·梅莫,Q1052776
保罗·雷尼尔,Q663054,认识,安德里亚·梅莫,Q1052776
彼得罗·扎古里,Q3903649,辩论,安德里亚·梅莫,Q1052776
丹尼尔·法尔塞蒂,Q55227681,认识,安德里亚·梅莫,Q1052776
多米尼科·维万特·德农,Q468618,认识,安德里亚·梅莫,Q1052776
菲利波·法尔塞蒂,Q16556042,认识,安德里亚·梅莫,Q1052776
弗朗切斯科·皮拉内西,Q336028,认识,安德里亚·梅莫,Q1052776
吉罗拉莫·阿斯卡尼奥·朱斯蒂尼亚尼,Q91013224,结交,安德里亚·梅莫,Q1052776
吉罗拉莫·费斯塔里,Q55227570,陪同,安德里亚·梅莫,Q1052776
吉罗拉莫·费斯塔里,Q55227570,认识,安德里亚·梅莫,Q1052776
卡洛·雷佐尼科,Q133121,认识,安德里亚·梅莫,Q1052776
卡洛·洛多利,Q601642,教导,安德里亚·梅莫,Q1052776
卡洛·洛多利,Q601642,影响,安德里亚·梅莫,Q1052776
卡洛·洛多利,Q601642,师从,安德里亚·梅莫,Q1052776
卡洛·洛多利,Q601642,结识,安德里亚·梅莫,Q1052776
卡洛·洛多利,Q601642,影响,安德里亚·梅莫,Q1052776
卡洛·洛多利,Q601642,指导,安德里亚·梅莫,Q1052776
罗森伯格伯爵,表中无ID,认识,安德里亚·梅莫,Q1052776
卡洛·洛多利,Q601642,启发,安德里亚·梅莫,Q1052776
汤马索·朱塞佩,Q53564852,认识,安德里亚·梅莫,Q1052776
约瑟夫·史密斯,Q476702,朋友,安德里亚·梅莫,Q1052776
约瑟夫·史密斯,Q476702,结识,安德里亚·梅莫,Q1052776
朱斯蒂尼亚娜·温妮,Q466860,认识,安德里亚·梅莫,Q1052776
安东尼奥·巴尔贝里尼,Q599744,支持,安德里亚·萨基,Q495008
安东尼奥·巴尔贝里尼,Q599744,雇佣,安德里亚·萨基,Q495008
安东尼奥·巴尔贝里尼,Q599744,雇用,安德里亚·萨基,Q495008
弗朗西斯科·巴尔贝里尼,Q2662344,赞助,安德里亚·萨基,Q495008
卡洛·马拉塔,Q538998,师从,安德里亚·萨基,Q495008
卡西亚诺·达尔·波佐,Q1048333,赞助,安德里亚·萨基,Q495008
枢机主教德尔·蒙特,Q140106,支持,安德里亚·萨基,Q495008
乌尔班八世,Q131579,委托,安德里亚·萨基,Q495008
卡特琳娜·多芬,Q3663500,情妇,安德里亚·特隆,Q110224729
卡西亚诺·达尔·波佐,Q1048333,赞助,安德烈·波德斯塔,Q3766406
洛多维科·弗内莱托,Q106498283,雇佣,安德烈·布鲁斯托隆,Q3615560
费迪南德大公,Q465178,资助,安德烈亚·波佐,Q380103
费迪南德大公,Q465178,支持,安德烈亚·杰里尼侯爵,Q44635166
弗朗西斯科·巴尔贝里尼,Q2662344,赞助,安德烈亚·卡马塞伊,Q3615565
西吉斯蒙德·施特赖特,Q90687,认识,安德烈亚·梅莫,Q1052776
弗朗西斯科·阿尔加罗蒂,Q439081,欣赏,安德烈亚·帕拉迪奥,Q177692
安·萨瑟兰·哈里斯,Q18934849,研究,安德烈亚·萨基,Q495008
安东尼奥·巴尔贝里尼,Q599744,赞助,安德烈亚·萨基,Q495008
弗朗西斯科·巴尔贝里尼,Q2662344,赞助,安德烈亚·萨基,Q495008
斯福尔扎·帕拉维奇诺,Q1618919,启发,安德烈亚·萨基,Q495008
马可·里奇,Q930162,效力,安德鲁·方丹,Q4756994
佩莱格里尼,Q1358364,效力,安德鲁·方丹,Q4756994
约瑟夫·史密斯,Q476702,认识,安东尼·布朗特,表中无ID
乌尔班八世,Q131579,提拔,安东尼奥·巴贝里尼,Q599744
弗朗切斯科·莫罗西尼,Q34481,驱逐,安东尼奥·巴尔巴罗,Q711845
弗朗切斯科·巴尔贝里尼,Q2662344,兄弟,安东尼奥·巴尔贝里尼,Q599744
乌尔班八世,Q131579,叔叔,安东尼奥·巴尔贝里尼,Q599744
乌尔班八世,Q131579,任命,安东尼奥·巴尔贝里尼,Q599744
费迪南德大公,Q465178,委托,安东尼奥·巴莱斯特拉,Q386500
费迪南德大公,Q465178,赞助,安东尼奥·巴莱斯特拉,Q386500
约翰·威廉选帝侯,Q64266,委托,安东尼奥·巴莱斯特拉,Q386500
约翰·威廉选帝侯,Q64266,邀请,安东尼奥·巴勒斯特拉,Q386500
卡米洛·帕姆菲利,Q2935138,雇佣,安东尼奥·德尔·格兰德,Q3619519
卡米洛·帕姆菲利亲王,Q2935138,雇用,安东尼奥·德尔·格兰德,Q3619519
格哈德·埃瓦尔德,Q53628961,研究,安东尼奥·多梅尼科·加比亚尼,Q1083096
费迪南德大公,Q465178,赞助,安东尼奥·多梅尼克·加比亚尼,Q1083096
费迪南德大公,Q465178,派遣,安东尼奥·多梅尼克·加比亚尼,Q1083096
费迪南德大公,Q465178,聘请,安东尼奥·弗兰奇,Q602053
费迪南德大公,Q465178,委托,安东尼奥·弗兰奇,Q602053
安德里亚·梅莫,Q1052776,认识,安东尼奥·卡诺瓦,Q5547
安吉洛·奎里尼,Q536447,委托,安东尼奥·卡诺瓦,Q5547
菲利波·法尔塞蒂,Q16556042,影响,安东尼奥·卡诺瓦,Q5547
安东尼奥·卡诺瓦,Q5547,委托,安东尼奥·卡佩罗,Q15731838
乔凡尼·法拉利,Q3767219,委托,安东尼奥·卡佩罗,Q15731838
弗朗西斯科·阿尔加罗蒂,Q439081,效仿,安东尼奥·康蒂,Q2087202
弗朗西斯科·阿尔加罗蒂,Q439081,认识,安东尼奥·孔蒂,Q2087202
伊萨克·牛顿,Q935,影响,安东尼奥·孔蒂,Q2087202
马斯西米,Q3297734,委托,安东尼奥·玛丽亚·安东纳齐,Q3619823
卡尔·古斯塔夫·泰辛,Q1038496,委托,安东尼奥·玛丽亚·扎内蒂,Q944948
罗萨尔巴·卡列拉,Q237726,学习,安东尼奥·玛丽亚·扎内蒂,Q944948
唐·彼得罗·安东尼奥·托尼,Q2374666,代理,安东尼奥·玛丽亚·扎内蒂,Q944948
卡尔·古斯塔夫·泰辛,Q1038496,委托,安东尼奥·玛丽亚·扎内蒂(老),Q944948
摄政王,Q155596,委托,安东尼奥·玛丽亚·扎内蒂(老),Q944948
唐·彼得罗·安东尼奥·托尼,Q2374666,担任,安东尼奥·玛丽亚·扎内蒂(老)代理,Q944948
吉罗拉莫·扎内蒂,Q27478552,兄弟,安东尼奥·玛利亚·扎内蒂,Q944948
约瑟夫·史密斯,Q476702,认识,安东尼奥·玛利亚·扎内蒂,Q944948
约瑟夫·史密斯,Q476702,结识,安东尼奥·玛利亚·扎内蒂,Q944948
爱德华·克罗夫特·默里,Q20876083,研究,安东尼奥·维瑞奥,Q2305594
安妮女王,Q151209,授予,安东尼奥·维瑞奥,Q2305594
查尔斯二世,Q122553,聘用,安东尼奥·维瑞奥,Q2305594
克塞特勋爵五世,Q15989977,雇用,安东尼奥·维瑞奥,Q2305594
威廉三世,Q129987,雇用,安东尼奥·维瑞奥,Q2305594
马歇尔·舒伦伯格,Q70910,认识,安东尼奥·维森蒂尼,Q605690
约瑟夫·史密斯,Q476702,委托,安东尼奥·维森蒂尼,Q605690
费迪南德大公,Q465178,委托,安东尼奥·赞奇,Q605785
弗拉米尼奥·科墨,Q3746370,委托,安格利,Q378182
弗拉米尼奥·科纳,Q3746370,雇用,安格利,Q378182
皮亚泽塔,Q282670,影响,安格利,Q378182
马歇尔·舒伦伯格,Q70910,认识,安吉丽卡·格里,表中无ID
安德里亚·梅莫,Q1052776,影响,安吉洛·奎里尼,Q536447
安东尼奥·卡诺瓦,Q5547,认识,安吉洛·奎里尼,Q536447
丹尼尔·法尔塞蒂,Q55227681,认识,安吉洛·奎里尼,Q536447
多米尼科·维万特·德农,Q468618,朋友,安吉洛·奎里尼,Q536447
多米尼科·维万特·德农,Q468618,结识,安吉洛·奎里尼,Q536447
菲利波·法尔塞蒂,Q16556042,认识,安吉洛·奎里尼,Q536447
弗朗切斯科·米格里里,Q5479459,协助,安吉洛·奎里尼,Q536447
弗朗切斯科·皮拉内西,Q336028,认识,安吉洛·奎里尼,Q536447
伏尔泰,Q9068,接待,安吉洛·奎里尼,Q536447
格洛斯特公爵夫人,Q446919,拜访,安吉洛·奎里尼,Q536447
吉罗拉莫·费斯塔里,Q55227570,旅行,安吉洛·奎里尼,Q536447
贾科莫·卡萨诺瓦,Q83321,认识,安吉洛·奎里尼,Q536447
卡洛·雷佐尼科,Q133121,认识,安吉洛·奎里尼,Q536447
卡洛·洛多利,Q601642,教导,安吉洛·奎里尼,Q536447
卡洛·洛多利,Q601642,结识,安吉洛·奎里尼,Q536447
卡洛·洛多利,Q601642,影响,安吉洛·奎里尼,Q536447
罗森伯格伯爵,表中无ID,认识,安吉洛·奎里尼,Q536447
卡洛·洛多利,Q601642,启发,安吉洛·奎里尼,Q536447
马可·福斯卡里尼,Q1242215,逮捕,安吉洛·奎里尼,Q536447
汤马索·朱塞佩,Q53564852,认识,安吉洛·奎里尼,Q536447
唐·文森佐·拉迪基奥,表中无ID,秘书,安吉洛·奎里尼,Q536447
温克尔曼,Q57280,影响,安吉洛·奎里尼,Q536447
雅各布·莫雷利,Q3791431,协助,安吉洛·奎里尼,Q536447
伊西多罗·比安奇,Q3155339,协助,安吉洛·奎里尼,Q536447
朱斯蒂尼亚娜·温妮,Q466860,敬佩,安吉洛·奎里尼,Q536447
朱斯蒂尼亚娜·温妮,Q466860,结识,安吉洛·奎里尼,Q536447
詹巴蒂斯塔·帕斯夸里,表中无ID,朋友,安吉洛·奎利尼,Q536447
马歇尔·舒伦伯格,Q70910,雇佣,安吉洛·特莱维萨尼,Q536726
乌尔班八世,Q131579,任命,安吉洛·朱里,Q536015
弗朗西斯科·阿尔加罗蒂,Q439081,认识,安纳玛丽亚·加布瑞利,表中无ID
塔代奥·巴尔贝里尼,Q3817341,结婚,安娜·科隆纳,Q4766932
吉安·彼得罗·贝洛里,Q714400,研究,安尼巴尔·卡拉奇,Q7824
彼得罗·泰斯塔,Q2155480,学习,安尼巴莱·卡拉奇,表中无ID
弗朗西斯科·阿尔加罗蒂,Q439081,赞赏,安尼巴莱·卡拉奇,Q7824
乔瓦尼·博塔里,Q3107196,研究,安尼巴莱·卡拉奇,Q7824
萨索费拉托,Q1345289,模仿,安尼巴莱·卡拉奇,Q7824
乌尔班八世,Q131579,赞助,安尼巴莱·卡拉奇,Q7824
弗朗西斯科·阿尔加罗蒂,Q439081,认识,安托尼奥·马利亚·扎内蒂,Q944948
保罗·焦尔达诺,Q519364,赞助,安托尼奥·玛丽亚·安东纳齐,Q3619823
皮埃尔·克罗泽特,Q2007354,赞助,安托万·华托,Q183221
西吉斯蒙德·施特赖特,Q90687,委托,安托万·佩斯内,Q203758
西吉斯蒙德·施特赖特,Q90687,认识,安托万·佩斯内,Q203758
贾科莫·德拉·莱纳,表中无ID,通信,奥尔特斯,表中无ID
奥古斯都三世,Q53438,继承,奥古斯都二世,Q982011
加斯帕雷·迪齐亚尼,Q744250,效力,奥古斯都二世,Q982011
贝尔纳多·贝洛托,Q164688,效力,奥古斯都三世,Q53438
彼得罗·安东尼奥·罗塔里,Q1361950,效力,奥古斯都三世,Q53438
费利西塔·萨托里,Q33743656,效力,奥古斯都三世,Q53438
弗朗西斯科·阿尔加罗蒂,Q439081,服务,奥古斯都三世,Q53438
弗朗西斯科·阿尔加罗蒂,Q439081,效力,奥古斯都三世,Q53438
洛伦佐·罗西,表中无ID,代理,奥古斯都三世,Q53438
文图拉·罗西,表中无ID,代理,奥古斯都三世,Q53438
白金汉公爵,Q2736244,欢迎,奥拉齐奥·简提列斯基,Q367360
查尔斯一世,Q3044,雇用,奥拉齐奥·简提列斯基,Q367360
马尔凯塞·朱斯蒂尼亚尼,Q1396468,赞助,奥拉齐奥·真蒂莱斯基,Q367360
弗朗西斯科·阿尔加罗蒂,Q439081,认识,奥雷里奥·乐佩,Q16262732
查尔斯·德·诺耶尔,Q657169,继任,奥利瓦,Q1229189
路易十四,Q7742,宠爱,奥利瓦雷斯伯爵,Q371833
约瑟夫·史密斯,Q476702,认识,奥斯瓦尔德·塞壬,Q733791
费迪南德大公,Q465178,委托,奥塔维奥·科基,Q98686978
卡西亚诺·达尔·波佐,Q1048333,收藏,奥塔维奥·莱奥尼,Q389768
弗拉·加尔加利奥,Q1440305,拒绝,奥托博尼,Q101294
弗朗西斯科·索利梅纳,Q736065,拒绝,奥托博尼,Q101294
亚历山大八世,Q101294,叔叔,奥托博尼,Q101294
吉罗拉莫·曼弗林,Q16560336,雇用,巴蒂斯塔·明加迪,Q16853801
奥托内利神父,Q98852567,说服,巴尔贝里尼,Q2662344
奥托内利神父,Q98852567,影响,巴尔贝里尼,Q2662344
彼得罗·达·科尔托纳,Q333323,师从,巴尔贝里尼,不确定人名
乌尔班八世,Q131579,任命,巴尔贝里尼,Q2662344
路易吉·斯特罗齐,Q3840187,委托,巴尔达萨雷·弗兰切斯基尼,Q2403504
路易十四,Q7742,委托,巴尔达萨雷·弗兰切斯基尼,Q2403504
路易十四,Q7742,雇用,巴尔达萨雷·弗兰切斯基尼,Q2403504
让·巴蒂斯特·科尔伯特,Q188971,委托,巴尔达萨雷·弗兰切斯基尼,Q2403504
萨沃伊尤金大公,Q610738,委托,巴尔塔萨·佩莫瑟,Q494782
费迪南德大公,Q465178,妻子,巴伐利亚维奥兰特·贝亚特丽切,Q68736
费迪南德大公,Q465178,结婚,巴伐利亚维奥兰特公主,Q68736
弗朗西斯科·阿尔加罗蒂,Q439081,评价,巴莱斯特拉,Q386500
乌尔班八世,Q131579,委托,巴乔·恰尔皮,Q5608903
吉安·彼得罗·贝洛里,Q714400,谴责,巴萨诺·迪·苏特里,表中无ID
马菲奥·皮内利,Q56006855,收藏,巴萨诺·迪·苏特里,表中无ID
安德里亚·梅莫,Q1052776,评论,巴托罗梅奥·纳扎里,Q465240
马歇尔·舒伦伯格,Q70910,委托,巴托罗梅奥·纳扎里,Q465240
马歇尔·舒伦伯格,Q70910,认识,巴托罗梅奥·纳扎里,Q465240
弗朗西斯科·阿尔加罗蒂,Q439081,仰慕,巴托洛梅奥修士,Q7780
弗朗西斯科·阿尔加罗蒂,Q439081,评价,巴托尼,Q505613
简提列斯基,Q367360,绘制,白金汉公爵,Q2736244
唐·切萨雷·莱奥帕尔迪·多西莫,表中无ID,委托,柏林·格西,Q2897287
莱昂·帕斯科利,Q1101774,评论,班博乔安蒂风格作品,表中无人名
教皇西克斯图斯五世,Q133350,授予,邦蒂尼·贝里尼,Q290407
腓特烈三世,Q58600,授予,邦蒂尼帕拉蒂尼,Q290407
达恩伯爵,Q93365,聘用,保罗·德·马蒂斯,Q1851224
杜德埃斯特里斯,表中无ID,引荐,保罗·德·马蒂斯,Q1851224
克塞特勋爵五世,Q15989977,委托,保罗·德·马蒂斯,Q1851224
沙夫茨伯里三世,Q333294,委托,保罗·德·马蒂斯,Q1851224
沙夫茨伯里三世,Q333294,指导,保罗·德·马蒂斯,Q1851224
弗兰西斯·哈斯克尔,Q320477,引用,保罗·吉罗拉莫·皮奥拉,Q3894101
马尔切斯·尼科洛·玛丽亚·帕拉维奇尼,Q105105120,邀请,保罗·吉罗拉莫·皮奥拉,Q3894101
马尔切斯·尼科洛·玛丽亚·帕拉维奇尼,Q105105120,委托,保罗·吉罗拉莫·皮奥拉,Q3894101
乔凡尼·阿达莫,Q581481,委托,保罗·吉罗拉莫·皮奥拉,Q3894101
布克哈特,Q3166189,评论,保罗·焦尔达诺,Q21640069
西蒙·沃特,Q317920,创作,保罗·焦尔达诺,Q21640069
朱利奥·德拉·格雷卡,表中无ID,制作,保罗·焦尔达诺,Q21640069
奥塔维奥·莱奥尼,Q389768,描绘,保罗·焦尔达诺·奥尔西尼,Q21640069
安吉洛·奎里尼,Q536447,密友,保罗·雷尼尔,Q663054
安吉洛·奎里尼,Q536447,拒绝,保罗·雷尼尔,Q663054
安吉洛·奎里尼,Q536447,友好,保罗·雷尼尔,Q663054
安吉洛·奎里尼,Q536447,结交,保罗·雷尼尔,Q663054
弗朗西斯科·阿尔加罗蒂,Q439081,通信,保罗·玛丽亚·帕乔迪,Q3362645
弗朗西斯科·阿尔加罗蒂,Q439081,赞赏,保罗·委罗内塞,Q9440
卡米洛·博尔盖塞,Q132711,继承,保罗五世,Q132711
弗朗西斯科·阿尔加罗蒂,Q439081,推荐,贝恩哈德·罗德,Q465314
弗拉维奥·奇吉,Q368700,委托,贝尔纳迪诺·梅,Q472391
埃克塞特勋爵,表中无ID,委托,贝尔纳多·阿塞雷托,Q437724（不确定）
奥古斯都三世,Q53438,雇用,贝尔纳多·贝洛托,Q164688
奥古斯都三世,Q53438,任命,贝尔纳多·贝洛托,Q164688
斯坦尼斯拉斯·波尼亚托夫斯基,Q54019,说服,贝尔纳多·贝洛托,Q164688
斯坦尼斯拉斯·波尼亚托夫斯基,Q54019,雇佣,贝尔纳多·贝洛托,Q164688
斯坦尼斯拉斯·波尼亚托夫斯基,Q54019,邀请,贝尔纳多·贝洛托,Q164688
吉安·保罗·奥利瓦,Q1229189,朋友,贝尔尼尼,Q160538
克莱门特九世,Q155961,赞助,贝尔尼尼,Q712397
乌尔班八世,Q131579,任命,贝尔尼尼,Q712397
白金汉公爵,Q2736244,雇佣,贝鲁奇,Q302062
约翰·谢菲尔德,Q2736244,雇用,贝鲁奇,Q302062
詹姆斯·布莱吉斯,Q333238,雇用,贝鲁奇,Q302062
詹姆斯·布莱吉斯,Q333238,雇佣,贝鲁奇,Q302062
安东尼奥·德格里·埃菲蒂,表中无ID,委托,贝纳迪诺·加格里亚迪,Q4893845
弗兰西斯·哈斯克尔,Q320477,悼念,本·尼科尔森,Q320152
詹姆斯二世,Q126188,雇用,本尼迪托·吉纳里,Q580482
弗朗西斯科·阿尔加罗蒂,Q439081,欣赏,本韦努托·切利尼,Q190116
费德里科·巴罗奇,Q316731,影响,彼得·保罗·鲁本斯,Q5599
贾科莫·塞拉,Q3105094,推荐,彼得·保罗·鲁本斯,Q5599
卡拉瓦乔,Q42207,影响,彼得·保罗·鲁本斯,Q5599
枢机主教巴罗尼奥,Q317900,指导,彼得·保罗·鲁本斯,Q5599
利奥波德·威廉大公,Q437295,雇用,彼得·德拉·维琪亚,Q1529806
马尔凯塞·朱斯蒂尼亚尼,Q1396468,赞助,彼得·范·拉尔,Q576907
弗兰西斯·哈斯克尔,Q320477,感谢,彼得·卡尔沃科恩西,Q1364666
约瑟夫·史密斯,Q476702,认识,彼得罗·埃尔科勒·盖拉尔迪,Q55228133
吉罗拉莫·曼弗林,Q16560336,雇用,彼得罗·爱德华兹,Q3903848
吉罗拉莫·曼弗林,Q16560336,写信,彼得罗·爱德华兹,Q3903848
阿尔布里兹,Q21748854,雇佣,彼得罗·安东尼奥·诺韦利,Q1718478
唐·彼得罗·安东尼奥·托尼,Q2374666,顾问,彼得罗·安东尼奥·诺维利,Q1718478
唐·彼得罗·安东尼奥·托尼,Q2374666,赞助,彼得罗·安东尼奥·诺维利,Q1718478
唐·彼得罗·安东尼奥·托尼,Q2374666,指导,彼得罗·安东尼奥·诺维利,Q1718478
詹巴蒂斯塔·帕斯夸里,表中无ID,雇佣,彼得罗·安东尼奥·诺维利,Q1718478
阿方索·杰苏阿尔多,Q1373399,聘请,彼得罗·保罗·奥利维耶里,Q19569719
阿伦德尔勋爵,Q3784947,委托,彼得罗·贝尔尼尼,Q712397
安吉洛·朱里,Q536015,监督,彼得罗·贝尔尼尼,Q712397
保罗·焦尔达诺,Q519364,赞助,彼得罗·贝尔尼尼,Q712397
彼得罗·达·科尔托纳,Q333323,影响,彼得罗·贝尔尼尼,Q712397
查尔斯一世,Q3044,请求,彼得罗·贝尔尼尼,Q712397
多梅尼科·贝尔尼尼,Q2338440,儿子,彼得罗·贝尔尼尼,Q712397
费迪南多,Q714792,邀请,彼得罗·贝尔尼尼,Q712397
费兰特·卡洛,Q98111606,憎恨,彼得罗·贝尔尼尼,Q712397
弗朗切斯科·博罗米尼,Q123150,协助,彼得罗·贝尔尼尼,Q712397
弗朗西斯科·阿尔加罗蒂,Q439081,评价,彼得罗·贝尔尼尼,Q1111180
弗朗西斯科·巴尔贝里尼,Q2662344,委托,彼得罗·贝尔尼尼,Q712397
吉安·保罗·奥利瓦,Q1229189,友好,彼得罗·贝尔尼尼,Q712397
吉安·保罗·奥利瓦,Q1229189,影响,彼得罗·贝尔尼尼,Q712397
卡米洛·帕姆菲利,Q2935138,赞助,彼得罗·贝尔尼尼,Q712397
卡米洛·帕姆菲利亲王,Q2935138,支持,彼得罗·贝尔尼尼,Q712397
卡西亚诺·达尔·波佐,Q1048333,收藏,彼得罗·贝尔尼尼,Q712397
克莱门特九世,Q155961,赞助,彼得罗·贝尔尼尼,Q712397
克莱门特九世,Q155961,委托,彼得罗·贝尔尼尼,Q712397
黎塞留,Q26702,请求,彼得罗·贝尔尼尼,Q712397
路易十四,Q7742,委托,彼得罗·贝尔尼尼,Q712397
路易十四,Q7742,支持,彼得罗·贝尔尼尼,Q712397
路易十四,Q7742,邀请,彼得罗·贝尔尼尼,Q712397
路易十四,Q7742,邀请,彼得罗·贝尔尼尼,Q712397
马蒂亚·德·罗西,Q2395202,继任,彼得罗·贝尔尼尼,Q712397
马蒂亚·德·罗西,Q2395202,协助,彼得罗·贝尔尼尼,Q712397
马蒂亚·德·罗西,Q2395202,助手,彼得罗·贝尔尼尼,Q712397
米格尔·德·莫利诺斯,Q969234,影响,彼得罗·贝尔尼尼,Q712397
尼古拉斯·斯通,Q1985010,记录,彼得罗·贝尔尼尼,Q712397
欧文·拉文,Q19753933,研究,彼得罗·贝尔尼尼,Q712397
让·巴蒂斯特·科尔伯特,Q188971,反对,彼得罗·贝尔尼尼,Q712397
枢机主教巴尔贝里尼,Q3817341,协助,彼得罗·贝尔尼尼,Q712397
枢机主教贝拉明,Q298664,委托,彼得罗·贝尔尼尼,Q712397
枢机主教希皮奥内·鲍格才,Q452570,委托,彼得罗·贝尔尼尼,Q712397
乌尔班八世,Q131579,委托,彼得罗·贝尔尼尼,Q712397
乌尔班八世,Q131579,委托,彼得罗·贝尔尼尼,Q712397
乌尔班八世,Q131579,留住,彼得罗·贝尔尼尼,Q712397
乌尔班八世,Q131579,支持,彼得罗·贝尔尼尼,Q712397
乌尔班八世,Q131579,赞助,彼得罗·贝尔尼尼,Q712397
乌尔班八世,Q131579,赞助,彼得罗·贝尔尼尼,Q712397
乌尔班八世,Q131579,委托,彼得罗·贝尔尼尼,Q712397
乌尔班八世,Q131579,授权,彼得罗·贝尔尼尼,Q712397
乌尔班八世,Q131579,禁止,彼得罗·贝尔尼尼,Q712397
乌尔班八世,Q131579,支持,彼得罗·贝尔尼尼,Q712397
希皮奥内·鲍格才,Q452570,委托,彼得罗·贝尔尼尼,Q712397
亚历山大七世,Q127254,召见,彼得罗·贝尔尼尼,Q712397
亚历山大七世,Q127254,命令,彼得罗·贝尔尼尼,Q712397
亚历山大七世,Q127254,赞助,彼得罗·贝尔尼尼,Q712397
因诺森特十世,Q101266,赞助,彼得罗·贝尔尼尼,Q712397
查尔斯二世,Q122553,雇用,彼得罗·贝洛蒂,Q1111180
安东尼奥·德格里·埃菲蒂,表中无ID,委托,彼得罗·达·科尔托纳,Q333323
安东尼奥·德格里·埃菲蒂,表中无ID,委托,彼得罗·达·科尔托纳,Q333323
奥多梅尼焦·莱洛诺蒂·达·法纳诺,表中无ID,合作,彼得罗·达·科尔托纳,Q333323
奥托内利,Q98852567,合著,彼得罗·达·科尔托纳,Q333323
奥托内利神父,Q98852567,合作,彼得罗·达·科尔托纳,Q333323
布里蒂奥·普内内蒂,表中无ID,合作,彼得罗·达·科尔托纳,Q333323
费迪南德大公,Q465178,雇用,彼得罗·达·科尔托纳,Q333323
费迪南德大公,Q465178,赞助,彼得罗·达·科尔托纳,Q333323
弗兰西斯·哈斯克尔,Q320477,比较,彼得罗·达·科尔托纳,Q333323
弗朗切斯科·巴尔贝里尼,Q2662344,赞助,彼得罗·达·科尔托纳,Q333323
弗朗切斯科·巴尔贝里尼,Q2662344,推荐,彼得罗·达·科尔托纳,Q333323
弗朗切斯科·巴尔贝里尼,Q2662344,支持,彼得罗·达·科尔托纳,Q333323
弗朗西斯科·巴尔贝里尼,Q2662344,赞助,彼得罗·达·科尔托纳,Q333323
吉安·彼得罗·贝洛里,Q714400,批评,彼得罗·达·科尔托纳,Q333323
卡西亚诺·达尔·波佐,Q1048333,赞助,彼得罗·达·科尔托纳,Q333323
马塞洛·萨凯蒂,Q6087600,邀请,彼得罗·达·科尔托纳,Q333323
马塞洛·萨凯蒂,Q6087600,雇佣,彼得罗·达·科尔托纳,Q333323
马塞洛·萨凯蒂,Q6087600,推荐,彼得罗·达·科尔托纳,Q333323
马塞洛·萨凯蒂,Q6087600,赞助,彼得罗·达·科尔托纳,Q333323
马塞洛·萨凯蒂,Q6087600,委托,彼得罗·达·科尔托纳,Q333323
萨尔瓦多·罗萨,Q359421,交好,彼得罗·达·科尔托纳,Q333323
萨尔瓦多·罗萨,Q359421,认识,彼得罗·达·科尔托纳,Q333323
马塞洛·萨凯蒂,Q6087600,邀请,彼得罗·达·科尔托纳,Q333323
乌尔班八世,Q131579,赞助,彼得罗·达·科尔托纳,Q333323
乌尔班八世,Q131579,赞助,彼得罗·达·科尔托纳,Q333323
乌尔班八世,Q131579,委托,彼得罗·达·科尔托纳,Q333323
乌尔班八世,Q131579,支持,彼得罗·达·科尔托纳,Q333323
雅克·库尔图瓦,Q1366347,认识,彼得罗·达·科尔托纳,Q333323
亚历山大七世,Q127254,委托,彼得罗·达·科尔托纳,Q333323
亚历山大七世,Q127254,赞助,彼得罗·达·科尔托纳,Q333323
因诺森特十世,Q101266,委托,彼得罗·达·科尔托纳,Q333323
马菲奥·皮内利,Q56006855,收藏,彼得罗·德拉·维琪亚,Q1529806
乔瓦尼·维安内洛,表中无ID,喜爱,彼得罗·德拉·维琪亚,Q1529806
教皇克莱门特十一世,Q129967,雇佣,彼得罗·迪·彼得里,Q3903654
费迪南德大公,Q465178,委托,彼得罗·弗兰卡维利亚,Q1367872
弗朗西斯·波多尼,Q13408027,女婿,彼得罗·弗兰卡维利亚,Q1367872
奥古斯都三世,Q53438,雇用,彼得罗·瓜里恩蒂,Q3388136
奥古斯都三世,Q53438,委托,彼得罗·瓜里恩蒂,Q3388136
费迪南德大公,Q465178,委托,彼得罗·利贝里,Q979467
埃克塞特勋爵,表中无ID,委托,彼得罗·利比里,Q979467
利奥波德一世,Q150494,委托,彼得罗·利比里,Q979467
玛丽·德·美第奇,Q182021,雇用,彼得罗·利比里,Q3904001
埃尔玛劳·保莱蒂,Q3619549,记录,彼得罗·隆吉,Q447058
戈尔多尼,Q165534,赞扬,彼得罗·隆吉,Q447058
加斯帕罗·高兹,Q1232503,评论,彼得罗·隆吉,Q447058
加斯帕罗·高兹,Q1232505,比较,彼得罗·隆吉,Q447058
亚历山德罗·隆吉,Q1855242,继承,彼得罗·隆吉,Q447058
亚历山德罗·隆吉,Q1855242,儿子,彼得罗·隆吉,Q447058
费迪南德大公,Q465178,委托,彼得罗·马尼,表中无ID
保罗·焦尔达诺,Q519364,赞助,彼得罗·穆里尔,Q666337
卡米洛·马西斯米,Q1081422,委托,彼得罗·桑托·巴托利,Q1106798
卡西亚诺·达尔·波佐,Q1048333,赞助,彼得罗·泰斯塔,Q2155480
西蒙内利,Q97072945,借钱,彼得罗·泰斯塔,Q2155480
乔凡尼·彼得罗·利加里奥,Q3904001,通信,彼得罗·维斯康蒂,Q127230626
安德里亚·梅莫,Q1052776,辩论,彼得罗·扎古里,Q3903649
安吉洛·奎里尼,Q536447,辩论,彼得罗·扎古里,Q3903649
马斯西米,Q1081418,委托,波德斯塔,Q4755099
奥古斯都二世,Q53437,成为,波兰国王,Q53437
奥古斯都三世,Q53438,成为,波兰国王,Q53437
斯坦尼斯拉斯·波尼亚托夫斯基,Q54019,成为,波兰国王,Q53437
马歇尔·舒伦伯格,Q70910,认识,波利克塞娜,Q750236
克里斯托弗罗·朗卡利,Q1091136,创作,波马兰齐奥,Q382762
枢机主教巴罗尼奥,Q317900,庇护,波美拉西奥,Q382762
奥利瓦,Q1229189,任命,波佐,Q380103
蒂尔索·冈萨雷斯,Q646701,授权,波佐,Q380103
马蒂亚·德·罗西,Q2395202,协助,波佐,Q380103
萨沃伊公爵,Q610738,召回,波佐,Q380103
弗朗西斯科·阿尔加罗蒂,Q439081,咨询,伯灵顿勋爵,Q555723（不确定）
约瑟夫·史密斯,Q476702,认识,伯灵顿勋爵,Q555723（不确定）
马歇尔·舒伦伯格,Q70910,委托,伯托斯,Q1440918
约书亚·阻止太阳,Q194402,启发,博尔戈尼奥内,Q1366347
教皇因诺森特十世,Q101266,否决,博罗米尼,Q123150
枢机主教塞瓦,Q3080894,委托,博罗米尼,Q123150
维吉里奥·斯帕达,Q52154035,雇用,博罗米尼,Q123150
弗朗西斯科·阿尔加罗蒂,Q439081,兄弟,博诺莫,表中无ID
弗朗西斯科·阿尔加罗蒂,Q439081,评价,博若米尼,Q123150
詹姆斯·布莱吉斯,Q333238,雇用,布加迪,Q18576264
加布里埃尔·诺德,Q710176,合作,布克哈特,Q3166189
西吉斯蒙德·施特赖特,Q90687,认识,布鲁诺·布鲁内利·博内蒂,Q59524453
费迪南德大公,Q465178,委托,布鲁撒索斯,Q2297219
弗兰西斯·哈斯克尔,Q320477,感谢,布鲁斯·鲍彻,Q83135337
弗朗西斯科·阿尔加罗蒂,Q439081,推荐,布沙东,Q2340642
弗朗西斯科·阿尔加罗蒂,Q439081,评价,布歇,Q180932
泰辛伯爵,Q1038496,赞助,布歇,Q180932
约瑟夫·史密斯,Q476702,认识,查尔斯·德·布罗塞斯,Q725718
塞巴斯蒂亚诺·里奇,Q26878812,结识,查尔斯·德·拉·福斯,Q1066580
弗朗西斯科·阿尔加罗蒂,Q439081,认识,查尔斯·罗伯特·莱斯利,表中无ID
弗朗西斯科·阿尔加罗蒂,Q439081,认识,查尔斯·尼萨德,Q1065647
卡洛·奇尼亚尼,Q239980,拒绝,查尔斯一世,Q3044
马歇尔·舒伦伯格,Q70910,共同作战,查理十二世,Q52934
弗朗西斯科·阿尔加罗蒂,Q439081,赠画,查塔姆第一伯爵,Q208663
卡西亚诺·达尔·波佐,Q1048333,收藏,达·芬奇,Q762
汤马索·朱塞佩·法尔塞蒂,Q53564852,兄长,丹尼尔·法尔塞蒂,Q55227681
弗兰西斯·哈斯克尔,Q320477,感谢,丹尼斯·马洪,Q3705445
乔万尼·玛利亚·萨索,Q56007029,联系,道格拉斯侯爵,Q336657
奇吉,Q368700,资助,德·菲奥里,Q1227379
罗萨,Q359421,争吵,德·罗西,表中无ID
卡拉瓦乔,Q42207,结识,德尔·蒙特,Q140106
路易吉·斯佩扎费罗,Q19754023,研究,德尔·蒙特,Q140106
马斯西米,Q3297734,委托,德格里·埃菲托,表中无ID
卡西亚诺,Q1048333,赞助,德克斯诺伊,Q960381
因诺琴佐,表中无ID,兄弟,贾科莫·德拉·莱纳,表中无ID
尤西比奥,Q104804972,兄弟,贾科莫·德拉·莱纳,表中无ID
乔尔乔内,Q8459,影响,德拉·维琪亚,Q1529806
安东尼奥·孔蒂,Q2087202,翻译,德莱顿,Q213355
彼得罗·安东尼奥·罗塔里,Q1361950,访问,德累斯顿,Q95937
弗朗西斯科·阿尔加罗蒂,Q439081,认识,狄德罗,Q448
比亚苏蒂,Q104690120,研究,迪奥尼西奥·多尔芬,Q3708533
弗朗西斯科·阿尔加罗蒂,Q439081,委托,迪特里希,Q536581
弗兰西斯·哈斯克尔,Q320477,悼念,蒂姆·芒比,Q3607762
安东尼奥·玛丽亚·扎内蒂(老),Q944948,影响,乔瓦尼·多梅尼科·蒂耶波洛,Q435316
贝尔加莫总督,Q2553051,委托,乔瓦尼·多梅尼科·蒂耶波洛,Q435316
丁托列托,Q9319,影响,乔瓦尼·多梅尼科·蒂耶波洛,Q435316
弗朗切斯科·阿尔加罗蒂,Q439081,委托,乔瓦尼·多梅尼科·蒂耶波洛,Q435316
弗朗切斯科·阿尔加罗蒂,Q439081,赞赏,乔瓦尼·多梅尼科·蒂耶波洛,Q435316
弗朗西斯科·阿尔加罗蒂,Q439081,委托,乔瓦尼·多梅尼科·蒂耶波洛,Q435316
弗朗西斯科·阿尔加罗蒂,Q439081,委托,乔瓦尼·多梅尼科·蒂耶波洛,Q435316
弗朗西斯科·阿尔加罗蒂,Q439081,委托,乔瓦尼·多梅尼科·蒂耶波洛,Q435316
弗朗西斯科·阿尔加罗蒂,Q439081,批评,乔瓦尼·多梅尼科·蒂耶波洛,Q435316
弗朗西斯科·阿尔加罗蒂,Q439081,赞赏,乔瓦尼·多梅尼科·蒂耶波洛,Q435316
弗朗西斯科·阿尔加罗蒂,Q439081,建议,乔瓦尼·多梅尼科·蒂耶波洛,Q435316
弗朗西斯科·阿尔加罗蒂,Q439081,委托,乔瓦尼·多梅尼科·蒂耶波洛,Q435316
吉安·多梅尼科·蒂耶波洛,Q435316,协助,乔瓦尼·多梅尼科·蒂耶波洛,Q435316
加斯帕罗·高兹,Q1232504,比较,乔瓦尼·多梅尼科·蒂耶波洛,Q435316
加斯帕罗·高兹,Q1232512,赞扬,乔瓦尼·多梅尼科·蒂耶波洛,Q435316
贾科莫·瓜拉纳,Q3805882,学习,乔瓦尼·多梅尼科·蒂耶波洛,Q435316
卡洛·科德利纳,表中无ID,委托,乔瓦尼·多梅尼科·蒂耶波洛,Q435316
卡纳莱托,Q182664,认识,乔瓦尼·多梅尼科·蒂耶波洛,Q435316
科钦,Q2408093,欣赏,乔瓦尼·多梅尼科·蒂耶波洛,Q435316
克莱门斯·奥古斯特,Q215086,委托,乔瓦尼·多梅尼科·蒂耶波洛,Q435316
莱昂纳多·瓦尔马拉纳,表中无ID,委托,乔瓦尼·多梅尼科·蒂耶波洛,Q435316
卢修斯·阿纳纽斯·弗洛鲁斯,Q316483,影响,乔瓦尼·多梅尼科·蒂耶波洛,Q435316
鲁本斯,Q5599,影响,乔瓦尼·多梅尼科·蒂耶波洛,Q435316
路易十四,Q7742,雇用,乔瓦尼·多梅尼科·蒂耶波洛,Q435316
马菲奥·皮内利,Q56006855,收藏,乔瓦尼·多梅尼科·蒂耶波洛,Q435316
委罗内塞,Q9440,影响,乔瓦尼·多梅尼科·蒂耶波洛,Q435316
委罗内塞,Q9440,影响,乔瓦尼·多梅尼科·蒂耶波洛,Q435316
朱斯蒂诺·瓦尔马拉纳,Q32904856,委托,乔瓦尼·多梅尼科·蒂耶波洛,Q435316
阿马德奥·斯瓦杰,表中无ID,委托,乔瓦尼·多梅尼科·蒂耶波洛,Q435316
阿马德奥·斯瓦杰,表中无ID,委托,乔瓦尼·巴蒂斯塔·蒂耶波洛,Q186202
菲利普四世,Q691402,委托,迭戈·委拉斯贵支,Q297
卡米洛·马西斯米,Q1081424,委托,迭戈·委拉斯贵支,Q297
约瑟夫·史密斯,Q476702,认识,杜伯卡奇夫人,Q2850913
亨利四世,Q936976,雇用,杜桑·杜布瑞尔,Q386127
彼得罗·泰斯塔,Q2155480,学习,多梅尼基诺,Q320118
吉安·彼得罗·贝洛里,Q714400,认识,多梅尼基诺,Q320118
卡拉布里安·弗朗切斯科·科扎,Q1133464,师从,多梅尼基诺,Q320118
卢多维科,不确定人名,雇佣,多梅尼基诺,Q320118
卢多维科,不确定人名,任命,多梅尼基诺,Q320118
蒙特利伯爵,Q3845070,雇用,多梅尼基诺,Q320118
萨索费拉托,Q1345289,师从,多梅尼基诺,Q320118
枢机主教鲍格才,Q452570,雇佣,多梅尼基诺,Q320118
乌尔班八世,Q131579,委托,多梅尼基诺,Q320118
马尔凯塞·朱斯蒂尼亚尼,Q1396468,赞助,多梅尼科·费蒂,Q551695
沙夫茨伯里三世,Q333294,委托,多梅尼科·圭迪,Q937081
弗兰西斯·哈斯克尔,Q320477,引用,多梅尼科·马丽亚·维亚尼,Q5290110
枢机主教阿尔巴尼,Q129967,邀请,多梅尼科·马丽亚·维亚尼,Q5290110
枢机主教德·德阿达,Q968920,邀请,多梅尼科·马丽亚·维亚尼,Q5290110
枢机主教德·德阿达,Q968920,委托,多梅尼科·马丽亚·维亚尼,Q5290110
枢机主教戈扎迪尼,Q1173048,邀请,多梅尼科·马丽亚·维亚尼,Q5290110
麦克斯威尼,Q5102690,委托,多梅尼科·玛丽亚·弗拉塔,Q5290109
麦克斯威尼,Q5102690,聘请,多梅尼科·玛丽亚·弗拉塔,Q5290109
"海军上将""佩克姆堡""",Q332634,委托,多梅尼科·帕罗迪,Q16853938
埃克塞特勋爵,表中无ID,委托,多梅尼科·皮奥拉,Q1054362
克塞特勋爵五世,Q15989977,委托,多梅尼科·皮奥拉,Q1054362
萨尔瓦多·罗萨,Q359421,交好,多梅尼科·维奥拉,Q3034775
萨尔瓦多·罗萨,Q359421,认识,多梅尼科·维奥拉,Q3034775
弗朗西斯科·阿尔加罗蒂,Q439081,赞赏,多梅尼科·赞皮耶里,Q320118
卢多维科·卢多维西,Q707750,保护,多梅尼科·赞皮耶里,Q320118
枢机主教卢多维西,Q707750,支持,多梅尼科·赞皮耶里,Q320118
安吉洛·奎里尼,Q536447,委托,多米尼科·维万特·德农,Q468618
安吉洛·奎里尼,Q536447,友好,多米尼科·维万特·德农,Q468618
安吉洛·奎里尼,Q536447,结交,多米尼科·维万特·德农,Q468618
麦克斯威尼,Q5102690,邀请,多纳托·克雷蒂,Q2340302
麦克斯威尼,Q5102690,委托,多纳托·克雷蒂,Q2340302
欧文·麦克斯维尼,Q5102690,委托,多纳托·克雷蒂,Q2340302
弗朗西斯科·阿尔加罗蒂,Q439081,评价,多纳托·克里,Q2340302
弗朗西斯科·阿尔加罗蒂,Q439081,委托,多纳托·克里蒂,Q2340302
麦克斯·伊曼纽尔,Q318091,委托,恩里科·祖卡利,Q124421
卡洛·洛多利,Q601642,启发,法尔塞蒂,不确定人名
约瑟夫·史密斯,Q476702,认识,法西奥拉蒂,Q3157640
查尔斯一世,Q3044,雇用,凡·戴克,Q150679
枢机主教本蒂沃利奥,Q1364155,委托,凡·戴克,Q150679
贝纳迪诺·洛尔卡,表中无ID,崇拜,范·拉尔,Q576907
唐·费迪南多·阿凡·德·里贝拉,Q1762520,赞助,范·拉尔,Q576907
马歇尔·舒伦伯格,Q70910,认识,范·穆尔,Q956812
马歇尔·舒伦伯格,Q70910,委托,范·穆尔,Q956812
约瑟夫·史密斯,Q476702,认识,范布勒,Q333398
安东尼奥·卡诺瓦,Q5547,学习,菲利波·法尔塞蒂,Q16556042
安东尼奥·卡诺瓦,Q5547,师从,菲利波·法尔塞蒂,Q16556042
保罗·雷尼尔,Q663054,认识,菲利波·法尔塞蒂,Q16556042
丹尼尔·法尔塞蒂,Q55227681,继承,菲利波·法尔塞蒂,Q16556042
卡洛·雷佐尼科,Q133121,协助,菲利波·法尔塞蒂,Q16556042
卡洛·洛多利,Q601642,教导,菲利波·法尔塞蒂,Q16556042
卡洛·洛多利,Q601642,影响,菲利波·法尔塞蒂,Q16556042
朱斯蒂尼亚娜·温妮,Q466860,认识,菲利波·法尔塞蒂,Q16556042
佩莱格里诺·佩里,表中无ID,谴责,菲利波·劳里,Q3071902
托马斯·伊舍姆爵士,Q16848721,委托,菲利波·劳里,Q3071902
保罗·焦尔达诺,Q519364,赞助,菲利波·纳波利塔诺,Q601644
卡洛·丰塔纳,Q704356,影响,菲利波·朱瓦拉,Q85000
皮埃特罗·奥托博尼,Q101294,雇佣,菲利波·朱瓦拉,Q85000
维克多·阿玛迪斯二世,Q209579,任命,菲利波·朱瓦拉,Q85000
弗朗西斯科·阿尔加罗蒂,Q439081,不及,菲利普·奥尔良公爵,Q155596
格里高利十五世,Q132692,册封,菲利普·内里,Q217791
卡米洛·马西斯米,Q1081426,拒绝,菲利普四世,Q691402
利奥波德一世皇帝,Q150494,聘请,菲舍尔·冯·埃拉赫,Q84305
西吉斯蒙德·施特赖特,Q90687,认识,腓特烈大帝,Q33550
费迪南德大公,Q465178,委托,费德里科·塞维里,Q1747554
卡西亚诺·达尔·波佐,Q1048333,继承,费德里科·塞西,Q322023
阿德莱德·恩里凯塔,Q2825471,结婚,费迪南德·玛丽亚,Q60438
菲利普·奥尔良公爵,Q155596,不及,费迪南德大公,Q465178
玛丽·德·美第奇,Q182021,侄女,费迪南德大公,Q465178
皮埃尔·克罗泽特,Q2007354,不及,费迪南德大公,Q465178
朱利奥·马扎林,Q166056,侄子,费迪南德大公,Q465178
马尔科姆·坎贝尔,Q56102557,研究,费迪南德二世大公,Q68868116
马歇尔·舒伦伯格,Q70910,认识,费迪南多·卡洛·贡萨加,Q714792
枢机主教鲍格才,Q452570,雇佣,费兰特·卡洛,Q98111606
枢机主教桑德拉托,Q2518867,雇佣,费兰特·卡洛,Q98111606
唐·法布里齐奥·瓦尔瓜内拉,表中无ID,拜访,费兰特·卡洛,Q98111606
拉扎罗·里维埃拉,表中无ID,委托,费利斯·博斯卡拉蒂,Q5441673
拉扎罗·里维埃拉,表中无ID,委托,费利斯·博斯卡拉蒂,Q5441673
乔治·皮萨尼,表中无ID,委托,费利斯·博斯卡拉蒂,Q5441673
乔治·皮萨尼,表中无ID,雇用,费利斯·博斯卡拉蒂,Q5441673
乔治·皮萨尼,表中无ID,委托,费利斯·博斯卡拉蒂,Q5441673
乔治·皮萨尼,表中无ID,任命,费利斯·博斯卡拉蒂,Q5441673
托马斯·J·麦考密克,Q7791105,研究,费利斯·博斯卡拉蒂,Q5441673
安东尼奥·孔蒂,Q2087202,结识,丰特内勒,Q310309
皮埃特罗·奥托博尼,Q101294,委托,弗拉·加尔加利奥,Q1440305
贾科莫·卡萨诺瓦,Q83321,评价,弗拉米尼奥·科墨,Q3746370
马可·皮特利,Q5563901,刻画,弗拉米尼奥·科纳,Q3746370
教皇亚历山大七世,表中无ID,叔叔,弗拉维奥·奇吉,Q368700
费迪南德大公,Q465178,赞助,弗兰切斯科·索利梅纳,Q736065
埃利斯·沃特豪斯,Q3051533,批评,弗兰西斯·哈斯克尔,Q320477
安东尼·布伦特,表中无ID,讨论,弗兰西斯·哈斯克尔,Q320477
本尼迪克特·尼科尔森,表中无ID,指导,弗兰西斯·哈斯克尔,Q320477
恩佐·克雷亚,表中无ID,协助,弗兰西斯·哈斯克尔,Q320477
佛朗哥·文图里,表中无ID,协助,弗兰西斯·哈斯克尔,Q320477
吉安弗兰科·托切兰,Q85836470,协助,弗兰西斯·哈斯克尔,Q320477
加埃塔诺·科齐,Q13380449,协助,弗兰西斯·哈斯克尔,Q320477
迈克尔·莱维,Q532695,讨论,弗兰西斯·哈斯克尔,Q320477
尼古拉斯·佩夫斯纳,Q61682,启发,弗兰西斯·哈斯克尔,Q320477
诺拉·斯莫尔伍德夫人,Q7050230,支持,弗兰西斯·哈斯克尔,Q320477
修·昂纳,Q3787443,评论,弗兰西斯·哈斯克尔,Q320477
亚历山德罗·贝塔格诺,Q59527613,协助,弗兰西斯·哈斯克尔,Q320477
亚历山德罗·马拉博蒂尼·马拉博蒂,Q19753755,陪同,弗兰西斯·哈斯克尔,Q320477
亚历山德罗·马拉博蒂尼·马拉博蒂,Q19753755,款待,弗兰西斯·哈斯克尔,Q320477
弗兰西斯科·马鲁切利,Q3750256,委托,弗兰西斯科·马鲁切利,Q3750256
克里斯蒂娜女王,Q52937,委托,弗兰西斯科·索利梅纳,Q736065
马歇尔·舒伦伯格,Q70910,认识,弗兰西斯科·西蒙尼尼,Q3081094
马歇尔·舒伦伯格,Q70910,认识,弗朗切斯科·阿尔加罗蒂,Q439081
安吉洛·奎里尼,Q536447,委托,弗朗切斯科·安德烈西,表中无ID
卡西亚诺·达尔·波佐,Q1048333,赞助,弗朗切斯科·安杰洛尼,Q1102576
卡西亚诺·达尔·波佐,Q1048333,陪同,弗朗切斯科·巴尔贝里尼,Q2662344
路易十三,Q737533,赠送,弗朗切斯科·巴尔贝里尼,Q2662344
乌尔班八世,Q131579,委派,弗朗切斯科·巴尔贝里尼,Q2662344
乌尔班八世,Q131579,委派,弗朗切斯科·巴尔贝里尼,Q2662344
乌尔班八世,Q131579,叔叔,弗朗切斯科·巴尔贝里尼,Q2662344
乌尔班八世,Q131579,任命,弗朗切斯科·巴尔贝里尼,Q2662344
乌尔班八世,Q131579,委托,弗朗切斯科·布拉乔利尼,Q322022
弗朗西斯科·阿尔加罗蒂,Q439081,委托,弗朗切斯科·德·穆拉,Q1441279
阿伦德尔勋爵,Q3784947,邀请,弗朗切斯科·法内利,Q3749954
查尔斯一世,Q3044,委托,弗朗切斯科·法内利,Q3749954
纽卡斯尔公爵,Q273809,委托,弗朗切斯科·法内利,Q3749954
安东尼奥·扎塔,Q3313574,雇佣,弗朗切斯科·丰特巴索,Q447991
安德里亚·梅莫,Q1052776,认识,弗朗切斯科·瓜尔迪,Q318769
安吉洛·奎里尼,Q536447,认识,弗朗切斯科·瓜尔迪,Q318769
弗朗西斯科·阿尔加罗蒂,Q439081,评价,弗朗切斯科·蒙蒂,Q1283256
麦克斯威尼,Q5102690,邀请,弗朗切斯科·蒙蒂,Q1283256
麦克斯威尼,Q5102690,委托,弗朗切斯科·蒙蒂,Q1283256
欧文·麦克斯维尼,Q5102690,委托,弗朗切斯科·蒙蒂,Q1283256
安吉洛·奎里尼,Q536447,结识,弗朗切斯科·米利齐亚,Q323009
安德里亚·梅莫,Q1052776,委托,弗朗切斯科·皮拉内西,Q336028
安吉洛·奎里尼,Q536447,委托,弗朗切斯科·皮拉内西,Q336028
维森蒂尼,Q605690,批评,弗朗切斯科·皮拉内西,Q336028
约瑟夫·史密斯,Q476702,认识,弗朗切斯科·皮拉内西,Q336028
弗朗西斯科·阿尔加罗蒂,Q439081,认识,弗朗切斯科·扎诺蒂,Q2739963
阿尔布里兹,Q21748854,赞助,弗朗切斯科·祖卡雷利,Q919093
安东尼奥·玛丽亚·扎内蒂,Q944948,赞助,弗朗切斯科·祖卡雷利,Q919093
扎内蒂,Q944948,赞助,弗朗切斯科·祖卡雷利,Q919093
卡西亚诺·达尔·波佐,Q1048333,赞助,弗朗索瓦·德克斯诺伊,Q960381
约瑟夫·史密斯,Q476702,认识,弗朗西丝·维维安,Q76180855
卡洛·洛多利,Q601642,喜爱,弗朗西斯·培根,Q37388
詹巴蒂斯塔·帕斯夸里,表中无ID,朋友,弗朗西斯科·阿尔贝加蒂·卡帕内利,Q371439
约瑟夫·史密斯,Q476702,认识,弗朗西斯科·阿尔加罗,Q439081
约瑟夫·史密斯,Q476702,结识,弗朗西斯科·阿尔加罗,Q439081
P·J·马里埃特,Q322344,通信,弗朗西斯科·阿尔加罗蒂,Q439081
安东尼奥·孔蒂,Q2087202,影响,弗朗西斯科·阿尔加罗蒂,Q439081
奥古斯都三世,Q53438,雇用,弗朗西斯科·阿尔加罗蒂,Q439081
腓特烈大帝,Q33550,授封,弗朗西斯科·阿尔加罗蒂,Q439081
卡洛·洛多利,Q601642,影响,弗朗西斯科·阿尔加罗蒂,Q439081
约瑟夫·史密斯,Q476702,认识,弗朗西斯科·阿尔加罗蒂,Q439081
安东尼奥·德格里·埃菲蒂,表中无ID,委托,弗朗西斯科·阿勒格里尼,Q44101021
布克哈特,Q3166189,赠书,弗朗西斯科·巴尔贝里尼,Q2662344
帕加尼诺·高登齐,Q2046132,通信,弗朗西斯科·巴尔贝里尼,Q2662344
乌尔班八世,Q131579,任命,弗朗西斯科·巴尔贝里尼,Q2662344
乌尔班八世,Q131579,提拔,弗朗西斯科·巴尔贝里尼,Q2662344
朱利奥·马扎林,Q166056,门徒,弗朗西斯科·巴尔贝里尼,Q2662344
因诺森特十世,Q101266,赞助,弗朗西斯科·博罗米尼,Q123150
费迪南德大公,Q465178,支持,弗朗西斯科·加布里,Q3339580
费迪南德大公,Q465178,委托,弗朗西斯科·雷蒂,Q311187
费迪南德大公,Q465178,学习,弗朗西斯科·雷蒂,Q311187
彼得罗·莫斯基尼,表中无ID,记录,弗朗西斯科·玛吉奥多,Q3080993
马菲奥·皮内利,Q56006855,交往,弗朗西斯科·玛吉奥多,Q3080993
多米尼科·维万特·德农,Q468618,学生,弗朗西斯科·诺维利,表中无ID
多米尼科·维万特·德农,Q468618,影响,弗朗西斯科·诺维利,表中无ID
斯泰尔斯先生,表中无ID,赞助,弗朗西斯科·斯莱特,Q5479579
詹姆斯·布莱吉斯,Q333238,雇用,弗朗西斯科·斯莱特,Q5479579
弗朗西斯科·阿尔加罗蒂,Q439081,委托,弗朗西斯科·索利梅纳,Q736065
皮埃特罗·奥托博尼,Q101294,邀请,弗朗西斯科·索利梅纳,Q736065
塞巴斯蒂亚诺·孔卡,Q774781,师从,弗朗西斯科·索利梅纳,Q736065
奥托博尼,Q101294,委托,弗朗西斯科·特雷维萨尼,Q963875
皮埃特罗·奥托博尼,Q101294,委托,弗朗西斯科·特雷维萨尼,Q963875
皮埃特罗·奥托博尼,Q101294,赞助,弗朗西斯科·特雷维萨尼,Q963875
马歇尔·舒伦伯格,Q70910,委托,弗朗西斯科·西蒙尼尼,Q3081094
奥古斯特三世,Q53438,委托,弗朗西斯科·祖卡雷利,Q919093
巴勒蒂,Q741900,赞扬,弗朗西斯科·祖卡雷利,Q919093
老安东·玛丽亚·扎内蒂,Q944948,赞扬,弗朗西斯科·祖卡雷利,Q919093
乔瓦尼·巴蒂斯塔·比菲,Q16559762,崇拜,弗朗西斯科·祖卡雷利,Q919093
乔治三世,Q53438,委托,弗朗西斯科·祖卡雷利,Q919093
塞缪尔·约翰逊,Q183266,赞扬,弗朗西斯科·祖卡雷利,Q919093
史密斯领事,Q476702,委托,弗朗西斯科·祖卡雷利,Q919093
约瑟夫·史密斯,Q476702,委托,弗朗西斯科·祖卡雷利,Q919093
罗萨尔巴·卡列拉,Q237726,结识,弗勒盖尔斯,Q3340864
腓特烈·卡尔,Q67281,继任,弗雷德里克·卡尔,表中无ID
卡尔·菲利普·冯·格里芬克劳,Q95296,继任,弗雷德里克·卡尔,表中无ID
安德里亚·梅莫,Q1052776,访问,伏尔泰,Q9068
安吉洛·奎里尼,Q536447,拜访,伏尔泰,Q9068
安吉洛·奎里尼,Q536447,崇敬,伏尔泰,Q9068
弗朗西斯科·阿尔加罗蒂,Q439081,结识,伏尔泰,Q9068
弗兰西斯·哈斯克尔,Q320477,感谢,佛朗哥·文图里,表中无ID
安吉洛·奎里尼,Q536447,崇拜,福基翁,Q175942
洛多维科·雷佐尼科,表中无ID,结婚,福斯蒂娜·萨沃格南,表中无ID
弗朗西斯科·阿尔加罗蒂,Q439081,评价,富尔维奥·德斯蒂,Q594614
费迪南德大公,Q465178,委托,富米亚尼,Q1432600
弗朗西斯科·巴尔贝里尼,Q2662344,保护,伽利略,Q307
卡洛·洛多利,Q601642,喜爱,伽利略,Q307
卡西亚诺,Q1048333,支持,伽利略,Q307
卡西亚诺·达尔·波佐,Q1048333,通信,伽利略,Q307
费迪南德大公,Q465178,支持,盖拉尔迪尼,Q327785
克莱门特十一世,Q129967,任命,盖齐,Q429072
萨沃伊尤金大公,Q610738,委托,盖塔诺·芬蒂,Q372889
安东尼奥·玛丽亚·扎内蒂,Q944948,雇佣,盖塔诺·佐皮尼,Q3757163
安东尼奥·玛丽亚·扎内蒂,Q944948,赞助,盖塔诺·佐皮尼,Q3757163
安东尼奥·玛丽亚·扎内蒂(老),Q944948,雇佣,盖塔诺·佐皮尼,Q3757163
安东尼奥·扎塔,Q3313574,雇佣,盖塔诺·佐皮尼,Q3757163
安东尼奥·玛丽亚·扎内蒂(老),Q944948,委托,盖伊,Q321660
卡尔·古斯塔夫·泰辛,Q1038496,委托,盖伊,Q321660
泰辛伯爵,Q1038496,支持,盖伊,Q321660
奥利瓦,Q1229189,委托,高利,Q520573
吉安·保罗·奥利瓦,Q1229189,委托,高利,Q520573
科尼利厄斯·德·威尔,Q251131,交易,高利,Q520573
克里斯蒂娜女王,Q52937,委托,高利,Q520573
佩莱格里诺·佩里,表中无ID,雇用,高利,Q520573
皮埃特罗·奥托博尼,Q101294,雇佣,高利,Q520573
枢机主教巴罗尼奥,Q317900,指导,高利,Q520573
吉安·保罗·奥利瓦,Q1229189,继任,高斯文·尼克尔,Q532591
彼得罗·隆吉,Q447058,影响,戈尔多尼,Q165534
加斯帕罗·高兹,Q1232502,捍卫,戈尔多尼,Q165534
卡洛·高兹,Q263270（不确定·）,批评,戈尔多尼,Q165534
路易吉·梅尔基奥里,Q94259803,批评,戈尔多尼,Q165534
约瑟夫·史密斯,Q476702,结识,戈尔多尼,Q165534
约瑟夫·史密斯,Q476702,认识,格拉德尼戈,Q723300（不确定）
路易斯·德·诺阿耶,Q1349502,聘请,格雷戈里奥·德·法拉利,Q2306932
费迪南德大公,Q465178,赞助,格雷戈里奥·拉扎里尼,Q1384461
乌尔班八世,Q131579,继承,格里高利十五世,Q132692
吉安·保罗·奥利瓦,Q1229189,雇用,古格利尔莫·博尔戈尼奥内,Q1366347
克里斯蒂娜女王,Q52937,女儿,古斯塔夫·阿道夫斯,Q52938
克里斯蒂娜女王,Q52937,继承,古斯塔夫·阿道夫斯,Q52938
乔瓦尼·维安内洛,表中无ID,赞赏,瓜尔迪,Q318769
斯特兰奇,表中无ID,雇用,瓜尔迪,Q318769
斯特兰奇,表中无ID,雇用,瓜尔迪,Q318769
阿德莱德·恩里凯塔,Q2825471,招募,瓜里诺·瓜里尼,Q323281
菲利普四世,Q691402,委托,圭多·雷尼,Q109061
弗朗切斯科·巴尔贝里尼,Q2662344,欢迎,圭多·雷尼,Q109061
弗朗西斯科·阿尔加罗蒂,Q439081,赞赏,圭多·雷尼,Q109061
弗朗西斯科·阿尔加罗蒂,Q439081,欣赏,圭多·雷尼,Q109061
曼图亚公爵,Q714792,委托,圭多·雷尼,Q109061
曼图亚公爵,Q714792,奖赏,圭多·雷尼,Q109061
乌尔班八世,Q131579,赞助,圭多·雷尼,Q109061
乌尔班八世,Q131579,委托,圭多·雷尼,Q109061
雅克·库尔图瓦,Q1366347,认识,圭多·雷尼,Q109061
查尔斯一世,Q3044,邀请,圭尔奇诺,Q334262
菲利普四世,Q691402,委托,圭尔奇诺,Q334262
卢多维科·卢多维西,Q707750,赞助,圭尔奇诺,Q334262
弗朗西斯科·阿尔加罗蒂,Q439081,委托,哈科波·阿米格尼,Q380897
弗朗西斯科·阿尔加罗蒂,Q439081,通信,海因里希·冯·布鲁尔,Q214949
乔万尼·玛利亚·萨索,Q56007029,联系,威廉·汉密尔顿,Q15462
弗朗西斯科·阿尔加罗蒂,Q439081,认识,汉斯·波斯,Q95937
弗朗西斯科·阿尔加罗蒂,Q439081,认识,赫维勋爵,表中无ID
詹姆斯·布莱吉斯,Q333238,雇用,亨德尔,Q7302
亚森特·里戈,Q49898,绘制,亨利·本廷克,Q126107
弗朗西斯科·阿尔加罗蒂,Q439081,评价,亨利三世,Q53448
马菲奥·巴尔贝里尼,Q131579,拜访,亨利四世,Q936976
玛丽·德·美第奇,Q182021,妻子,亨利四世,Q936976
罗萨尔巴·卡列拉,Q237726,结识,华托,Q183221
马歇尔·舒伦伯格,Q70910,认识,怀特,表中无ID
约瑟夫·史密斯,Q476702,款待,霍拉斯·沃尔波尔,Q309903
马歇尔·舒伦伯格,Q70910,雇佣,吉安·安东尼奥·瓜尔迪,Q318769
查尔斯·德·诺耶尔,Q657169,继任,吉安·保罗·奥利瓦,Q1229189
法比奥·奇吉,Q127254,任命,吉安·彼得罗·贝洛里,Q714400
弗朗西斯科·安杰罗尼,Q1102576,监护人,吉安·彼得罗·贝洛里,Q714400
卡洛·马拉塔,Q538998,咨询,吉安·彼得罗·贝洛里,Q714400
卡洛·马拉塔,Q538998,请教,吉安·彼得罗·贝洛里,Q714400
克里斯蒂娜,Q52937,任命,吉安·彼得罗·贝洛里,Q714400
克里斯蒂娜女王,Q52937,任命,吉安·彼得罗·贝洛里,Q714400
尼古拉斯·普桑,Q41554,影响,吉安·彼得罗·贝洛里,Q714400
尼古拉斯·特纳,Q110243718,研究,吉安·彼得罗·贝洛里,Q714400
朱塞佩·基亚里,Q3107986,咨询,吉安·彼得罗·贝洛里,Q714400
阿马德奥·斯瓦杰,德国商人，无ID,联系,吉安·多梅尼科·蒂耶波洛,Q435316
费迪南德大公,Q465178,兄弟,吉安·加斯托内,Q256580
彼得罗·贝尔尼尼,Q712397,协助,吉安·洛伦佐·贝尔尼尼,Q160538
弗兰西斯·哈斯克尔,Q320477,感谢,吉安弗兰科·托切兰,Q85836470
科斯塔贾蒂侯爵,表中无ID,认可,吉安南德雷亚·卡洛恩,Q3106993
内格罗尼主教,Q3105203,委托,吉安南德里亚·卡洛恩,Q3106993
阿曼德·巴歇特,Q2861762,研究,吉多·本提沃利奥,Q1364155
枢机主教鲍格才,Q452570,雇佣,吉多·本提沃利奥,Q1364155
罗萨尔巴·卡列拉,Q237726,结识,吉尔斯玛丽·奥本诺特,Q958293
安吉洛·奎里尼,Q536447,挚友,吉罗拉莫·阿斯卡尼奥·朱斯蒂尼亚尼,Q91013224
安吉洛·奎里尼,Q536447,纪念,吉罗拉莫·阿斯卡尼奥·朱斯蒂尼亚尼,Q91013224
安吉洛·奎里尼,Q536447,同伴,吉罗拉莫·费斯塔里,Q55227570
安吉洛·奎里尼,Q536447,同行,吉罗拉莫·费斯塔里,Q55227570
安吉洛·奎里尼,Q536447,结交,吉罗拉莫·费斯塔里,Q55227570
弗朗西斯科·阿尔加罗蒂,Q439081,通信,吉罗拉莫·库尔,表中无ID
亚历山德罗·法尔内塞,Q248459,委托,吉罗拉莫·穆扎亚诺,Q1333792
亚历山德罗·法尔内塞,Q248459,雇用,吉罗拉莫·穆扎亚诺,Q1333792
弗朗西斯科·阿尔加罗蒂,Q439081,通信,吉罗拉莫·扎内蒂,Q27478552
因诺森特十世,Q101266,赞助,吉罗莫拉·拉伊纳尔迪,Q1418631
伊波利托·贝维拉瓜,Q54141108,研究,吉马贝蒂诺·奇纳罗利,Q327262
弗朗西斯科·阿尔加罗蒂,Q439081,认识,吉诺·福戈拉里,Q19357545
教皇克莱门特十一世,Q129967,雇佣,吉亚科莫·特瑞迦,Q5879238
弗兰西斯·哈斯克尔,Q320477,感谢,加埃塔诺·科齐,Q13380449
费迪南德大公,Q465178,派遣,加比亚尼,Q1083096
加布里埃尔·诺德,Q710176,合作,加布里埃尔·达尔·波佐,Q107060274
加布里埃尔·诺德,Q710176,题词,加布里埃尔·达尔·波佐,Q107060274
加布里埃尔·诺德,Q710176,评论,加布里埃尔·达尔·波佐,Q107060274
加布里埃尔·诺德,Q710176,拜访,加布里埃尔·达尔·波佐,Q107060274
约翰·威廉选帝侯,Q64266,委托,加布里埃尔·格鲁佩罗,Q1489831
布克哈特,Q3166189,合作,加布里埃尔·诺德,Q710176
帕加尼诺·高登齐,Q2046132,合作,加布里埃尔·诺德,Q710176
卡西亚诺·达尔·波佐,Q1048333,通信,加莱佐·阿科纳托,Q47009360
费迪南德大公,Q465178,支持,加里尔蒂,Q3953755
洛伦佐·奥诺弗里奥,Q3837032,雇佣,加斯帕德·杜格,Q741375
杨·范·登·艾因登,Q99237902,合伙,加斯帕尔·如莫尔,Q3098722
洛伦佐·奥诺弗里奥·科隆纳,Q3837032,委托,加斯帕尔德·杜格,Q741375
奥古斯都二世,Q53437,雇用,加斯帕雷·迪齐亚尼,Q744250
奥古斯都二世,Q53437,雇用,加斯帕雷·迪齐亚尼,Q744250
弗雷德里克·奥古斯都一世,Q53444,雇用,加斯帕雷·迪齐亚尼,Q744250
皮埃特罗·奥托博尼,Q101294,雇佣,加斯帕雷·迪齐亚尼,Q744250
弗朗西斯科·阿尔加罗蒂,Q439081,认识,加斯帕雷·帕特里奇,表中无ID
卡洛·洛多利,Q601642,影响,加斯帕罗·高兹,Q1232520
弗朗西斯科·巴尔贝里尼,Q2662344,委托,贾恩·洛伦佐·贝尔尼尼,Q160538
克里斯蒂娜女王,Q52937,赞助,贾恩·洛伦佐·贝尔尼尼,Q160538
乌尔班八世,Q131579,赞助,贾恩·洛伦佐·贝尔尼尼,Q2662344
亚历山大七世,Q127254,赞助,贾恩·洛伦佐·贝尔尼尼,Q160538
阿方索·杰苏阿尔多,Q1373399,聘请,贾科·德拉·波塔,Q1623328
奥古斯特三世,Q53438,委托,贾科莫·阿米戈尼,Q380897
迪特里希,Q536581,继任,贾科莫·阿米戈尼,Q380897
弗朗西斯科·阿尔加罗蒂,Q439081,委托,贾科莫·阿米戈尼,Q380897
弗朗西斯科·阿尔加罗蒂,Q439081,委托,贾科莫·阿米戈尼,Q380897
弗朗西斯科·阿尔加罗蒂,Q439081,委托,贾科莫·阿米戈尼,Q380897
弗朗西斯科·阿尔加罗蒂,Q439081,评价,贾科莫·阿米戈尼,Q380897
克莱门斯·奥古斯特,Q215086,雇用,贾科莫·阿米戈尼,Q380897
克莱门斯·奥古斯特,Q215086,雇佣,贾科莫·阿米戈尼,Q380897
马克西米利安三世·约瑟夫·维特尔斯巴赫,Q57841,赞助,贾科莫·阿米戈尼,Q380897
斯泰尔斯先生,表中无ID,赞助,贾科莫·阿米戈尼,Q380897
斯泰尔斯先生,表中无ID,雇佣,贾科莫·阿米戈尼,Q380897
坦克维尔勋爵,Q5075537,接待,贾科莫·阿米戈尼,Q380897
西吉斯蒙德·施特赖特,Q90687,认识,贾科莫·阿米戈尼,Q380897
西吉斯蒙德·施特赖特,Q90687,委托,贾科莫·阿米戈尼,Q380897
萨沃伊尤金大公,Q610738,委托,贾科莫·安东尼奥·博尼,Q1053697
彼得罗·贝尔尼尼,Q712397,拒绝,贾科莫·博尔戈尼奥内,Q1366347
古格利尔莫·博尔戈尼奥内,Q1366347,协助,贾科莫·博尔戈尼奥内,Q1366347
古列尔莫·博尔戈尼奥内,Q1366347,兄弟,贾科莫·博尔戈尼奥内,Q1366347
吉安·保罗·奥利瓦,Q1229189,委托,贾科莫·博尔戈尼奥内,Q1366347
米开朗基罗·塞阔齐,Q979862,鼓励,贾科莫·博尔戈尼奥内,Q1366347
萨尔瓦多·罗萨,Q359421,批评,贾科莫·博尔戈尼奥内,Q1366347
雅克·库尔图瓦,Q1366347,别称,贾科莫·博尔戈尼奥内,Q1366347
克里斯蒂娜女王,Q52937,委托,贾科莫·德拉·波塔,Q175566
安德里亚·梅莫,Q1052776,朋友,贾科莫·卡萨诺瓦,Q83321
安德里亚·梅莫,Q1052776,询问,贾科莫·卡萨诺瓦,Q83321
安德里亚·梅莫,Q1052776,通信,贾科莫·卡萨诺瓦,Q83321
安德里亚·梅莫,Q1052776,结识,贾科莫·卡萨诺瓦,Q83321
安德里亚·梅莫,Q1052776,结交,贾科莫·卡萨诺瓦,Q83321
安德里亚·梅莫,Q1052776,咨询,贾科莫·卡萨诺瓦,Q83321
尤西比奥,Q104804972,结交,贾科莫·卡萨诺瓦,Q83321
约瑟夫·史密斯,Q476702,认识,贾科莫·卡西尼,表中无ID
斯泰尔斯先生,表中无ID,雇用,贾科莫·莱昂尼,Q721253
马歇尔·舒伦伯格,Q70910,委托,贾科莫·瑟鲁蒂,Q524248
马扎林,Q166056,雇用,贾科莫·托雷利,Q357872
弗朗西斯科·阿尔加罗蒂,Q439081,认识,贾曼巴蒂斯塔·比菲,Q16559762
费迪南德大公,Q465178,支持,贾钦托·布兰迪,Q1748199
安德里亚·奥蒂尼,表中无ID,委托,贾辛托·布兰迪,Q1748199
萨尔瓦多·罗萨,Q359421,交好,贾辛托·布兰迪,Q1748199
托马斯·伊舍姆爵士,Q16848721,委托,贾辛托·布兰迪,Q1748199
朱利奥·罗斯皮廖西,Q155961,成为,教皇克莱门特九世,Q155961
卡洛·雷佐尼科,Q133121,担任,教皇克莱门特十三世,Q133121
乔瓦尼·弗朗切斯科·阿尔巴尼,Q129967,成为,教皇克莱门特十一世,Q129967
法比奥·奇吉,Q127254,成为,教皇亚历山大七世,Q127254
卡米洛·帕姆菲利,Q2935138,侄子,教皇因诺森特十世,Q101266
詹巴蒂斯塔·帕姆菲利,表中无ID,成为,教皇因诺森特十世,Q101266
教皇克莱门特十一世,Q129967,继任,教皇因诺森特十一世,Q129967
迪特里希,Q536581,效力,卡尔·菲利普·冯·格里芬克劳,Q95296
安东尼奥·玛丽亚·扎内蒂,Q944948,朋友,卡尔·古斯塔夫·泰辛,Q1038496
安东尼奥·玛丽亚·扎内蒂(老),Q944948,结识,卡尔·古斯塔夫·泰辛,Q1038496
费迪南德大公,Q465178,赞助,卡尔·罗思,Q670135
埃克塞特勋爵五世,表中无ID,委托,卡尔洛·多尔奇,Q503322
托马斯·贝恩斯爵士,表中无ID,委托,卡尔洛·多尔奇,Q503322
约翰·芬奇,Q6233132,委托,卡尔洛·多尔奇,Q503322
萨沃伊尤金大公,Q610738,委托,卡尔洛·卡洛恩,Q1041995
马歇尔·舒伦伯格,Q70910,雇佣,卡尔洛·西格纳尼,Q239980
德尔·蒙特,Q140106,影响,卡拉瓦乔,Q42207
吉安·彼得罗·贝洛里,Q714400,谴责,卡拉瓦乔,Q42207
卡西亚诺·达尔·波佐,Q1048333,收藏,卡拉瓦乔,Q42207
路易吉·斯佩扎费罗,Q19754023,研究,卡拉瓦乔,Q42207
马尔凯塞·朱斯蒂尼亚尼,Q1396468,收藏,卡拉瓦乔,Q42207
马菲奥·巴尔贝里尼,Q131579,委托,卡拉瓦乔,Q42207
枢机主教德尔·蒙特,Q140106,赞助,卡拉瓦乔,Q42207
瓦伦丁,Q1337275,引荐,卡拉瓦乔,Q42207
维琴佐·朱斯蒂尼亚尼,Q25206732,赞助,卡拉瓦乔,Q42207
文森佐·古斯蒂尼阿尼,Q25206732,评论,卡拉瓦乔,Q42207
亚历山德罗·维特里切,Q4716445,委托,卡拉瓦乔,Q42207
安东尼奥·孔蒂,Q2087202,结识,卡勒斯伯爵,表中无ID
弗朗西斯科·阿尔加罗蒂,Q439081,认识,卡罗·洛多利,Q601642
弗朗西斯科·阿尔加罗蒂,Q439081,认识,卡罗·帕莱塞,Q124360716
欧文·拉文,Q19753933,驳斥,卡罗琳娜·兰科伦斯卡,Q468466
加布里埃尔·达尔·波佐,Q107060274,儿子,卡洛·安东尼奥·达尔·波佐,Q3659007
詹巴蒂斯塔·帕斯夸里,表中无ID,朋友,卡洛·安东尼奥·皮拉蒂,Q3658875
乌尔班八世,Q131579,任命,卡洛·巴尔贝里尼,Q1186836
西吉斯蒙德·施特赖特,Q90687,认识,卡洛·丹妮娜,Q556342
路易吉·博凯里尼,Q189766,兄弟,卡洛·德·罗西,表中无ID
萨尔瓦多·罗萨,Q359421,合作,卡洛·德·罗西,表中无ID
萨尔瓦多·罗萨,Q359421,赠画,卡洛·德·罗西,表中无ID
萨尔瓦多·罗萨,Q359421,争执,卡洛·德·罗西,表中无ID
孔戴·文图拉·卡拉拉,表中无ID,委托,卡洛·夸里斯梅尼,表中无ID
菲利波·法尔塞蒂,Q16556042,堂兄弟,卡洛·雷佐尼科,Q133121
阿巴特·法西奥拉蒂,Q3157640,友好,卡洛·洛多利,Q601642
安德里亚·梅莫,Q1052776,学生,卡洛·洛多利,Q601642
安德里亚·梅莫,Q1052776,出版,卡洛·洛多利,Q601642
安德里亚·梅莫,Q1052776,尊敬,卡洛·洛多利,Q601642
安德里亚·梅莫,Q1052776,赞颂,卡洛·洛多利,Q601642
安德里亚·梅莫,Q1052776,师从,卡洛·洛多利,Q601642
安吉洛·奎里尼,Q536447,学生,卡洛·洛多利,Q601642
安吉洛·奎里尼,Q536447,出版,卡洛·洛多利,Q601642
安吉洛·奎里尼,Q536447,尊敬,卡洛·洛多利,Q601642
安吉洛·奎里尼,Q536447,学习,卡洛·洛多利,Q601642
安吉洛·奎里尼,Q536447,崇拜,卡洛·洛多利,Q601642
安吉洛·奎里尼,Q536447,师从,卡洛·洛多利,Q601642
菲利波·法尔塞蒂,Q16556042,尊敬,卡洛·洛多利,Q601642
卡纳莱托,Q182664,结识,卡洛·洛多利,Q601642
维森蒂尼,Q605690,结识,卡洛·洛多利,Q601642
维特鲁威,Q47163,影响,卡洛·洛多利,Q601642
亚历山德罗·隆吉,Q1855242,绘制,卡洛·洛多利,Q601642
詹巴蒂斯塔·帕斯夸里,表中无ID,敬佩,卡洛·洛多利,Q601642
霍华德·希巴德,Q12020451,研究,卡洛·马德诺,Q122328
枢机主教佩雷蒂蒙塔尔托,Q133350,聘请,卡洛·马德诺,Q122328
安东尼奥·巴尔贝里尼,Q599744,委托,卡洛·马拉塔,Q538998
安东尼奥·巴尔贝里尼,Q599744,转向,卡洛·马拉塔,Q538998
安东尼奥·德格里·埃菲蒂,表中无ID,委托,卡洛·马拉塔,Q538998
安东尼奥·德格里·埃菲蒂,表中无ID,委托,卡洛·马拉塔,Q538998
查尔斯·福克斯,表中无ID,委托,卡洛·马拉塔,Q538998
吉安·彼得罗·贝洛里,Q714400,支持,卡洛·马拉塔,Q538998
吉安·彼得罗·贝洛里,Q714400,协助,卡洛·马拉塔,Q538998
吉安·彼得罗·贝洛里,Q714400,偏爱,卡洛·马拉塔,Q538998
卡米洛·马西斯米,Q1081427,委托,卡洛·马拉塔,Q538998
卡米洛·马西斯米,Q1081428,监督,卡洛·马拉塔,Q538998
卡米洛·马西斯米,Q1081418,推荐,卡洛·马拉塔,Q538998
克莱门特九世,Q155961,委托,卡洛·马拉塔,Q538998
克莱门特九世,Q155961,赞助,卡洛·马拉塔,Q538998
克莱门特十世,Q155956,赞助,卡洛·马拉塔,Q538998
洛伦佐·奥诺弗里奥·科隆纳,Q3837032,委托,卡洛·马拉塔,Q538998
马尔凯斯·德尔·卡皮奥,Q380763,委托,卡洛·马拉塔,Q538998
内格罗尼主教,Q3105203,委托,卡洛·马拉塔,Q538998
托马斯·伊舍姆爵士,Q16848721,委托,卡洛·马拉塔,Q538998
托马斯·伊舍姆爵士,Q16848721,委托,卡洛·马拉塔,Q538998
托马索·鲁福,Q2661419,委托,卡洛·奇尼亚尼,Q239980
洛多维科·弗内莱托,Q106498283,委托,卡纳莱托,Q182664
彼得罗·泰斯塔,Q2155480,绘制,卡米洛·马斯西米,Q1081418
克莱门特十世,Q155956,任命,卡米洛·马斯西米,Q1081418
帕加尼诺·高登齐,Q2046132,通信,卡米洛·马斯西米,Q1081418
帕加尼诺·高登齐,Q2046132,创作,卡米洛·马斯西米,Q1081418
亚历山大七世,Q127254,任命,卡米洛·马斯西米,Q1081418
埃尔科莱·费拉塔,Q1348674,争议,卡米洛·帕姆菲利,Q2935138
弗兰西斯科·巴拉塔,Q5479199,争议,卡米洛·帕姆菲利,Q2935138
卡米洛·阿斯托利,Q2935133,继承,卡米洛·帕姆菲利,Q2935138
唐娜·奥林匹娅,Q260170,反对,卡米洛·帕姆菲利,Q2935138
因诺森特十世,Q101266,提拔,卡米洛·帕姆菲利,Q2935138
W.G.康斯太勃尔,Q8009777,研究,卡纳莱托,Q182664
安东尼奥·孔蒂,Q2087202,赞扬,卡纳莱托,Q182664
安东尼奥·玛丽亚·扎内蒂,Q944948,欣赏,卡纳莱托,Q182664
贝德福德公爵约翰·拉塞尔,Q335406,雇佣,卡纳莱托,Q182664
查尔斯·德·布罗塞斯,Q725718,评论,卡纳莱托,Q182664
弗朗西斯科·阿尔加罗蒂,Q439081,认识,卡纳莱托,Q182664
弗朗西斯科·阿尔加罗蒂,Q439081,赞美,卡纳莱托,Q182664
贾科莫·阿米戈尼,Q380897,邀请,卡纳莱托,Q182664
卡莱尔伯爵,表中无ID,雇佣,卡纳莱托,Q182664
罗伯特·赫维爵士,表中无ID,雇佣,卡纳莱托,Q182664
马歇尔·舒伦伯格,Q70910,委托,卡纳莱托,Q182664
马歇尔·舒伦伯格,Q70910,联系,卡纳莱托,Q182664
麦克斯威尼,Q5102690,邀请,卡纳莱托,Q182664
麦克斯威尼,Q5102690,委托,卡纳莱托,Q182664
欧文·麦克斯维尼,Q5102690,委托,卡纳莱托,Q182664
威廉·贝克福德,Q361026,评论,卡纳莱托,Q182664
西吉斯蒙德·施特赖特,Q90687,赞助,卡纳莱托,Q182664
西吉斯蒙德·施特赖特,Q90687,联系,卡纳莱托,Q182664
约瑟夫·史密斯,Q476702,推荐,卡纳莱托,Q182664
约瑟夫·史密斯,Q476702,委托,卡纳莱托,Q182664
约瑟夫·史密斯,Q476702,委托,卡纳莱托,Q182664
约瑟夫·史密斯,Q476702,赞助,卡纳莱托,Q182664
约瑟夫·史密斯,Q476702,联系,卡纳莱托,Q182664
扎卡里亚·萨格雷多,Q97446740,雇佣,卡纳莱托,Q182664
阿马德奥·斯瓦杰,德国商人，无ID,委托,卡诺瓦,Q5547
阿马德奥·斯瓦杰,德国商人，无ID,委托,卡诺瓦,Q5547
安吉洛·奎里尼,Q536447,委托,卡诺瓦,Q5547
安吉洛·奎里尼,Q536447,委托,卡诺瓦,Q5547
尤西比奥,Q104804972,结交,卡萨诺瓦,Q83321
安东尼奥·玛丽亚·扎内蒂,Q944948,雕刻,卡斯蒂廖内,Q40823
弗朗切斯科·阿尔加罗蒂,Q439081,评论,卡斯蒂廖内,Q40823
弗朗西斯科·阿尔加罗蒂,Q439081,评价,卡斯蒂廖内,Q40823
西蒙内利,Q97072945,出版,卡斯蒂廖内,Q40823
彼得罗·贝尔尼尼,Q712397,讽刺,卡西亚诺·达尔·波佐,Q1048333
彼得罗·泰斯塔,Q2155480,创作,卡西亚诺·达尔·波佐,Q1048333
布克哈特,Q3166189,遗赠,卡西亚诺·达尔·波佐,Q1048333
布克哈特,Q3166189,通信,卡西亚诺·达尔·波佐,Q1048333
布克哈特,Q3166189,拜访,卡西亚诺·达尔·波佐,Q1048333
德安德烈斯,Q87591265,讨论,卡西亚诺·达尔·波佐,Q1048333
费兰特·卡洛,Q98111606,结交,卡西亚诺·达尔·波佐,Q1048333
弗朗切斯科·巴尔贝里尼,Q2662344,结识,卡西亚诺·达尔·波佐,Q1048333
哈里斯,Q18934849,讨论,卡西亚诺·达尔·波佐,Q1048333
卡洛·安东尼奥·达尔·波佐,Q21555612,兄弟,卡西亚诺·达尔·波佐,Q1048333
克里斯蒂娜女王,Q52937,通信,卡西亚诺·达尔·波佐,Q1048333
帕加尼诺·高登齐,Q2046132,交流,卡西亚诺·达尔·波佐,Q1048333
乌尔班八世,Q131579,任命,卡西亚诺·达尔·波佐,Q160538
乌尔班八世,Q131579,任命,卡西亚诺·达尔·波佐,Q1048333
约瑟夫·史密斯,Q476702,结婚,凯瑟琳·托夫茨,Q16859603
马歇尔·舒伦伯格,Q70910,认识,凯斯勒,Q1693874
弗拉维奥·奇吉,Q368700,委托,科达奇,Q2553051
卡西亚诺,Q1048333,赞助,科达奇,Q2553051
马歇尔·舒伦伯格,Q70910,委托,科拉迪尼,Q601707
费迪南德大公,Q465178,委托,科拉多·贾昆托,Q740934
路易十四,Q7742,雇用,科拉多·贾昆托,Q740934
约瑟夫·史密斯,Q476702,认识,科林·坎贝尔,Q254245
约瑟夫·史密斯,Q476702,认识,科伦·坎贝尔,Q254245
罗萨尔巴·卡列拉,Q237726,结识,科佩尔,Q585926
费迪南德大公,Q465178,父亲,科西莫三世,Q47292
克劳斯·兰克海特,Q1119207,研究,科西莫三世,Q47292
亚历山德罗·法尔内塞,Q248459,保留,克莱里亚,Q2978781
亚历山德罗·法尔内塞,Q248459,父亲,克莱里亚,Q2978781
马菲奥·巴尔贝里尼,Q131579,陪同,克莱门特八世,Q170395
朱利奥·罗斯皮格里奥西,Q155961,成为,克莱门特九世,Q155961
卡洛·雷佐尼科,Q133121,成为,克莱门特十三世,Q133121
范·拉尔,Q576907,影响,克劳德,Q214074
戈佛雷多·沃尔斯,Q3109847,教导,克劳德,Q214074
戈佛雷多·沃尔斯,Q3109847,影响,克劳德,Q214074
卡西亚诺,Q1048333,赞助,克劳德,Q214074
洛伦佐·奥诺弗里奥,Q3837032,赞助,克劳德,Q214074
洛伦佐·奥诺弗里奥,Q3837032,雇佣,克劳德,Q214074
马斯西米,Q3297734,赞助,克劳德,Q214074
西蒙内利,Q97072945,介绍,克劳德,Q214074
保罗·焦尔达诺,Q519364,赞助,克劳德·洛兰,Q214074
弗朗西斯科·阿尔加罗蒂,Q439081,评价,克劳德·洛兰,Q214074
弗朗西斯科·巴尔贝里尼,Q2662344,赞助,克劳德·洛兰,Q214074
卡米洛·马西斯米,Q1081429,委托,克劳德·洛兰,Q214074
莱奥波尔多·德·美第奇,Q968920,委托,克劳德·洛兰,Q214074
马尔凯塞·朱斯蒂尼亚尼,Q1396468,赞助,克劳德·洛兰,Q214074
乌尔班八世,Q131579,委托,克劳德·洛兰,Q214074
费迪南德大公,Q465178,委托,克雷斯皮,Q528620
费迪南德大公,Q465178,资助,克雷斯皮,Q528620
弗朗西斯科·阿尔加罗蒂,Q439081,评价,克雷斯皮,Q528620
萨沃伊尤金大公,Q610738,委托,克雷斯皮,Q3266428
弗朗西斯科·阿尔加罗蒂,Q439081,雇用,克里斯蒂安·威廉·恩斯特·迪特里希,Q536581
保罗·焦尔达诺,Q519364,接待,克里斯蒂娜女王,Q52938
保罗·焦尔达诺,Q519364,通信,克里斯蒂娜女王,Q52938
冯·普拉滕,Q6051457,研究,克里斯蒂娜女王,Q52938
费迪南德大公,Q465178,赞助,克里斯托法诺·莫纳里,Q1081139
里维埃拉,表中无ID,委托,克里斯托弗·达尔·阿夸,Q5186480
埃尔科莱·普罗卡奇尼,Q3056023,指导,克里斯托弗·斯托勒,表中无ID
费迪南德大公,Q465178,委托,克里斯托弗·斯托勒,表中无ID
安东尼奥·玛丽亚·扎内蒂,Q944948,朋友,克罗扎特,Q2007354
安东尼奥·玛丽亚·扎内蒂(老),Q944948,结识,克罗扎特,Q2007354
卡勒斯伯爵,Q2734012,探讨,安东尼奥·孔蒂,Q2087202
萨尔瓦多·罗萨,Q359421,遗赠,拉法埃洛·马尔凯西,表中无ID
阿戈斯蒂诺·奇吉,Q395635,友谊,拉斐尔,Q5597
阿戈斯蒂诺·奇吉,Q395635,雇佣,拉斐尔,Q5597
弗朗西斯科·阿尔加罗蒂,Q439081,评价,拉斐尔,Q5597
萨索费拉托,Q1345289,模仿,拉斐尔,Q5597
弗兰西斯·哈斯克尔,Q320477,引用,拉扎里尼,Q1384461
卡纳莱托,Q182664,认识,拉扎里尼,Q1384461
枢机主教德·德阿达,Q968920,邀请,拉扎里尼,Q1384461
枢机主教德·德阿达,Q968920,委托,拉扎里尼,Q1384461
弗朗切斯科·巴尔贝里尼,Q2662344,委托,拉扎罗·巴尔迪,Q3220072
保罗·弗雷亚特·德·钱特娄,Q3371258,出版,莱昂纳多·达·芬奇,Q762
卡西亚诺·达尔·波佐,Q1048333,整理,莱昂纳多·达·芬奇,Q762
唐·彼得罗·安东尼奥·托尼,Q2374666,购买,莱昂纳多·帕斯奎蒂,表中无ID
克里斯托弗·伊万诺维奇,Q3246893,评价,莱昂纳多·佩萨罗,表中无ID
莱昂内洛·普皮,Q18224381,研究,莱昂纳多·瓦尔马拉纳,表中无ID
约瑟夫·史密斯,Q476702,认识,莱昂内尔·库斯特,Q6555603
M.穆拉罗,Q19997568,研究,莱奥波尔多·德·美第奇,Q968920
格洛丽亚·基亚里尼·德·安娜,表中无ID,研究,莱奥波尔多·德·美第奇,Q968920
桑德里娜·班德拉,Q106678699,研究,莱奥波尔多·德·美第奇,Q968920
西尔维娅·梅洛尼,表中无ID,研究,莱奥波尔多·德·美第奇,Q968920
雅各布·萨尔维亚蒂,表中无ID,代理,莱奥波尔多·德·美第奇,Q968920
约瑟夫·史密斯,Q476702,认识,莱维,Q532695
枢机主教蒙塔尔托,Q133350,支持,兰弗兰科,Q447730
特纳,Q110243718,研究,兰弗兰科,Q447730
卡西亚诺,Q1048333,赞助,勒梅尔,Q212445
马歇尔·舒伦伯格,Q70910,认识,雷德里克王子,Q152428
蒙特利伯爵,Q3845070,委托,里贝拉,Q297838
罗萨尔巴·卡列拉,Q237726,结识,里戈,Q49898
约瑟夫·史密斯,Q476702,认识,理查德·米德,表中无ID
弗朗西斯科·阿尔加罗蒂,Q439081,认识,理查德·米德博士,表中无ID
卡米洛·马西斯米,Q1081430,接待,理查德·米德博士,表中无ID
约瑟夫·史密斯,Q476702,认识,理查德·威尔逊,Q471387
斯特兰奇,表中无ID,推荐,理查德·沃斯利,Q7528684
费迪南德大公,Q465178,赞助,利维奥·梅胡斯,Q1776687
克劳斯·兰克海特,Q1119207,研究,列支敦士登大公,表中无ID
安东尼奥·玛丽亚·扎内蒂,Q944948,赠送,列支敦士登亲王,表中无ID
利奥波德一世皇帝,Q150494,雇用,卢多维科·奥塔维奥·博纳西尼,Q3836364
枢机主教奥托博尼,Q101294,委托,卢多维科·大卫,Q6698987
托马斯·伊舍姆爵士,Q16848721,委托,卢多维科·吉米尼亚尼,Q3839112
格里高利十五世,Q132692,教导,卢多维科·卢多维西,Q707750
格里高利十五世,Q132692,叔叔,卢多维科·卢多维西,Q707750
教皇格里高利十五世,Q132692,任命,卢多维科·卢多维西,Q707750
亚历山大七世,Q127254,驱逐,卢多维科·卢多维西,Q707750
布克哈特,Q3166189,交流,卢卡·霍尔斯特尼乌斯,表中无人名
帕加尼诺·高登齐,Q2046132,合作,卢卡·霍尔斯特尼乌斯,表中无人名
埃克塞特勋爵五世,表中无ID,委托,卢卡·焦尔达诺,Q332494
奥地利大公,Q437295,雇用,卢卡·焦尔达诺,Q332494
费迪南德大公,Q465178,委托,卢卡·焦尔达诺,Q332494
加斯帕尔·如莫尔,Q3098722,支持,卢卡·焦尔达诺,Q332494
尼科洛·梅拉尼科尼奇,Q1625828,学习于,卢卡·焦尔达诺,Q332494
费迪南德大公,Q465178,委托,卢卡·卡尔瓦里杰斯,Q2704669
马歇尔·舒伦伯格,Q70910,认识,卢卡·卡莱瓦瑞斯,Q2704669
西吉斯蒙德·施特赖特,Q90687,认识,卢卡·卡莱瓦瑞斯,Q2704669
利奥波德一世皇帝,Q150494,聘请,卢卡斯·冯·希尔德布兰特,Q84507
安吉洛·奎里尼,Q536447,崇敬,卢梭,Q6527
乔瓦尼·巴蒂斯塔·比菲,Q16559762,崇拜,卢梭,Q6527
菲利普四世,Q691402,雇用,鲁本斯,Q5599
费迪南德大公,Q465178,委托,鲁本斯,Q5599
弗朗西斯科·阿尔加罗蒂,Q439081,认识,鲁道夫·帕卢奇尼,Q3438258
埃利斯·沃特豪斯,Q3051533,反驳,鲁道夫·威特科尔,Q215999
弗朗西斯科·阿尔加罗蒂,Q439081,认识,路德维希·安东·穆拉托里,Q471529
让-巴蒂斯特·科尔伯特,Q47115665,否决,路易·勒沃,Q310530
菲利波·法尔塞蒂,Q16556042,聘请,路易吉·波兹,表中无ID
菲利波·法尔塞蒂,Q16556042,雇佣,路易吉·波兹,表中无ID
弗朗西斯科·阿尔加罗蒂,Q439081,认识,路易吉·法拉利,Q64735620 (不确定）
维克多·玛丽·德斯特雷,Q1346624,摆脱,路易十四,Q7742
萨沃伊尤金大公,Q610738,委托,路易斯·多里尼,Q2308644
安东尼奥·玛丽亚·扎内蒂,Q944948,收藏,伦勃朗,Q5598
马歇尔·舒伦伯格,Q70910,认识,伦勃朗,Q5598
弗朗西斯科·阿尔加罗蒂,Q439081,认识,罗伯特·哈尔斯班德,Q332499
弗朗西斯科·阿尔加罗蒂,Q439081,赠画,罗伯特·沃尔波尔,Q104190
约瑟夫·史密斯,Q476702,款待,罗伯特·亚当,表中无ID
弗朗西斯科·阿尔加罗蒂,Q439081,推荐,贝恩哈德·罗德,Q465314
弗朗西斯科·阿尔加罗蒂,Q439081,影响,贝恩哈德·罗德,Q465314
福斯蒂娜·萨沃格南,表中无ID,结婚,罗多维科·雷佐尼科,表中无ID
约瑟夫·史密斯,Q476702,认识,罗杰·莫里斯,Q370192
约瑟夫·史密斯,Q476702,认识,罗金厄姆勋爵,Q378043
弗朗切斯科·巴尔贝里尼,Q2662344,委托,罗曼内利,Q2983846
弗朗切斯科·巴尔贝里尼,Q2662344,支持,罗曼内利,Q2983846
费迪南德大公,Q465178,赞助,罗莫洛·潘菲,Q16853915
帕瑟里,Q962495,评论,罗萨,Q359421
安东尼奥·玛丽亚·扎内蒂,Q944948,收藏,罗萨尔巴·卡列拉,Q237726
安东尼奥·玛丽亚·扎内蒂(老),Q944948,影响,罗萨尔巴·卡列拉,Q237726
奥古斯都三世,Q53438,委托,罗萨尔巴·卡列拉,Q237726
弗雷德里克四世,Q161059,委托,罗萨尔巴·卡列拉,Q237726
克里斯蒂安·科尔,无ID,说服,罗萨尔巴·卡列拉,Q237726
克里斯蒂安·科尔,无ID,推荐,罗萨尔巴·卡列拉,Q237726
马歇尔·舒伦伯格,Q70910,认识,罗萨尔巴·卡列拉,Q237726
皮埃尔·克罗泽特,Q2007354,赞助,罗萨尔巴·卡列拉,Q237726
皮埃尔·克罗泽特,Q2007354,款待,罗萨尔巴·卡列拉,Q237726
约翰·威廉选帝侯,Q64266,邀请,罗萨尔巴·卡列拉,Q237726
约瑟夫·史密斯,Q476702,赞助,罗萨尔巴·卡列拉,Q237726
朱斯蒂尼亚娜·温妮,Q466860,结婚,罗森伯格伯爵,表中无ID
朱斯蒂尼亚娜·温妮,Q466860,妻子,罗森伯格伯爵,表中无ID
朱斯蒂尼亚娜·温妮,Q466860,嫁给,罗森伯格伯爵,表中无ID
阿巴特·奥尔特斯,Q545098,通信,卡洛·洛多利,Q601642
培根,Q37388,影响,卡洛·洛多利,Q601642
希皮奥内·马菲,Q3831958,探讨,卡洛·洛多利,Q601642
安德里亚·梅莫,Q1052776,学生,卡洛·洛多利,Q601642
安德里亚·梅莫,Q1052776,认识,卡洛·洛多利,Q601642
约瑟夫·史密斯,Q476702,认识,洛多维科·加布里埃利,表中无ID
詹巴蒂斯塔·阿古奇,Q3766546,委托,洛多维科·卡拉奇,Q380553
费迪南德大公,Q465178,委托,洛伦齐尼,Q2356563
费迪南德大公,Q465178,学习,洛伦齐尼,Q2356563
玛丽亚·曼奇尼,Q242532,结婚,洛伦佐·奥诺弗里奥,Q3837032
玛丽亚·曼奇尼,Q242532,离开,洛伦佐·奥诺弗里奥,Q3837032
奥古斯都三世,Q53438,雇用,洛伦佐·罗西,表中无ID
弗朗西斯科·阿尔加罗蒂,Q439081,评价,洛伦佐·马蒂埃利,Q1455126
萨沃伊尤金大公,Q610738,雇用,洛伦佐·马蒂埃利,Q1455126
约瑟夫·史密斯,Q476702,认识,洛伦佐·马西尼,表中无ID
埃克塞特勋爵,表中无ID,委托,洛伦佐·帕辛内利,Q1645684
克塞特勋爵五世,Q15989977,委托,洛伦佐·帕辛内利,Q1645684
安杰洛·切西,Q28109298,任命,马蒂诺·隆吉,Q349522
费迪南德大公,Q465178,赞助,马蒂亚·普雷蒂,Q468632
唐娜·奥林匹娅·马伊达尔齐尼,Q260170,委托,马蒂亚·普雷蒂,Q468632
莎拉·丘吉尔,Q19176,夫人,马尔堡公爵,Q153803
布克哈特,Q3166189,拜访,马尔凯塞·朱斯蒂尼亚尼,Q1396468
费迪南德大公,Q465178,赞助,马尔坎托尼奥·弗兰切斯基尼,Q2543592
保罗·吉罗拉莫·皮奥拉,Q3894101,拒绝,马尔切斯·尼科洛·玛丽亚·帕拉维奇尼,Q105105120
乌尔班八世,Q131579,任命,马费奥·巴贝里尼,Q131579
卢多维科·卢多维西,Q707750,反对,马费奥·巴尔贝里尼,Q131579
切萨雷·多诺弗里奥,Q93248382,研究,马费奥·巴尔贝里尼,Q131579
西克斯图斯五世,Q133350,影响,马费奥·巴尔贝里尼,Q131579
费迪南德·德·美第奇大公,Q465178,雇用,马格纳斯科,Q516941
福斯塔·弗朗西尼·圭尔菲,Q111282793,研究,马格纳斯科,Q516941
列支敦士登王子,表中无人名,委托,马坎通尼奥·弗兰切斯基尼,Q2543592
弗朗西斯科·阿尔加罗蒂,Q439081,认识,马可·范图兹,Q108068897（不确定）
埃米利奥·莫普戈,Q3724468,研究,马可·福斯卡里尼,Q1242215
安吉洛·奎里尼,Q536447,反对,马可·福斯卡里尼,Q1242215
德查尔斯·德·布罗塞斯,Q725718,评价,马可·福斯卡里尼,Q1242215
洛多维科·阿马尔迪,表中无ID,赞美,马可·福斯卡里尼,Q1242215
托马索·加,Q15720592,研究,马可·福斯卡里尼,Q1242215
安德鲁·方丹,Q4756994,雇用,马可·里奇,Q930162
安东尼奥·玛丽亚·扎内蒂,Q944948,朋友,马可·里奇,Q930162
安东尼奥·玛丽亚·扎内蒂,Q944948,委托,马可·里奇,Q930162
安东尼奥·玛丽亚·扎内蒂(老),Q944948,委托,马可·里奇,Q930162
伯灵顿勋爵,Q555723,雇用,马可·里奇,Q930162
马歇尔·舒伦伯格,Q70910,赞助,马可·里奇,Q930162
曼彻斯特勋爵,表中无ID,邀请,马可·里奇,Q930162
曼彻斯特勋爵,表中无ID,雇用,马可·里奇,Q930162
约瑟夫·史密斯,Q476702,赞助,马可·里奇,Q930162
弗兰西斯·哈斯克尔,Q320477,感谢,马克·安托尼奥·基亚里尼,Q93640385
尤金大公,Q152429,委托,马克·安托尼奥·基亚里尼,Q93640385
小安东尼奥·玛丽亚·扎内蒂,Q18507790,修订,马克·博斯基尼,Q662866
马斯西米,Q3297734,赞助,马拉塔,Q538998
安东尼奥·孔蒂,Q2087202,结识,马勒伯朗士,Q309818
费兰特·卡洛,Q98111606,联系,马里诺,Q332489
马歇尔·舒伦伯格,Q70910,认识,马列斯基,Q2501578
西吉斯蒙德·施特赖特,Q90687,认识,马列斯基,Q2501578
卡洛·洛多利,Q601642,批评,马萨里,Q976141
米科·斯帕达罗,Q1170226,描绘,马萨涅洛,Q735619
加斯帕尔·如莫尔,Q3098722,贿赂,马萨涅洛起义领导人,Q735619
彼得罗·泰斯塔,Q2155480,合作,马塞洛·萨凯蒂,Q6087600
乌尔班八世,Q131579,提拔,马塞洛·萨凯蒂,Q6087600
乌尔班八世,Q131579,任命,马塞洛·萨凯蒂,Q6087600
马菲奥·巴尔贝里尼,Q131579,委托,马泰奥·卡斯泰利,Q1909346
费迪南德大公,Q465178,委托,马西莫神父,表中无ID
约瑟夫·史密斯,Q476702,同时期,马歇尔·舒伦伯格,Q70910
彼得罗·贝尔尼尼,Q712397,拒绝,马扎林,不确定人名
费迪南德大公,Q465178,母亲,玛格丽特·德·奥尔良,Q268349
罗萨尔巴·卡列拉,Q237726,结识,玛里埃特,Q322341
费迪南德大公,Q465178,赠送,玛丽·德·美第奇,Q182021
费迪南多,Q714792,侄子,玛丽·德·美第奇,Q182021
鲁本斯,Q5599,绘制,玛丽·德·美第奇,Q182021
弗朗西斯科·阿尔加罗蒂,Q439081,不及,玛丽·泰雷丝·若弗兰,Q269865
弗朗西斯科·阿尔加罗蒂,Q439081,结识,玛丽·沃特利·蒙塔古夫人,Q235121
约瑟夫·史密斯,Q476702,认识,玛丽·沃特利·蒙塔古夫人,Q235121
弗兰西斯·哈斯克尔,Q320477,感谢,玛丽安·罗兰米歇尔,Q19997562
路易十四,Q7742,初恋,玛丽亚·曼奇尼,Q242532
枢机主教马扎林,Q166056,姑父,玛丽亚·曼奇尼,Q242532
路易十四,Q7742,结婚,玛丽亚·特蕾莎,Q111771530
马蒂诺·隆吉,Q349522,替代,玛泰奥·达·卡斯特罗,Q20246871
圣菲利普·内里,Q217791,合作,玛泰奥·达·卡斯特罗,Q20246871
约瑟夫·史密斯,Q476702,合作,麦克斯威尼,Q5102690
马可·里奇,Q930162,效力,曼彻斯特勋爵,表中无ID
佩莱格里尼,Q1358364,效力,曼彻斯特勋爵,表中无ID
彼得罗·爱德华兹,Q3903848,顾问,曼弗林,Q16560336
乔凡尼·安东尼奥·阿曼尼,表中无ID,称赞,曼弗林,Q16560336
文森佐·丰塔纳,Q4013275（不确定）,研究,曼弗林,Q16560336
弗朗西斯科·阿尔加罗蒂,Q439081,委托,曼奇尼,Q242532
法布里齐奥·阿拉贡纳,表中无ID,代理,曼图亚公爵,Q714792
加斯帕罗·贡萨加,Q714792,担任,曼图亚公爵,Q714792
弗朗西斯科·阿尔加罗蒂,Q439081,委托,毛罗·泰西,Q3301722
唐·文森佐·拉迪基奥,表中无ID,秘书,梅莫,Q1052776
约翰·斯特兰奇,Q6259378,通信,梅莫,Q1052776
西蒙内利,Q97072945,带领,蒙科尼,Q2262911
弗朗索瓦·诺米,Q1887392,别名,蒙苏·德西代里奥,Q1887392
枢机主教卢多维西,Q707750,干预,蒙塔尔托,Q109830266
奥利瓦雷斯伯爵,Q371833,姐夫,蒙特利伯爵,Q3845070
奥利瓦雷斯伯爵,Q371834,提拔,蒙特利伯爵,Q3845070
委拉斯贵支,Q297,拜访,蒙特利大使,Q3845070
卡洛·洛多利,Q601642,通信,孟德斯鸠,Q15975
卡洛·洛多利,Q601642,联系,孟德斯鸠,Q15975
保罗·焦尔达诺,Q519364,接待,弥尔顿,Q79759
安东尼奥·孔蒂,Q2087202,翻译,米尔顿,Q79759
安尼巴莱·卡拉奇,Q7829,影响,米开朗基罗·塞阔齐,Q979862
范·拉尔,Q576907,影响,米开朗基罗·塞阔齐,Q979862
费迪南德大公,Q465178,支持,米开朗基罗·塞阔齐,Q979862
弗拉维奥·奇吉,Q368700,委托,米开朗基罗·塞阔齐,Q979862
贾科莫·博尔戈尼奥内,Q1366347,合作,米开朗基罗·塞阔齐,Q979862
卡拉瓦乔,Q42207,影响,米开朗基罗·塞阔齐,Q979862
拉格吉伯爵,Q18340689,赞助,米开朗基罗·塞阔齐,Q979862
拉吉主教,表中无ID,崇拜,米开朗基罗·塞阔齐,Q979862
马萨涅洛,Q735619,激发,米开朗基罗·塞阔齐,Q979862
萨尔瓦多·罗萨,Q359421,批评,米开朗基罗·塞阔齐,Q979862
枢机主教弗拉维奥·奇吉,Q368700,委托,米开朗基罗·塞阔齐,Q979862
乌尔德里科·卡尔佩尼亚,Q980628,赞助,米开朗基罗·塞阔齐,Q979862
西尔维亚·卡兰迪尼,Q113801624,赞助,米开朗基罗·塞阔齐,Q979862
雅克·库尔图瓦,Q1366347,认识,米开朗基罗·塞阔齐,Q979862
亚历山大七世,Q127254,委托,米开朗基罗·塞阔齐,Q979862
扬·米尔,Q979945,合作,米开朗基罗·塞阔齐,Q979862
弗朗西斯科·阿尔加罗蒂,Q439081,认识,米凯莱西,Q5986198
费迪南德大公,Q465178,资助,米科·斯帕达罗,Q1170226
马歇尔·舒伦伯格,Q70910,委托,莫拉特,Q339474
马歇尔·舒伦伯格,Q70910,认识,莫拉西,Q19997480
安德烈亚·特隆,Q110224729,反对,莫罗西尼,Q34481
克莱门特九世,Q155961,支持,内格罗尼,Q3105203
因诺森特十一世,Q101286,支持,内格罗尼,Q3105203
布克哈特,Q3166189,通信,尼古拉·克劳德·法布里·德·佩雷斯克,Q440183
加布里埃尔·诺德,Q710176,通信,尼古拉·克劳德·法布里·德·佩雷斯克,Q440183
弗朗西斯科·阿尔加罗蒂,Q439081,赞赏,尼古拉·普桑,Q41554
费迪南德大公,Q465178,委托,尼古拉·萨尔维,Q1986231
弗朗切斯科·巴尔贝里尼,Q2662344,赞助,尼古拉斯·普桑,Q41554
弗朗切斯科·巴尔贝里尼,Q2662344,推荐,尼古拉斯·普桑,Q41554
吉安·彼得罗·贝洛里,Q714400,支持,尼古拉斯·普桑,Q41554
吉安巴蒂斯塔·马里诺,Q332489,赞助,尼古拉斯·普桑,Q41554
卡米洛·马西斯米,Q1081431,委托,尼古拉斯·普桑,Q41554
卡西亚诺·达尔·波佐,Q1048333,赞助,尼古拉斯·普桑,Q41554
卡西亚诺·达尔·波佐,Q1048333,委托,尼古拉斯·普桑,Q41554
詹巴蒂斯塔·马里诺,Q332489,介绍,尼古拉斯·普桑,Q41554
朱利奥·罗斯皮格里奥西,Q155961,发现,尼古拉斯·普桑,Q41554
朱利奥·罗斯皮格里奥西,Q155961,介绍,尼古拉斯·普桑,Q41554
安妮女王,Q151209,任命,尼科洛·卡萨纳,Q3341172
费迪南德大公,Q465178,委托,尼科洛·卡萨纳,Q3341172
费迪南德大公,Q465178,赞助,尼科洛·萨科尼,Q1986231
彼得罗·泰斯塔,Q2155480,借钱,尼科洛·西蒙内利,Q97072945
路易吉·斯卡拉穆奇亚,Q3266512,献画,尼科洛·西蒙内利,Q97072945
萨尔瓦多·罗萨,Q359421,认识,尼科洛·西蒙内利,Q97072945
西吉斯蒙德·施特赖特,Q90687,委托,诺加里,Q465422
约瑟夫·史密斯,Q476702,认识,诺加里,Q465422
卡尔·古斯塔夫·泰辛,Q1038496,购买,诺加利,Q465422
戈尔多尼,Q165534,建议,诺维利,Q1718478
安东尼奥·扎塔,Q3313574,雇佣,诺维利,Q1718478
弗朗西斯科·阿尔加罗蒂,Q439081,认识,欧斯塔基奥·曼弗雷德,Q3541151
弗朗西斯科·阿尔加罗蒂,Q439081,结识,欧斯塔基奥·曼弗雷德,Q3541151
弗朗西斯科·阿尔加罗蒂,Q439081,认识,欧斯塔基奥·扎诺蒂,Q3735039
芭芭拉·马扎,Q124847240,研究,欧文·麦克斯温尼,Q5102690
菲利波·法尔塞蒂,Q16556042,学习,帕德里·洛多利,Q601642
西吉斯蒙德·施特赖特,Q90687,退休,帕多瓦,1682
马菲奥·皮内利,Q56006855,收藏,帕多瓦尼诺,Q1727824
马菲奥·皮内利,Q56006855,收藏,帕尔马·乔凡尼,Q651795
安东尼奥·玛丽亚·扎内蒂,Q944948,收藏,帕尔米贾尼诺,表中无人名
加布里埃尔·诺德,Q710176,合作,帕加尼诺·高登齐,Q2046132
加布里埃尔·诺德,Q710176,评论,帕加尼诺·高登齐,Q2046132
弗朗西斯科·阿尔加罗蒂,Q439081,委托,帕拉迪奥,Q177692
弗朗西斯科·阿尔加罗蒂,Q439081,欣赏,帕拉迪奥,Q177692
约瑟夫·史密斯,Q476702,认识,帕拉迪奥,Q177692
安德烈亚·帕拉迪奥,Q177692,设计,帕拉佐·基里卡蒂宫,表中无人名
弗朗西斯科·阿尔加罗蒂,Q439081,委托,帕尼尼,Q286670
弗朗西斯科·阿尔加罗蒂,Q439081,评论,帕尼尼,Q286670
弗朗西斯科·阿尔加罗蒂,Q439081,建议,帕尼尼,Q286670
卡纳莱托,Q182664,认识,帕尼尼,Q286670
约瑟夫·史密斯,Q476702,合伙,帕斯夸里,表中无ID
马可·福斯卡里尼,Q1242215,委托,庞培奥·巴托尼,Q505613
安德鲁·方丹,Q4756994,雇用,佩莱格里尼,Q1358364
波特兰勋爵,Q336463,委托,佩莱格里尼,Q1358364
卡多根勋爵,表中无ID,雇佣,佩莱格里尼,Q1358364
克拉拉·加拉斯,表中无ID,研究,佩莱格里尼,Q1358364
曼彻斯特勋爵,表中无ID,邀请,佩莱格里尼,Q1358364
曼彻斯特勋爵,表中无ID,雇用,佩莱格里尼,Q1358364
皮埃尔·莫特克斯,Q3382857,委托,佩莱格里尼,Q1358364
约翰·威廉,Q64266,赞助,佩莱格里尼,Q1358364
约翰·威廉选帝侯,Q64266,邀请,佩莱格里尼,Q1358364
约翰·威廉选帝侯,Q64266,委托,佩莱格里尼,Q1358364
约瑟夫·史密斯,Q476702,认识,佩莱格里诺·安东尼奥·奥兰迪,Q947577
乔瓦尼·安德里亚·卡洛恩,Q3106993,欠债,佩莱格里诺·佩里,表中无ID
乔瓦尼·安德里亚·卡洛内,Q3106993,袭击,佩莱格里诺·佩里,表中无ID
卡洛内,Q3106993,袭击,佩里,表中无ID
弗朗西斯科·阿尔加罗蒂,Q439081,指导,佩希,Q97572114
马歇尔·舒伦伯格,Q70910,收藏,皮埃尔·保罗·普吉,Q371979
马歇尔·舒伦伯格,Q70910,认识,皮埃尔·保罗·普吉,Q371979
弗朗西斯科·阿尔加罗蒂,Q439081,拜访,皮埃尔·克罗泽特,Q2007354
弗朗西斯科·阿尔加罗蒂,Q439081,不及,皮埃尔·克罗泽特,Q2007354
弗朗西斯科·阿尔加罗蒂,Q439081,结识,皮埃尔·路易·莫佩尔蒂,Q164374
弗兰西斯·哈斯克尔,Q320477,感谢,皮埃尔·罗森伯格,Q966176
克塞特勋爵五世,Q15989977,雇用,皮埃尔·蒙诺,Q3383614
弗朗西斯科·阿尔加罗蒂,Q439081,认识,皮埃尔-让·马里埃特,Q322341
弗拉·加尔加利奥,Q1440305,拒绝,皮埃特罗·奥托博尼,Q101294
塞巴斯蒂亚诺·里奇,Q26878812,拒绝,皮埃特罗·奥托博尼,Q101294
亚历山大八世,Q101294,任命,皮埃特罗·奥托博尼,Q101294
卡米洛·马西斯米,Q1081432,赞助,皮埃特罗·圣·巴托利,Q1106798
卡米洛·马西斯米,Q1081433,委托,皮埃特罗·圣·巴托利,Q1106798
马斯西米,Q3297734,委托,皮埃特罗·圣·巴托利,Q1106798
保罗·焦尔达诺,Q519364,赞助,皮埃特罗·塔卡,Q1350673
保罗·焦尔达诺,Q519364,赞助,皮埃特罗·塔卡,Q1350673
彼得罗·泰斯塔,Q2155480,合作,皮尔·弗朗西斯科·莫拉,Q1192715
卡西亚诺·达尔·波佐,Q1048333,赞助,皮尔·弗朗西斯科·莫拉,Q1192715
克里斯蒂娜,Q52937,赞助,皮尔·弗朗西斯科·莫拉,Q1192715
克里斯蒂娜女王,Q52937,委托,皮尔·弗朗西斯科·莫拉,Q1192715
克里斯蒂娜女王,Q52937,崇拜,皮尔·弗朗西斯科·莫拉,Q1192715
马蒂亚·普雷蒂,Q468632,取代,皮尔·弗朗西斯科·莫拉,Q1192715
马蒂亚·普雷蒂,Q468632,替代,皮尔·弗朗西斯科·莫拉,Q1192715
帕姆菲利亲王,Q2935138,委托,皮尔·弗朗西斯科·莫拉,Q1192715
因诺森特十世,Q101266,协助,皮尔·弗朗西斯科·莫拉,Q1192715
教皇克莱门特十一世,Q129967,雇佣,皮尔·莱昂尼·盖齐,Q429072
马歇尔·舒伦伯格,Q70910,委托,弗朗切斯科·皮特,表中无ID
弗朗西斯科·阿尔加罗蒂,Q439081,委托,皮托尼,Q982011
弗朗西斯科·阿尔加罗蒂,Q439081,委托,皮托尼,Q982011
弗朗西斯科·阿尔加罗蒂,Q439081,委托,皮托尼,Q982011
克莱门斯·奥古斯特,Q215086,委托,皮托尼,Q982011
马歇尔·舒伦伯格,Q70910,委托,皮托尼,Q982011
马歇尔·舒伦伯格,Q70910,赞助,皮托尼,Q982011
麦克斯威尼,Q5102690,邀请,皮托尼,Q982011
麦克斯威尼,Q5102690,委托,皮托尼,Q982011
欧文·麦克斯维尼,Q5102690,委托,皮托尼,Q982011
唐·彼得罗·安东尼奥·托尼,Q2374666,朋友,皮托尼,Q982011
唐·彼得罗·安东尼奥·托尼,Q2374666,结识,皮托尼,Q982011
赞贝利,Q5936529,受雇,皮托尼,Q982011
安东尼奥·玛丽亚·扎内蒂,Q944948,影响,皮亚泽塔,Q282670
安格利,Q378182,模仿,皮亚泽塔,Q282670
弗朗西斯科·阿尔加罗蒂,Q439081,委托,皮亚泽塔,Q282670
弗朗西斯科·阿尔加罗蒂,Q439081,委托,皮亚泽塔,Q282670
弗朗西斯科·阿尔加罗蒂,Q439081,委托,皮亚泽塔,Q282670
克莱门斯·奥古斯特,Q215086,委托,皮亚泽塔,Q282670
马歇尔·舒伦伯格,Q70910,代理,皮亚泽塔,Q282670
马歇尔·舒伦伯格,Q70910,委托,皮亚泽塔,Q282670
马歇尔·舒伦伯格,Q70910,雇佣,皮亚泽塔,Q282670
马歇尔·舒伦伯格,Q70910,委托,皮亚泽塔,Q282670
麦克斯威尼,Q5102690,邀请,皮亚泽塔,Q282670
麦克斯威尼,Q5102690,委托,皮亚泽塔,Q282670
欧文·麦克斯维尼,Q5102690,委托,皮亚泽塔,Q282670
詹巴蒂斯塔·阿尔布里兹,Q21748854,赞助,皮亚泽塔,Q282670
G.A.阿曼尼,表中无ID,嘲笑,普尔先生,表中无ID
卡洛·洛多利,Q601642,教授,普芬多夫,Q57186
西吉斯蒙德·施特赖特,Q90687,认识,普鲁士国王,Q58600
西吉斯蒙德·施特赖特,Q90687,认识,普鲁士女王,Q231876
弗朗西斯科·阿尔加罗蒂,Q439081,通信,普罗斯佩罗·佩希,Q97572114
弗朗西斯科·阿尔加罗蒂,Q439081,认识,普罗斯佩罗·佩希,Q97572114
弗朗西斯科·阿尔加罗蒂,Q439081,委托,普洛斯彼罗·佩希,Q97572114
彼得罗·泰斯塔,Q2155480,学习,普桑,Q41554
弗朗西斯科·巴尔贝里尼,Q2662344,赞助,普桑,Q41554
卡米洛·马西斯米,Q1081434,学习,普桑,Q41554
卡米洛·马西斯米,Q1081435,收藏,普桑,Q41554
卡西亚诺,Q1048333,赞助,普桑,Q41554
卡西亚诺·达尔·波佐,Q1048333,指导,普桑,Q41554
卡西亚诺·达尔·波佐,Q1048333,委托,普桑,Q41554
卡西亚诺·达尔·波佐,Q1048333,赞助,普桑,Q41554
马尔凯塞·朱斯蒂尼亚尼,Q1396468,赞助,普桑,Q41554
詹巴蒂斯塔·马里诺,Q332489,委托,普桑,Q41554
马塞洛·萨凯蒂,Q6087600,引荐,普桑,Q41554
马斯西米,Q3297734,赞助,普桑,Q41554
西蒙内利,Q97072945,介绍,普桑,Q41554
西吉斯蒙德·施特赖特,Q90687,认识,齐默尔曼,Q115878
普桑,Q41554,写信,保罗·弗雷亚特·德·钱特娄,Q3371258
弗朗西斯科·阿尔加罗蒂,Q439081,欣赏,乔尔乔内,Q8459
马菲奥·皮内利,Q56006855,收藏,乔尔乔内,Q8459
弗朗切斯科·巴尔贝里尼,Q2662344,赞助,乔凡·弗朗切斯科·罗曼内利,Q2983846
费迪南德大公,Q465178,委托,乔凡尼·阿戈斯蒂诺·卡萨纳,Q3106982
费迪南德大公,Q465178,支持,乔凡尼·安东尼奥·伯里尼,Q1648231
弗拉维奥·奇吉,Q368700,委托,乔凡尼·安杰洛·卡尼尼,Q5563665
奥古斯特三世,Q53438,委托,乔凡尼·巴蒂斯塔·蒂耶波洛,Q186202
卡尔·菲利普·冯·格里芬克劳,Q95296,委托,乔凡尼·巴蒂斯塔·蒂耶波洛,Q186202
卡尔·菲利普·冯·格里芬克劳,Q95296,邀请,乔凡尼·巴蒂斯塔·蒂耶波洛,Q186202
费迪南德大公,Q465178,赞助,乔凡尼·巴蒂斯塔·兰杰蒂,Q1525882
加斯帕尔·如莫尔,Q3098722,赞助,乔凡尼·巴蒂斯塔·罗勃洛,Q1116328
奥古斯特三世,Q53438,委托,乔凡尼·巴蒂斯塔·皮托尼,Q982011
奥古斯特三世,Q53438,委托,乔凡尼·巴蒂斯塔·皮亚泽塔,Q282670
奥拉齐奥·简提列斯基,Q367360,竞争,乔凡尼·巴格里昂,Q983332
教皇克莱门特十一世,Q129967,雇佣,乔凡尼·多梅尼科·皮斯特里尼,Q18217871
彼得罗·维斯康蒂,Q127230626,评论,乔凡尼·多美尼科·蒂耶波洛,Q435316
弗朗切斯科·巴尔贝里尼,Q2662344,委托,乔凡尼·兰弗兰科,Q447730
蒙特利伯爵,Q3845070,雇用,乔凡尼·兰弗兰科,Q447730
枢机主教蒙塔尔托,Q133350,委托,乔凡尼·兰弗兰科,Q447730
乌尔班八世,Q131579,委托,乔凡尼·兰弗兰科,Q447730
教皇克莱门特十一世,Q129967,雇佣,乔凡尼·欧达兹,Q464446
西吉斯蒙德·施特赖特,Q90687,认识,乔利,Q2404265
马歇尔·舒伦伯格,Q70910,认识,乔托,Q7814
卢梭,Q6527,影响,乔瓦尼·巴蒂斯塔·比菲,Q16559762
切萨雷·贝卡里亚,Q223723,结识,乔瓦尼·巴蒂斯塔·比菲,Q16559762
维里,Q550318,结识,乔瓦尼·巴蒂斯塔·比菲,Q16559762
克劳迪奥·阿夸维瓦,Q681779,监督,乔瓦尼·巴蒂斯塔·菲亚梅里,Q3107066
彼得罗·贝尔尼尼,Q712397,雇用,乔瓦尼·巴蒂斯塔·高利,Q520573
彼得罗·贝尔尼尼,Q712397,推荐,乔瓦尼·巴蒂斯塔·高利,Q520573
费迪南德大公,Q465178,委托,乔瓦尼·巴蒂斯塔·兰杰蒂,Q1525882
马歇尔·舒伦伯格,Q70910,认识,乔瓦尼·巴蒂斯塔·罗塔,表中无ID
卡洛·洛多利,Q601642,结识,乔瓦尼·巴蒂斯塔·帕斯夸利,Q3762420
弗朗西斯科·阿尔加罗蒂,Q439081,评价,乔瓦尼·巴蒂斯塔·皮托尼,Q982011
弗朗西斯科·阿尔加罗蒂,Q439081,评价,乔瓦尼·巴蒂斯塔·皮亚泽塔,Q282670
彼得罗·泰斯塔,Q2155480,合作,乔瓦尼·贝内代托·卡斯蒂廖内,Q40823
约瑟夫·史密斯,Q476702,认识,乔瓦尼·波伦尼,Q1230528
枢机主教皮奥,表中无ID,资助,乔瓦尼·博纳蒂,Q5565359
弗朗西斯科·阿尔加罗蒂,Q439081,认识,乔瓦尼·博塔里,Q3107196
卡米洛·马西斯米,Q1081437,赞助,乔瓦尼·博塔里,Q3107196
保罗·焦尔达诺,Q519364,赞助,乔瓦尼·达·圣·乔瓦尼,Q1058463
亚历山德罗·法尔内塞,Q248459,委托,乔瓦尼·德·韦克奇,Q27841680
亚历山德罗·法尔内塞,Q248459,雇用,乔瓦尼·德·韦克奇,Q27841680
马扎林,Q166056,雇用,乔瓦尼·弗朗切斯科·格里马尔迪,Q1342809
费迪南德大公,Q465178,支持,乔瓦尼·卡米洛·萨格雷斯塔尼,Q598631
费兰特·卡洛,Q98111606,批评,乔瓦尼·兰弗兰科,Q447730
吉安·彼得罗·贝洛里,Q714400,批评,乔瓦尼·兰弗兰科,Q447730
费迪南德大公,Q465178,支持,乔瓦尼·里奇,表中无ID
弗朗西斯科·阿尔加罗蒂,Q439081,委托,乔瓦尼·马尔乔里,Q240781
保罗·内格里,Q3894305,评论,乔瓦尼·佩鲁吉尼,Q5563946
佩莱格里诺·佩里,表中无ID,谴责,乔瓦尼·佩鲁西尼,未查询成功
朱利奥·马扎林,Q166056,委托,乔万·弗朗西斯科·罗曼内利,Q2983846
费迪南德大公,Q465178,资助,乔万·乔塞福·达尔·索罗,Q961329
费迪南德大公,Q465178,赞助,乔万·乔塞福·达尔·索罗,Q961329
彼得伯勒伯爵三世,Q1065565,委托,乔万·乔瑟福·达尔·索尔,Q961329
萨沃伊尤金大公,Q610738,委托,乔万·乔瑟福·达尔·索尔,Q961329
费迪南德大公,Q465178,资助,乔万·乔瑟福·桑蒂,Q52154095
费迪南德大公,Q465178,赞助,乔万·乔瑟福·桑蒂,Q52154095
布克哈特,Q3166189,赞赏,乔万尼·巴蒂斯塔·多尼,Q2739207
费迪南德大公,Q465178,资助,乔万尼·巴蒂斯塔·郎盖蒂,Q1525882
马尔凯塞·朱斯蒂尼亚尼,Q1396468,收藏,乔治·德·拉图尔,Q203371
弗兰西斯·哈斯克尔,Q320477,感谢,乔治·汉弗莱·沃尔弗斯坦·赖兰兹,Q5208082
卡洛·马拉塔,Q538998,指导,乔治·玛丽亚·拉帕里尼,Q1525490
安吉洛·奎里尼,Q536447,影响,乔治·皮萨尼,表中无ID
孟德斯鸠,Q15975,影响,乔治·皮萨尼,表中无ID
詹皮科利,Q3107898,受委托,乔治·皮萨尼,表中无ID
弗朗西斯科·祖卡雷利,Q919093,效力,乔治三世,Q127318
约瑟夫·史密斯,Q476702,出售,乔治四世,Q130586
罗萨尔巴·卡列拉,Q237726,结识,让·弗朗索瓦·德·特洛伊,Q707729
卡西亚诺·达尔·波佐,Q1048333,赞助,让·勒梅尔,Q212445
布克哈特,Q3166189,合作,让-雅克·布夏尔,Q3166189
保罗·焦尔达诺,Q519364,赞助,热罗拉莫·弗雷斯科巴尔迪,Q209212
马歇尔·舒伦伯格,Q70910,对抗,瑞典查理十二世,Q52934
安德里亚·梅莫,Q1052776,认识,瑞典国王,Q52938
巴尔迪努奇,Q979574,评论,萨尔瓦多·罗萨,Q359421
巴尔迪努奇,Q979574,评价,萨尔瓦多·罗萨,Q359421
巴尔迪努奇,Q979574,评价,萨尔瓦多·罗萨,Q359421
彼得罗·贝尔尼尼,Q712397,驱逐,萨尔瓦多·罗萨,Q359421
弗朗西斯科·阿尔加罗蒂,Q439081,评价,萨尔瓦多·罗萨,Q359421
路易十四,Q7742,邀请,萨尔瓦多·罗萨,Q359421
马里亚诺·罗西,表中无人名,帮助,萨尔瓦多·罗萨,Q359421
尼科洛·西蒙内利,Q97072945,雇用,萨尔瓦多·罗萨,Q359421
尼科洛·西蒙内利,Q97072945,赞助,萨尔瓦多·罗萨,Q359421
尼科落·西蒙内利,Q97072945,赞助,萨尔瓦多·罗萨,Q359421
唐·安东尼奥·鲁福,Q76342063,委托,萨尔瓦多·罗萨,Q359421
西蒙内利,Q97072945,协助,萨尔瓦多·罗萨,Q359421
詹巴蒂斯塔·里恰尔迪,Q55769135,委托,萨尔瓦多·罗萨,Q359421
詹巴蒂斯塔·里恰尔迪,Q55769135,建议,萨尔瓦多·罗萨,Q359421
詹巴蒂斯塔·里恰尔迪,Q55769135,友谊,萨尔瓦多·罗萨,Q359421
朱塞佩·德·罗西斯,Q28730220,评价,萨尔瓦多·罗萨,Q359421
卡洛·德·罗西,表中无ID,赞助,萨尔瓦多·罗萨银,Q359421
卡尔多·德·罗西,表中无ID,委托,萨尔瓦托·罗萨,Q359421
洛伦佐·奥诺弗里奥,Q3837032,赞助,萨尔瓦托·罗萨,Q359421
唐·马里奥·齐吉,表中无ID,保护,萨尔瓦托·罗萨,Q359421
安·萨瑟兰·哈里斯,Q18934849,研究,萨基,Q495008
巴尔贝里尼,Q1186836,雇佣,萨基,Q495008
费迪南德大公,Q465178,支持,萨科尼,表中无ID
费迪南德大公,Q465178,资助,萨科尼,表中无ID
费迪南德大公,Q465178,派遣,萨科尼,表中无ID
洛雷达娜·奥利瓦托,Q61480955,研究,萨索,Q56007029
斯特兰奇,表中无ID,委托,萨索,Q56007029
安尼巴莱·卡拉奇,Q7830,影响,萨索费拉托,Q1345289
多梅尼基诺,Q320118,影响,萨索费拉托,Q1345289
卡拉布里安·弗朗切斯科·科扎,Q1133464,推荐,萨索费拉托,Q1345289
拉斐尔,Q5597,影响,萨索费拉托,Q1345289
罗萨诺公主,结果不唯一,委托,萨索费拉托,Q1345289
W.阿尔斯兰,Q4018329,研究,塞巴斯蒂安·里奇,Q26878812
孔戴·塔西斯,表中无ID,委托,塞巴斯蒂安·里奇,Q26878812
唐·彼得罗·安东尼奥·托尼,Q2374666,密友,塞巴斯蒂安·里奇,Q26878812
唐·彼得罗·安东尼奥·托尼,Q2374666,照顾,塞巴斯蒂安·里奇,Q26878812
费迪南德大公,Q465178,聘请,塞巴斯蒂安诺·邦贝利,Q963486
安东尼奥·玛丽亚·扎内蒂,Q944948,收藏,塞巴斯蒂亚诺,Q21208132
奥托博尼,Q101294,接纳,塞巴斯蒂亚诺·孔卡,Q774781
弗朗西斯科·索利梅纳,Q736065,优于,塞巴斯蒂亚诺·孔卡,Q774781
弗朗西斯科·索利梅纳,Q736065,教导,塞巴斯蒂亚诺·孔卡,Q774781
弗朗西斯科·索利梅纳,Q736065,影响,塞巴斯蒂亚诺·孔卡,Q774781
教皇克莱门特十一世,Q129967,雇佣,塞巴斯蒂亚诺·孔卡,Q774781
克里斯蒂娜女王,Q52937,委托,塞巴斯蒂亚诺·孔卡,Q774781
皮埃特罗·奥托博尼,Q101294,赞助,塞巴斯蒂亚诺·孔卡,Q774781
皮埃特罗·奥托博尼,Q101294,委托,塞巴斯蒂亚诺·孔卡,Q774781
朱塞佩·玛丽亚·克雷斯皮,Q528620,优于,塞巴斯蒂亚诺·孔卡,Q774781
P·J·马里埃特,Q322343,评论,塞巴斯蒂亚诺·里奇,Q26878812
奥托博尼,Q101294,委托,塞巴斯蒂亚诺·里奇,Q26878812
波特兰勋爵,Q336463,雇用,塞巴斯蒂亚诺·里奇,Q26878812
伯灵顿勋爵,Q555723,雇用,塞巴斯蒂亚诺·里奇,Q26878812
菲利波·朱瓦拉,Q85000,邀请,塞巴斯蒂亚诺·里奇,Q26878812
菲利波·朱瓦拉,Q85000,授权,塞巴斯蒂亚诺·里奇,Q26878812
菲利普·朱瓦拉,Q85000,授权,塞巴斯蒂亚诺·里奇,Q26878812
费迪南德大公,Q465178,委托,塞巴斯蒂亚诺·里奇,Q26878812
弗朗切斯科·丰特巴索,Q447991,学习,塞巴斯蒂亚诺·里奇,Q26878812
弗朗西斯科·马鲁切利,Q3750256,委托,塞巴斯蒂亚诺·里奇,Q26878812
贾科莫·瓜拉纳,Q3805882,学习,塞巴斯蒂亚诺·里奇,Q26878812
杰弗里·丹尼尔斯,Q16185399,研究,塞巴斯蒂亚诺·里奇,Q26878812
克里斯蒂娜女王,Q52937,委托,塞巴斯蒂亚诺·里奇,Q26878812
皮埃特罗·奥托博尼,Q101294,邀请,塞巴斯蒂亚诺·里奇,Q26878812
约瑟夫·史密斯,Q476702,赞助,塞巴斯蒂亚诺·里奇,Q26878812
阿戈斯蒂诺·马斯卡迪,Q3606791,翻译,塞贝斯,Q965144
弗拉维奥·奇吉,Q368700,委托,塞阔齐,Q979862
科达奇,Q2553051,合作,塞阔齐,Q979862
拉格吉伯爵,Q18340689,赞助,塞阔齐,Q979862
拉吉主教,表中无ID,崇拜,塞阔齐,Q979862
罗萨,Q359421,批评,塞阔齐,Q979862
摩德纳人西尔维亚·卡兰迪尼,Q113801624,崇拜,塞阔齐,Q979862
西尔维亚·卡兰迪尼,Q113801624,赞助,塞阔齐,Q979862
马歇尔·舒伦伯格,Q70910,认识,塞缪尔·罗曼宁,Q3946678
约瑟夫·史密斯,Q476702,认识,塞缪尔·希尔,Q28955153
弗朗西斯科·阿尔加罗蒂,Q439081,仰慕,塞西莉亚·埃莫,表中无ID
沙夫茨伯里三世,Q333294,孙子,沙夫茨伯里伯爵一世,Q333294
安东尼奥·玛丽亚·扎内蒂,Q944948,代理,摄政王,Q155596
格雷戈里十五世,Q132692,册封,圣方济·沙勿略,Q163900
格里高利十五世,Q132692,册封,圣方济·沙勿略,Q163900
格里高利十三世,Q83029,指派,圣菲利普·内里,Q217791
安德里亚·梅莫,Q1052776,学习,史密斯领事,Q476702
弗朗西丝·维维安,Q76180855,研究,史密斯领事,Q476702
卡洛·洛多利,Q601642,拜访,史密斯领事,表中无ID
唐·彼得罗·安东尼奥·托尼,Q2374666,代理,史密斯领事,未查询成功
乌尔班八世,Q131579,任命,枢机主教安东尼奥,Q599744
教皇亚历山大八世,Q101294,任命,枢机主教奥托博尼,Q101294
亚历山大八世,Q101294,任命,枢机主教奥托博尼,Q101294
乔凡尼·兰弗兰科,Q447730,通信,枢机主教巴尔贝里尼,Q599744
费兰特·卡洛,Q98111606,秘书,枢机主教鲍格才,Q452570
多梅尼科·马丽亚·维亚尼,Q5290110,拒绝,枢机主教德·德阿达,Q1366303
拉扎里尼,Q1384461,拒绝,枢机主教德·德阿达,Q1366303
德特勒夫·海坎普,Q23562036,研究,枢机主教德尔·蒙特,Q140106
乔瓦尼·巴蒂斯塔·克雷森齐,Q1525857,兄弟,枢机主教克雷森齐,Q1525853
费兰特·卡洛,Q98111606,秘书,枢机主教桑德拉托,Q2518867
安东尼奥·玛丽亚·扎内蒂,Q944948,代理,舒伦堡,Q70910
安东尼奥·玛丽亚·扎内蒂(老),Q944948,结识,舒伦堡,Q70910
朱塞佩·M·克雷斯皮,Q528620,通信,斯蒂法诺·孔蒂,Q4026944
约翰·格奥尔格三世,Q53438,雇用,斯蒂芬诺·萨达尼,表中无ID
马扎林,Q166056,支持,斯帕达,表中无ID
詹姆斯·桑希尔爵士,Q1681192,争执,斯泰尔斯先生,表中无ID
贝尔纳多·贝洛托,Q164688,效力,斯坦尼斯拉斯·波尼亚托夫斯基,Q54019
亚历山德罗·马尔凯西尼,Q3460024,通信,斯特凡诺·孔蒂,Q4026944
乔万尼·玛利亚·萨索,Q56007029,合作,斯特兰奇,表中无ID
乔万尼·玛利亚·萨索,Q56007029,通信,斯特兰奇,表中无ID
马歇尔·舒伦伯格,Q70910,认识,斯威特,Q18934833
萨沃伊尤金大公,Q610738,委托,索利梅纳,Q736065
乌尔班八世,Q131579,提拔,塔代奥·巴尔贝里尼,Q3817341
安东尼奥·巴尔贝里尼,Q599744,兄弟,塔代奥·巴尔贝里尼,Q3817341
弗朗切斯科·巴尔贝里尼,Q2662344,兄弟,塔代奥·巴尔贝里尼,Q3817341
乌尔班八世,Q131579,叔叔,塔代奥·巴尔贝里尼,Q3817341
乌尔班八世,Q131579,授予,塔代奥·巴尔贝里尼,Q3817341
乌尔班八世,Q131579,任命,塔代奥·巴尔贝里尼,Q3817341
乌尔班八世,Q131579,赋予,塔迪奥·巴尔贝里尼,Q3817341
贝尔纳迪诺·卡斯泰利,Q3638702,描绘,泰奥多罗·科雷尔,Q2403974
卡西亚诺,Q1048333,赞助,泰斯塔,Q2155480
弗朗西斯科·阿尔加罗蒂,Q439081,指导,泰西,Q3301722
弗朗西斯科·阿尔加罗蒂,Q439081,委托,泰西,Q3301722
比尤斯特伦,Q5577315,讨论,泰辛,Q1038496
安东·弗朗切斯科·法尔塞蒂,表中无ID,侄子,汤马索·朱塞佩·法尔塞蒂,Q53564852
塞巴斯蒂安·里奇,Q26878812,赠送,唐·彼得罗·安东尼奥·托尼,Q2374666
范·拉尔,Q576907,献画,唐·费迪南多·阿凡·德·里贝拉,Q1762520
卡洛·马拉塔,Q538998,分歧,唐·加斯帕罗·阿尔蒂里,Q27999316
乌尔班八世,Q131579,任命,唐·塔迪奥·巴尔贝里尼,Q3817341
安德里亚·梅莫,Q1052776,认识,唐·文森佐·拉迪基奥,秘书，无ID
安德里亚·梅莫,Q1052776,指导,唐·文森佐·拉迪基奥,秘书，无ID
卡米洛·马西斯米,Q1081438,购买,唐娜·奥林匹娅·马伊达尔齐尼,Q260170
奥托博尼,Q101294,安置,特雷维萨尼,Q963875
弗兰西斯·哈斯克尔,Q320477,感谢,特里西奥·皮尼亚蒂,Q2404709
马歇尔·舒伦伯格,Q70910,认识,特里西奥·皮尼亚蒂,Q2404709
弗朗西斯科·阿尔加罗蒂,Q439081,评价,特尼斯,表中无人名
查尔斯五世,Q32500,提拔,提香,Q47551
查理五世,Q32500,任命,提香,Q47551
弗朗西斯科·阿尔加罗蒂,Q439081,欣赏,提香,Q47551
约瑟夫·史密斯,Q476702,认识,托菲洛·加拉西尼,Q51527555
弗朗西斯科·阿尔加罗蒂,Q439081,评价,托雷利,Q712531
加布里埃尔·诺德,Q710176,赞赏,托马索·康帕内拉,Q191850
英诺森特十二世,Q132708,任命,托马索·鲁福,Q2661419
托马索·鲁福,Q2661419,委托,托马索·马泰,Q7819076
教皇克莱门特十一世,Q129967,雇佣,托马索·希阿里,Q52149250
弗朗西斯科·阿尔加罗蒂,Q439081,认识,托马索·朱塞佩·法塞蒂,Q53564852
安德里亚·梅莫,Q1052776,认识,托斯卡纳大公,Q256580
安吉洛·奎里尼,Q536447,认识,托斯卡纳大公,Q256580
费迪南德大公,Q465178,职位,托斯卡纳大公,Q256580
埃克塞特勋爵,表中无ID,委托,瓦莱里奥·卡斯特利,表中无ID
克塞特勋爵五世,Q15989977,委托,瓦莱里奥·卡斯特利,表中无ID
P·博斯科维奇,Q310757,通信,瓦利斯涅里,Q2662898
弗朗切斯科·巴尔贝里尼,Q2662344,赞助,瓦伦丁,Q1337275
卡西亚诺,Q1048333,赞助,瓦罗塔里,Q1727824
约瑟夫·史密斯,Q476702,认识,威廉·贝克福德,Q361026
弗朗西斯科·阿尔加罗蒂,Q439081,赠画,威廉·皮特,Q208663
弗朗西斯科·阿尔加罗蒂,Q439081,赠送,威廉·皮特,Q208663
约瑟夫·史密斯,Q476702,认识,威廉·皮特,Q208663
约瑟夫·史密斯,Q476702,认识,威廉姆斯,Q7529426
安妮女王,Q151209,继承,威廉三世,Q129987
弗朗西斯科·阿尔加罗蒂,Q439081,评价,韦尔内,Q315819
安东尼奥·扎塔,Q3313574,支持,维格诺拉,Q297565
枢机主教法尔内塞,Q248459,雇佣,维格诺拉,Q297565
枢机主教亚历山德罗·法尔内塞,Q248459,委托,维格诺拉,Q297565
亚历山德罗·法尔内塞,Q248459,雇用,维格诺拉,Q297565
卡洛·洛多利,Q601642,崇拜,维科,Q178709
卡洛·洛多利,Q601642,鼓励,维科,Q178709
卡洛·洛多利,Q601642,鼓励,维科,Q178709
卡纳莱托,Q182664,影响,维米尔,Q41264
卡纳莱托,Q182664,认识,维米尔,Q41264
彼得罗·泰斯塔,Q2155480,创作,维琴佐·朱斯蒂尼亚尼,Q25206732
卡米洛·马西斯米,Q1081440,继承,维琴佐·朱斯蒂尼亚尼,Q25206732
安东尼奥·扎塔,Q3313574,支持,维森蒂尼,Q605690
约瑟夫·史密斯,Q476702,雇佣,维森蒂尼,Q605690
约瑟夫·史密斯,Q476702,认识,维托·托德斯尼奇,表中无ID
约瑟夫·史密斯,Q476702,认识,维托里奥·马拉马尼,Q20441118
费迪南德大公,Q465178,学习,维维亚尼,Q318037（不确定)
费迪南德大公,Q465178,委托,维维亚尼,Q318037（不确定)
马尔凯塞·朱斯蒂尼亚尼,Q1396468,赞助,维维亚诺·科达奇,Q2553051
米开朗基罗·塞阔齐,Q979862,合作,维维亚诺·科达奇,Q2553051
菲利普四世,Q691402,派遣,委拉斯贵支,Q297
弗朗切斯科·巴尔贝里尼,Q2662344,结识,委拉斯贵支,Q297
弗朗西斯科·巴尔贝里尼,Q2662344,接待,委拉斯贵支,Q297
卡米洛·马西斯米,Q1081439,收藏,委拉斯贵支,Q297
马斯西米,Q3297734,赞助,委拉斯贵支,Q297
米开朗基罗·塞阔齐,Q979862,认识,委拉斯贵支,Q297
因诺森特十世,Q101266,委托,委拉斯贵支,Q297
弗朗西斯科·阿尔加罗蒂,Q439081,欣赏,委罗内塞,Q9440
马菲奥·皮内利,Q56006855,收藏,委罗内塞,Q9440
安吉洛·奎里尼,Q536447,赞赏,温克尔曼,Q57280
安吉洛·奎里尼,Q536447,崇敬,温克尔曼,Q57280
米开朗基罗·塞阔齐,Q979862,绘制,文森佐·内里,表中无ID
萨尔瓦多·罗萨,Q359421,绘制,文森佐·内里,表中无ID
克劳德·梅兰,Q1274026,刻画,文森佐·朱斯蒂尼亚尼,Q25206732
奥古斯都三世,Q53438,雇用,文图拉,表中无ID
菲利波·法尔塞蒂,Q16556042,聘请,文图拉·弗拉尼,表中无ID
菲利波·法尔塞蒂,Q16556042,雇佣,文图拉·弗拉尼,表中无ID
贾科莫·卡萨诺瓦,Q83321,朋友,沃尔德斯坦伯爵,Q472851
马歇尔·舒伦伯格,Q70910,认识,沃森,Q378043
斯特兰奇,表中无ID,推荐,沃斯利爵士,Q7528684
卡西亚诺,Q1048333,赞助,沃特,Q317920
弗朗西斯科·阿尔加罗蒂,Q439081,评价,沃沃曼斯,Q454671
亨利四世,Q936976,赠予纹章,乌尔班八世,Q131579
马菲奥·巴尔贝里尼,Q131579,头衔,乌尔班八世,Q131579
马菲奥·巴尔贝里尼,Q131579,成为,乌尔班八世,Q131579
因诺森特十世,Q101266,继承,乌尔班八世,Q131579
弗朗西斯科·马鲁切利,Q3750256,赞助,西奥多·赫尔姆·布雷克,表中无ID
弗朗西斯科·马鲁切利,Q3750256,委托,西奥多·赫尔姆·布雷克,表中无ID
马歇尔·舒伦伯格,Q70910,认识,西庇阿,Q2307
贾科莫·阿米戈尼,Q380897,描绘,西吉斯蒙德·斯特赖特,Q90687
费迪南德大公,Q465178,委托,西罗·费里,Q975452
费迪南德大公,Q465178,赞助,西罗·费里,Q975452
弗朗切斯科·巴尔贝里尼,Q2662344,委托,西罗·费里,Q975452
路易十四,Q7742,邀请,西罗·费里,Q975452
麦克斯威尼,Q5102690,邀请,西马洛里,Q3766629
麦克斯威尼,Q5102690,委托,西马洛里,Q3766629
欧文·麦克斯维尼,Q5102690,委托,西马洛里,Q3766629
西吉斯蒙德·施特赖特,Q90687,认识,西马洛里,Q3766629
弗朗切斯科·巴尔贝里尼,Q2662344,赞助,西蒙·沃特,Q317920
卡西亚诺·达尔·波佐,Q1048333,赞助,西蒙·沃特,Q317920
马歇尔·舒伦伯格,Q70910,委托,西蒙尼尼,Q3081094
费迪南德大公,Q465178,支持,西皮奥内·马费伊,Q3831958
卡洛·洛多利,Q601642,教授,西塞罗,Q1541
乌尔班八世,Q131579,委托,希皮奥内·鲍格才,Q452570
安吉洛·奎里尼,Q536447,崇敬,希皮奥内·马菲,Q3831958
安吉洛·奎里尼,Q536447,认识,希皮奥内·马菲,Q3831958
卡洛·洛多利,Q601642,通信,希皮奥内·马菲,Q3831958
卡洛·洛多利,Q601642,联系,希皮奥内·马菲,Q3831958
费迪南德大公,Q465178,赞助,小阿尼洛·法尔科内,Q546528
安东尼奥·玛丽亚·扎内蒂,Q944948,表亲,小安东尼奥·玛丽亚·扎内蒂,Q18507790
安东尼奥·玛丽亚·扎内蒂,Q944948,合著,小安东尼奥·玛丽亚·扎内蒂,Q18507790
玛丽·德·美第奇,Q182021,雇用,小弗兰兹·普鲁布斯,Q934540
西吉斯蒙德·施特赖特,Q90687,认识,休·奥尼尔,Q3787443
安吉洛·奎里尼,Q536447,结识,雅各布·莫雷利,Q3791431
安东尼奥·玛丽亚·扎内蒂,Q944948,收藏,雅克·卡洛,Q460124
保罗·焦尔达诺,Q519364,赞助,雅克·卡洛,Q460124
圭多·雷尼,Q109061,影响,雅克·库尔图瓦,Q1366347
米开朗基罗·塞阔齐,Q979862,结识,雅克·库尔图瓦,Q1366347
米开朗基罗·塞阔齐,Q979862,影响,雅克·库尔图瓦,Q1366347
米开朗基罗·塞阔齐,Q979862,认识,雅克·库尔图瓦,Q1366347
约瑟夫·史密斯,Q476702,认识,亚里吉·兰迪尼,Q61472319
皮埃特罗·奥托博尼,Q101294,侄子,亚历山大八世,Q101294
马歇尔·舒伦伯格,Q70910,认识,亚历山大大帝,Q8409
贾科莫·奎里尼,Q85969264,批评,亚历山大七世,Q127254
尼科洛·西蒙内利,Q97072945,任职,亚历山大七世,Q127254
马尔凯塞·朱斯蒂尼亚尼,Q1396468,赞助,亚历山德罗·阿尔加尔迪,Q336798
弗兰西斯·哈斯克尔,Q320477,感谢,亚历山德罗·贝塔格诺,Q59527613
安德里亚·梅莫,Q1052776,认识,亚历山德罗·隆吉,Q1855242
安德里亚·梅莫,Q1052776,评论,亚历山德罗·隆吉,Q1855242
安吉洛·奎里尼,Q536447,认识,亚历山德罗·隆吉,Q1855242
彼得罗·莫斯基尼,表中无ID,委托,亚历山德罗·隆吉,Q1855242
费迪南德大公,Q465178,雇用,亚历山德罗·马尔凯西尼,Q3460024
弗兰西斯·哈斯克尔,Q320477,感谢,亚历山德罗·马拉博蒂尼·马拉博蒂,Q19753755
费迪南德大公,Q465178,聘请,亚历山德罗·斯卡拉蒂,Q183087
费迪南德大公,Q465178,资助,亚历山德罗·斯卡拉蒂,Q183087
费迪南德大公,Q465178,委托,亚历山德罗·斯卡拉蒂,Q183087
卡西亚诺·达尔·波佐,Q1048333,雇用,亚历山德罗·瓦罗塔里,Q1727824
萨尔瓦多·罗萨,Q359421,批评,扬·米尔,Q979945
约翰·威廉选帝侯,Q64266,邀请,扬·韦尼克斯,Q1346044
保罗·焦尔达诺,Q519364,赞助,杨·范·登·赫克,Q2486064
安吉洛·奎里尼,Q536447,崇拜,伊壁鸠鲁,Q43216
马歇尔·舒伦伯格,Q70910,认识,伊菲根尼亚,Q192673
弗兰西斯·哈斯克尔,Q320477,感谢,伊丽莎白·欧玛,Q4990813
约瑟夫·史密斯,Q476702,认识,伊尼戈·琼斯,Q295929
安吉洛·奎里尼,Q536447,结识,伊西多罗·比安奇,Q3155339
唐娜·奥林匹娅,Q260170,拒付,因诺森特十世,Q101266
托马索·鲁福,Q2661419,任命,英诺森特十二世,Q132708
马歇尔·舒伦伯格,Q70910,认识,尤金王子,Q152428
马歇尔·舒伦伯格,Q70910,服役,尤金王子,Q152428
马歇尔·舒伦伯格,Q70910,服役于,尤金王子,Q152428
约瑟夫·史密斯,Q476702,认识,约翰·布雷瓦尔,Q6230521
约瑟夫·史密斯,Q476702,认识,约翰·弗莱明,Q6233420
弗朗西斯科·阿尔加罗蒂,Q439081,结识,约翰·赫维,表中无ID
约瑟夫·史密斯,Q476702,认识,约翰·康杜特,Q6226846
弗朗西斯科·阿尔加罗蒂,Q439081,影响,约翰·康斯太勃尔,Q159297
詹姆斯·布莱吉斯,Q333238,雇用,约翰·克里斯托夫·佩普施,Q371825
沙夫茨伯里三世,Q333294,派遣,约翰·克洛斯特,Q6226403
约瑟夫·史密斯,Q476702,再婚,约翰·穆雷妹妹,表中无ID
约瑟夫·史密斯,Q476702,结婚,约翰·穆雷妹妹,表中无ID
乔万尼·玛利亚·萨索,Q56007029,联系,约翰·斯基普,Q18813283
西吉斯蒙德·施特赖特,Q90687,认识,约翰·斯特兰格,表中无ID
阿德里安·范德维尔夫,Q368053,效力,约翰·威廉,Q64266
珀尔尼茨男爵,Q92292,评价,约翰·威廉,Q64266
乔治·玛丽亚·拉帕里尼,Q1525490,指导,约翰·威廉,Q64266
乔治·玛丽亚·拉帕里尼,Q1525490,赞美,约翰·威廉,Q64266
扬·韦尼克斯,Q1346044,效力,约翰·威廉,Q64266
阿德里安·范德维尔夫,Q368053,效力,约翰·威廉选帝侯,Q64266
安东尼奥·巴莱斯特拉,Q386500,拒绝,约翰·威廉选帝侯,Q64266
安娜·玛丽亚·卢多维卡,Q233181,影响,约翰·威廉选帝侯,Q64266
佩莱格里尼,Q1358364,效力,约翰·威廉选帝侯,Q64266
乔治·玛丽亚·拉帕里尼,Q1525490,引导,约翰·威廉选帝侯,Q64266
扬·韦尼克斯,Q1346044,效力,约翰·威廉选帝侯,Q64266
弗朗西斯科·阿尔加罗蒂,Q439081,认识,约翰·温克尔曼,Q57280
安妮女王,Q151209,喜爱,约翰·谢菲尔德,Q2736244
尤金王子,Q152428,评价,约翰·谢菲尔德,Q2736244
卡西亚诺·达尔·波佐,Q1048333,交流,约翰·伊夫林,Q342712
安德里亚·梅莫,Q1052776,认识,约瑟夫·史密斯,Q476702
安德里亚·梅莫,Q1052776,拜访,约瑟夫·史密斯,Q476702
安东尼奥·玛丽亚·扎内蒂,Q944948,代理,约瑟夫·史密斯,Q476702
安东尼奥·玛丽亚·扎内蒂(老),Q944948,结识,约瑟夫·史密斯,Q476702
弗朗西斯科·阿尔加罗蒂,Q439081,合作,约瑟夫·史密斯,Q476702
罗伯特·亚当,结果不唯一,访问,约瑟夫·史密斯,Q476702
卡洛·洛多利,Q601642,认识,约瑟夫·史密斯,Q476702
麦克斯威尼,Q5102690,合作,约瑟夫·史密斯,Q476702
唐·彼得罗·安东尼奥·托尼,Q2374666,代理,约瑟夫·史密斯,Q476702
朱斯蒂尼亚娜·温妮,Q466860,认识,约瑟夫·史密斯,Q476702
约瑟夫·史密斯,Q476702,款待,约书亚·雷诺兹,Q194402
乔万尼·巴蒂斯塔·西马洛里,Q3766629,雇佣,赞贝利,Q5936529
斯特凡诺·萨格雷多,表中无ID,父亲,扎卡里亚·萨格雷多,Q97446740
唐·彼得罗·安东尼奥·托尼,Q2374666,代理,扎卡里亚·萨格雷多,Q97446740
维也纳·福斯卡里尼,表中无ID,母亲,扎卡里亚·萨格雷多,Q97446740
约翰·布雷瓦尔,Q6230521,评价,扎卡里亚·萨格雷多,Q97446740
唐·彼得罗·安东尼奥·托尼,Q2374666,担任,扎卡里亚·萨格雷多代理,Q97446740
约瑟夫·史密斯,Q476702,雇佣,扎伊斯,Q579698
玛丽·德·美第奇,Q182021,委托,詹·波隆那,Q220136
欧金尼奥·巴蒂斯蒂,Q61472533,研究,詹巴蒂斯塔·阿古奇,Q3766546
切萨雷·多诺弗里奥,Q93248382,评价,詹巴蒂斯塔·阿古奇,Q3766546
阿马德奥·斯瓦杰,表中无ID,联系,詹巴蒂斯塔·蒂耶波洛,Q186202
萨尔瓦多·罗萨,Q359421,咨询,詹巴蒂斯塔·里恰尔迪,Q55769135
萨尔瓦多·罗萨,Q359421,信任,詹巴蒂斯塔·里恰尔迪,Q55769135
马塞洛·萨凯蒂,Q6087600,朋友,詹巴蒂斯塔·马里诺,Q332489
维奥拉,Q3034775,研究,詹巴蒂斯塔·马里诺,Q332489
费迪南德大公,Q465178,委托,詹保罗·卡瓦尼亚,Q1135967
洛伦佐·奥诺弗里奥,Q3837032,雇佣,詹弗朗切斯科·格里马尔迪,Q1342809
洛伦佐·奥诺弗里奥·科隆纳,Q3837032,委托,詹弗朗切斯科·格里马尔迪,Q1342809
约瑟夫·史密斯,Q476702,认识,詹姆斯·怀亚特,Q1350728
斯泰尔斯先生,表中无ID,雇用,詹姆斯·桑希尔,Q1681192
约瑟夫·史密斯,Q476702,认识,詹姆斯·亚当,Q2618073
约翰·谢菲尔德,Q2736244,结婚,詹姆斯二世私生女,表中无人名
克里斯蒂娜,Q52937,赞助,詹南克洛·坎尼尼,Q5563665
克里斯蒂娜女王,Q52937,赞助,詹南克洛·坎尼尼,Q5563665
克里斯蒂娜女王,Q52937,委托,詹南克洛·坎尼尼,Q5563665
费迪南德大公,Q465178,委托,詹南托尼奥·富米亚尼,Q1432600
费迪南德大公,Q465178,赞助,詹南托尼奥·富米亚尼,Q1432600
乌尔班八世,Q131579,雇佣,朱利奥·罗斯皮格里奥西,Q155961
乌尔班八世,Q131579,委托,朱利奥·罗斯皮格里奥西,Q155961
弗朗西斯科·巴尔贝里尼,Q2662344,保护,朱利奥·罗斯皮利奥西,Q155961
乌尔班八世,Q131579,任命,朱利奥·罗斯皮格里奥西,Q155961
黎塞留,Q26702,任命,朱利奥·马扎林,Q166056
路易十四,Q7742,支持,朱利奥·马扎林,Q166056
路易十四,Q7742,任命,朱利奥·马扎林,Q166056
乌尔班八世,Q131579,任命,朱利奥·曼奇尼,Q3769699
保罗·焦尔达诺,Q519364,赞助,朱利奥·帕里吉,Q3107948
科斯塔贾蒂侯爵,表中无ID,反对,朱利亚诺·菲内利,Q1469300
弗拉米尼奥·科墨,Q3746370,雇用,朱塞佩·安格利,Q378182
弗拉米尼奥·科墨,Q3746370,聘请,朱塞佩·安格利,Q378182
鲁道夫·帕卢奇尼,Q3438258,研究,朱塞佩·安格利,Q378182
教皇克莱门特十一世,Q129967,任命,朱塞佩·盖齐,Q1749764
教皇因诺森特十三世,Q133100,任命,朱塞佩·盖齐,Q1749764
克莱门特十一世,Q129967,授予,朱塞佩·盖齐,Q1749764
帕尔马公爵,Q544873,授予,朱塞佩·盖齐,Q1749764
因诺森特十三世,Q133100,任命,朱塞佩·盖齐,Q1749764
费迪南德大公,Q465178,委托,朱塞佩·甘巴里尼,Q3108045
乔凡尼·安东尼奥·阿曼尼,表中无ID,写信,朱塞佩·马利亚·萨索,表中无ID
安德烈亚·费雷里奥,Q18217670,师从,朱塞佩·马扎,Q3108086
费迪南德大公,Q465178,委托,朱塞佩·马扎,Q3108086
贾科莫·德拉·莱纳,表中无ID,通信,朱塞佩·玛丽亚·克雷斯皮,Q528620
费迪南德大公,Q465178,赞助,朱塞佩·玛丽亚·克雷斯皮,Q528620
费迪南德大公,Q465178,委托,朱塞佩·玛丽亚·克雷斯皮,Q528620
费迪南德大公,Q465178,任命,朱塞佩·玛丽亚·克雷斯皮,Q528620
皮埃特罗·奥托博尼,Q101294,邀请,朱塞佩·玛丽亚·克雷斯皮,Q528620
乔瓦尼·里奇,表中无ID,资助,朱塞佩·玛丽亚·克雷斯皮,Q528620
马歇尔·舒伦伯格,Q70910,委托,朱塞佩·诺加里,Q465422
费迪南德大公,Q465178,赞助,朱塞佩·皮纳奇,Q27981856
马尔凯塞·朱斯蒂尼亚尼,Q1396468,赞助,朱塞佩·切萨里,Q3664072
安东尼奥·巴尔巴罗,Q711845,委托,朱塞佩·萨尔迪,Q3771406
安德里亚·梅莫,Q1052776,认识,朱塞佩·苏伯雷拉斯,Q109877001
安吉洛·奎里尼,Q536447,委托,朱塞佩·苏伯雷拉斯,Q109877001
阿尔布里兹,Q21748854,雇佣,朱塞佩·扎伊斯,Q579698
阿尔莫罗·皮萨尼,家族名称，无ID,雇佣,朱塞佩·扎伊斯,Q579698
安德里亚·梅莫,Q1052776,追求,朱斯蒂尼亚娜·温妮,Q466860
安德里亚·梅莫,Q1052776,争夺,朱斯蒂尼亚娜·温妮,Q466860
安德里亚·梅莫,Q1052776,暧昧,朱斯蒂尼亚娜·温妮,Q466860
安德里亚·梅莫,Q1052776,关系,朱斯蒂尼亚娜·温妮,Q466860
安德里亚·梅莫,Q1052776,追求,朱斯蒂尼亚娜·温妮,Q466860
安德里亚·梅莫,Q1052776,认识,朱斯蒂尼亚娜·温妮,Q466860
安吉洛·奎里尼,Q536447,朋友,朱斯蒂尼亚娜·温妮,Q466860
安吉洛·奎里尼,Q536447,结交,朱斯蒂尼亚娜·温妮,Q466860
史密斯领事,Q476702,追求,朱斯蒂尼亚娜·温妮,Q466860
约瑟夫·史密斯,Q476702,追求,朱斯蒂尼亚娜·温妮,Q466860
约瑟夫·史密斯,Q476702,追求,朱斯蒂尼亚娜·温妮,Q466860
安东尼奥·玛丽亚·扎内蒂,Q944948,欣赏,祖卡雷利,Q919093
巴勒蒂,Q741900,赞扬,祖卡雷利,Q919093
弗朗西斯科·阿尔加罗蒂,Q439081,委托,祖卡雷利,Q919093
弗朗西斯科·阿尔加罗蒂,Q439081,委托,祖卡雷利,Q919093
弗朗西斯科·阿尔加罗蒂,Q439081,委托,祖卡雷利,Q919093
加斯帕罗·高兹,Q1232510,赞扬,祖卡雷利,Q919093
加斯帕罗·高兹,Q1232513,赞扬,祖卡雷利,Q919093
卡尔·古斯塔夫·泰辛,Q1038496,购买,祖卡雷利,Q919093
卡纳莱托,Q182664,影响,祖卡雷利,Q919093
老安东·玛丽亚·扎内蒂,Q944948,赞美,祖卡雷利,Q919093
马歇尔·舒伦伯格,Q70910,赞助,祖卡雷利,Q919093
乔瓦尼·巴蒂斯塔·比菲,Q16559762,赞美,祖卡雷利,Q919093
塞缪尔·约翰逊,Q183266,赞扬,祖卡雷利,Q919093
西吉斯蒙德·施特赖特,Q90687,收藏,祖卡雷利,Q919093
约瑟夫·史密斯,Q476702,赞助,祖卡雷利,Q919093
