Source_Side,Status,Index_Entry,CIDOC_Type,Manual_Name,Manual_QID,Match_Type,File_Code,Extraction_Reason
Manual,Unmatched (Manual),,,,A308,,work-English_table.csv,Unmatched & Non-Q ID
Manual,Unmatched (Manual),,,,A315,,work-English_table.csv,Unmatched & Non-Q ID
Manual,Unmatched (Manual),,,,A331,,work-English_table.csv,Unmatched & Non-Q ID
Manual,Unmatched (Manual),,,,A8,,work-English_table.csv,Unmatched & Non-Q ID
Manual,Unmatched (Manual),,,A.M. Zanetti the Elder with Marchese Gerini,A2,,work-English_table.csv,Unmatched & Non-Q ID
Manual,Unmatched (Manual),,,Abigail giving Presents to David,A3,,work-English_table.csv,Unmatched & Non-Q ID
Manual,Unmatched (Manual),,,Academy at Parma,G35,,gio-English_table.csv,Unmatched & Non-Q ID
Manual,Unmatched (Manual),,,Accademia dei Cacadubbi,G33,,gio-English_table.csv,Unmatched & Non-Q ID
Manual,Unmatched (Manual),,,Accbremia Albrizziana,G94,,gio-English_table.csv,Unmatched & Non-Q ID
Manual,Unmatched (Manual),,,Achille Bosisio,R1,,name-English_table.csv,Unmatched & Non-Q ID
Manual,Unmatched (Manual),,,Addison,A4,,work-English_table.csv,Unmatched & Non-Q ID
Manual,Unmatched (Manual),,,Adoration of the Magi,A5,,work-English_table.csv,Unmatched & Non-Q ID
Manual,Unmatched (Manual),,,Aedes Barberina ad Quirinalem,A7,,work-English_table.csv,Unmatched & Non-Q ID
Manual,Unmatched (Manual),,,Aeneid,A416,,work-English_table.csv,Unmatched & Non-Q ID
Manual,Unmatched (Manual),,,Albergo del Moretto,G8,,gio-English_table.csv,Unmatched & Non-Q ID
Manual,Unmatched (Manual),,,Alberto Vecchi,R2,,name-English_table.csv,Unmatched & Non-Q ID
Manual,Unmatched (Manual),,,Alessandro Vasalli,R3,,name-English_table.csv,Unmatched & Non-Q ID
Manual,Unmatched (Manual),,,Alessandro Zen,R4,,name-English_table.csv,Unmatched & Non-Q ID
Manual,Unmatched (Manual),,,Alfredo Bardella,R5,,name-English_table.csv,Unmatched & Non-Q ID
Manual,Unmatched (Manual),,,Alice Binion,R6,,name-English_table.csv,Unmatched & Non-Q ID
Manual,Unmatched (Manual),,,Allegory of Clemency,A9,,work-English_table.csv,Unmatched & Non-Q ID
Manual,Unmatched (Manual),,,Allegory of Coral fishing,A10,,work-English_table.csv,Unmatched & Non-Q ID
Manual,Unmatched (Manual),,,Allegory of Rome,A11,,work-English_table.csv,Unmatched & Non-Q ID
Manual,Unmatched (Manual),,,Allegory of Venice,A14,,work-English_table.csv,Unmatched & Non-Q ID
Manual,Unmatched (Manual),,,Allegory of the Arts,A12,,work-English_table.csv,Unmatched & Non-Q ID
Manual,Unmatched (Manual),,,Allegory of the Education of the Crown Prince of the Palatinate,A13,,work-English_table.csv,Unmatched & Non-Q ID
Manual,Unmatched (Manual),,,Altar Paintings for the Parish Church of San Canciano,A18,,work-English_table.csv,Unmatched & Non-Q ID
Manual,Unmatched (Manual),,,Altar of Friendship,A15,,work-English_table.csv,Unmatched & Non-Q ID
Manual,Unmatched (Manual),,,Altar of Friendship,G22,,gio-English_table.csv,Unmatched & Non-Q ID
Manual,Unmatched (Manual),,,Altar of Tranquility and Rural Life,A16,,work-English_table.csv,Unmatched & Non-Q ID
Manual,Unmatched (Manual),,,Altar of Wealth and Apollo,A17,,work-English_table.csv,Unmatched & Non-Q ID
Manual,Unmatched (Manual),,,Altarpiece for Chiesa Nuova,A19,,work-English_table.csv,Unmatched & Non-Q ID
Manual,Unmatched (Manual),,,Altarpiece for Santa Maria dei Cappuccini,A20,,work-English_table.csv,Unmatched & Non-Q ID
Manual,Unmatched (Manual),,,Altarpiece for St. Sebastian,A21,,work-English_table.csv,Unmatched & Non-Q ID
Manual,Unmatched (Manual),,,Altarpiece for the Augustinian Church,A22,,work-English_table.csv,Unmatched & Non-Q ID
Manual,Unmatched (Manual),,,Altarpieces for the Royal Chapel,A23,,work-English_table.csv,Unmatched & Non-Q ID
Manual,Unmatched (Manual),,,Altero Matteoli,R7,,name-English_table.csv,Unmatched & Non-Q ID
Manual,Unmatched (Manual),,,Altieri,G51,,gio-English_table.csv,Unmatched & Non-Q ID
Manual,Unmatched (Manual),,,Andromache weeping before Aeneas,A24,,work-English_table.csv,Unmatched & Non-Q ID
Manual,Unmatched (Manual),,,Angelica Griè,R12,,name-English_table.csv,Unmatched & Non-Q ID
Manual,Unmatched (Manual),,,Angelo Contarini,R13,,name-English_table.csv,Unmatched & Non-Q ID
Manual,Unmatched (Manual),,,Angelo Custode,A25,,work-English_table.csv,Unmatched & Non-Q ID
Manual,Unmatched (Manual),,,Angels carrying the Instruments of the Passion and of St. Philip in Ecstasy,A26,,work-English_table.csv,Unmatched & Non-Q ID
Manual,Unmatched (Manual),,,Animals and Figures in the Flemish Style|des animaux et figures à la flamande,A27,,work-English_table.csv,Unmatched & Non-Q ID
Manual,Unmatched (Manual),,,Annamaria Gabrielli,R14,,name-English_table.csv,Unmatched & Non-Q ID
Manual,Unmatched (Manual),,,Annan Gallery,G145,,gio-English_table.csv,Unmatched & Non-Q ID
Manual,Unmatched (Manual),,,Annunciation,A28,,work-English_table.csv,Unmatched & Non-Q ID
Manual,Unmatched (Manual),,,Annunziata,G101,,gio-English_table.csv,Unmatched & Non-Q ID
Manual,Unmatched (Manual),,,Antichiesetta,G55,,gio-English_table.csv,Unmatched & Non-Q ID
Manual,Unmatched (Manual),,,Antichita di Palazzi,A29,,work-English_table.csv,Unmatched & Non-Q ID
Manual,Unmatched (Manual),,,Anton Francesco Goli,R17,,name-English_table.csv,Unmatched & Non-Q ID
Manual,Unmatched (Manual),,,Antonio Paluello,R19,,name-English_table.csv,Unmatched & Non-Q ID
Manual,Unmatched (Manual),,,Antonio Pitteri,R61,,name-English_table.csv,Unmatched & Non-Q ID
Manual,Unmatched (Manual),,,Apollo and the Muses,A30,,work-English_table.csv,Unmatched & Non-Q ID
Manual,Unmatched (Manual),,,Apollo conducting Frederick Barbarossa's bride: Beatrice of Burgundy,A31,,work-English_table.csv,Unmatched & Non-Q ID
Manual,Unmatched (Manual),,,Apostles,A32,,work-English_table.csv,Unmatched & Non-Q ID
Manual,Unmatched (Manual),,,Apostolic Chamber of Commerc,G164,,gio-English_table.csv,Unmatched & Non-Q ID
Manual,Unmatched (Manual),,,Apotheosis of Aeneas,A33,,work-English_table.csv,Unmatched & Non-Q ID
Manual,Unmatched (Manual),,,Apotheosis of the Pisani,A34,,work-English_table.csv,Unmatched & Non-Q ID
Manual,Unmatched (Manual),,,Arch. del Gov. di Roma,G154,,gio-English_table.csv,Unmatched & Non-Q ID
Manual,Unmatched (Manual),,,Archiginnasio,G116,,gio-English_table.csv,Unmatched & Non-Q ID
Manual,Unmatched (Manual),,,Archivio Comunale,G95,,gio-English_table.csv,Unmatched & Non-Q ID
Manual,Unmatched (Manual),,,Archivio Comunale di Treviso,G143,,gio-English_table.csv,Unmatched & Non-Q ID
Manual,Unmatched (Manual),,,Archivio Mediceo,G146,,gio-English_table.csv,Unmatched & Non-Q ID
Manual,Unmatched (Manual),,,Archivio Storico per la Province Napoletane,G167,,gio-English_table.csv,Unmatched & Non-Q ID
Manual,Unmatched (Manual),,,Archivio di Stato,G67,,gio-English_table.csv,Unmatched & Non-Q ID
Manual,Unmatched (Manual),,,Archiviodella Compagnia di Gesù,G166,,gio-English_table.csv,Unmatched & Non-Q ID
Manual,Unmatched (Manual),,,Arena Chapel,G41,,gio-English_table.csv,Unmatched & Non-Q ID
Manual,Unmatched (Manual),,,Argus guarding,A35,,work-English_table.csv,Unmatched & Non-Q ID
Manual,Unmatched (Manual),,,Ariadne being woken by Love,A36,,work-English_table.csv,Unmatched & Non-Q ID
Manual,Unmatched (Manual),,,Arnaldi Lodovico,R120,,name-English_table.csv,Unmatched & Non-Q ID
Manual,Unmatched (Manual),,,Art Institute of Chicago Robert A. Waller Fund,G93,,gio-English_table.csv,Unmatched & Non-Q ID
Manual,Unmatched (Manual),,,"Arts Graphiques de la Cité,Agraci",G87,,gio-English_table.csv,Unmatched & Non-Q ID
Manual,Unmatched (Manual),,,Augustinian Monastery Altarpiece,A305,,work-English_table.csv,Unmatched & Non-Q ID
Manual,Unmatched (Manual),,,Augustinian church,G111,,gio-English_table.csv,Unmatched & Non-Q ID
Manual,Unmatched (Manual),,,Avviso,G131,,gio-English_table.csv,Unmatched & Non-Q ID
Manual,Unmatched (Manual),,,Babylon,A37,,work-English_table.csv,Unmatched & Non-Q ID
Manual,Unmatched (Manual),,,Bacchanalia,A39,,work-English_table.csv,Unmatched & Non-Q ID
Manual,Unmatched (Manual),,,Bacchus,A38,,work-English_table.csv,Unmatched & Non-Q ID
Manual,Unmatched (Manual),,,Bacchus and Ariadne,A40,,work-English_table.csv,Unmatched & Non-Q ID
Manual,Unmatched (Manual),,,Barberini Chapel in S. Andrea della Valle,A41,,work-English_table.csv,Unmatched & Non-Q ID
Manual,Unmatched (Manual),,,Barberini Chapelin S.Andreadella Valle),A42,,work-English_table.csv,Unmatched & Non-Q ID
Manual,Unmatched (Manual),,,Barberini library,G147,,gio-English_table.csv,Unmatched & Non-Q ID
Manual,Unmatched (Manual),,,Basilica of Santa Cecilia in Bologna,G28,,gio-English_table.csv,Unmatched & Non-Q ID
Manual,Unmatched (Manual),,,Basilicas,G112,,gio-English_table.csv,Unmatched & Non-Q ID
Manual,Unmatched (Manual),,,Batlisheba Bathing,A43,,work-English_table.csv,Unmatched & Non-Q ID
Manual,Unmatched (Manual),,,Battaria di Cusina,A44,,work-English_table.csv,Unmatched & Non-Q ID
Manual,Unmatched (Manual),,,Battistela,G128,,gio-English_table.csv,Unmatched & Non-Q ID
Manual,Unmatched (Manual),,,Beatae Mariae Virginis Officium,A417,,work-English_table.csv,Unmatched & Non-Q ID
Manual,Unmatched (Manual),,,Beggar holding a Rosary,A45,,work-English_table.csv,Unmatched & Non-Q ID
Manual,Unmatched (Manual),,,Bell Towers for St. Peter's Basilica (demolished),A418,,work-English_table.csv,Unmatched & Non-Q ID
Manual,Unmatched (Manual),,,Bensburg Castle,G15,,gio-English_table.csv,Unmatched & Non-Q ID
Manual,Unmatched (Manual),,,Bergamasque community,G68,,gio-English_table.csv,Unmatched & Non-Q ID
Manual,Unmatched (Manual),,,Biblioceca Estense,G151,,gio-English_table.csv,Unmatched & Non-Q ID
Manual,Unmatched (Manual),,,Biblioteca Correr,G1,,gio-English_table.csv,Unmatched & Non-Q ID
Manual,Unmatched (Manual),,,Biblioteca Govemadva,G69,,gio-English_table.csv,Unmatched & Non-Q ID
Manual,Unmatched (Manual),,,Bishop Harold von Hocheim being invested with the princedom by the Emperor in 1163,A46,,work-English_table.csv,Unmatched & Non-Q ID
Manual,Unmatched (Manual),,,Boyle/Locke/Sydenham,A419,,work-English_table.csv,Unmatched & Non-Q ID
Manual,Unmatched (Manual),,,Brutus killing Arruns,A47,,work-English_table.csv,Unmatched & Non-Q ID
Manual,Unmatched (Manual),,,Bust of Democritus,A48,,work-English_table.csv,Unmatched & Non-Q ID
Manual,Unmatched (Manual),,,Bust of Francis Bacon,A49,,work-English_table.csv,Unmatched & Non-Q ID
Manual,Unmatched (Manual),,,Bust of Paolo Renier,A50,,work-English_table.csv,Unmatched & Non-Q ID
Manual,Unmatched (Manual),,,Bust of Phocion,A420,,work-English_table.csv,Unmatched & Non-Q ID
Manual,Unmatched (Manual),,,Ca' Foscari,G29,,gio-English_table.csv,Unmatched & Non-Q ID
Manual,Unmatched (Manual),,,Caesar and the Corsairs of Cilicia,A52,,work-English_table.csv,Unmatched & Non-Q ID
Manual,Unmatched (Manual),,,Caiano Ferdinand,R21,,name-English_table.csv,Unmatched & Non-Q ID
Manual,Unmatched (Manual),,,Cain and Abel,A53,,work-English_table.csv,Unmatched & Non-Q ID
Manual,Unmatched (Manual),,,Calabrian national church,G9,,gio-English_table.csv,Unmatched & Non-Q ID
Manual,Unmatched (Manual),,,Camillo Gavassetti,R22,,name-English_table.csv,Unmatched & Non-Q ID
Manual,Unmatched (Manual),,,Campo di Rialto,G17,,gio-English_table.csv,Unmatched & Non-Q ID
Manual,Unmatched (Manual),,,Caprizi Copiosi di Figure,A421,,work-English_table.csv,Unmatched & Non-Q ID
Manual,Unmatched (Manual),,,Capuchin church in Rome,G2,,gio-English_table.csv,Unmatched & Non-Q ID
Manual,Unmatched (Manual),,,Cardinal Francesco Barberini,A54,,work-English_table.csv,Unmatched & Non-Q ID
Manual,Unmatched (Manual),,,Cardinal Mazarin in His Gallery,A55,,work-English_table.csv,Unmatched & Non-Q ID
Manual,Unmatched (Manual),,,Caricature of Cassiano dal Pozzo,A56,,work-English_table.csv,Unmatched & Non-Q ID
Manual,Unmatched (Manual),,,Carita Romana,A57,,work-English_table.csv,Unmatched & Non-Q ID
Manual,Unmatched (Manual),,,Carità,G70,,gio-English_table.csv,Unmatched & Non-Q ID
Manual,Unmatched (Manual),,,Carlo Baccinelli,R130,,name-English_table.csv,Unmatched & Non-Q ID
Manual,Unmatched (Manual),,,Carlo Grimaldo,R24,,name-English_table.csv,Unmatched & Non-Q ID
Manual,Unmatched (Manual),,,Carlo Quarismini,R25,,name-English_table.csv,Unmatched & Non-Q ID
Manual,Unmatched (Manual),,,Carmelitani Scalzi,R26,,name-English_table.csv,Unmatched & Non-Q ID
Manual,Unmatched (Manual),,,Carro Della Notte,A58,,work-English_table.csv,Unmatched & Non-Q ID
Manual,Unmatched (Manual),,,Casa Soster,G23,,gio-English_table.csv,Unmatched & Non-Q ID
Manual,Unmatched (Manual),,,Castel Cogolo,G36,,gio-English_table.csv,Unmatched & Non-Q ID
Manual,Unmatched (Manual),,,Castel Gandolfo,A59,,work-English_table.csv,Unmatched & Non-Q ID
Manual,Unmatched (Manual),,,Castello Sfarzesco,G130,,gio-English_table.csv,Unmatched & Non-Q ID
Manual,Unmatched (Manual),,,Castle of Cogolo,A422,,work-English_table.csv,Unmatched & Non-Q ID
Manual,Unmatched (Manual),,,Cathedral of Rome,G108,,gio-English_table.csv,Unmatched & Non-Q ID
Manual,Unmatched (Manual),,,Cattedrale Chiesa di Parenzo,G109,,gio-English_table.csv,Unmatched & Non-Q ID
Manual,Unmatched (Manual),,,Cattedrale di Santa Maria Assunta,G3,,gio-English_table.csv,Unmatched & Non-Q ID
Manual,Unmatched (Manual),,,Cavaliere dello speron d'oro,A60,,work-English_table.csv,Unmatched & Non-Q ID
Manual,Unmatched (Manual),,,Ceiling Frescoes in Palazzo Altieri,A62,,work-English_table.csv,Unmatched & Non-Q ID
Manual,Unmatched (Manual),,,Ceiling Frescoes in the Quirinal Palace Gallery,A63,,work-English_table.csv,Unmatched & Non-Q ID
Manual,Unmatched (Manual),,,Ceiling Paintings at Hampton Court,A424,,work-English_table.csv,Unmatched & Non-Q ID
Manual,Unmatched (Manual),,,Ceiling fresco of the Augustinian Church,A61,,work-English_table.csv,Unmatched & Non-Q ID
Manual,Unmatched (Manual),,,Ceiling of Palazzo Doria-Pamphili,A423,,work-English_table.csv,Unmatched & Non-Q ID
Manual,Unmatched (Manual),,,Ceremonies of the Grand Duke,A425,,work-English_table.csv,Unmatched & Non-Q ID
Manual,Unmatched (Manual),,,Chapel of St. Lawrence,G59,,gio-English_table.csv,Unmatched & Non-Q ID
Manual,Unmatched (Manual),,,Chapel of St. Stanislaus Kostka,G49,,gio-English_table.csv,Unmatched & Non-Q ID
Manual,Unmatched (Manual),,,Charity,A64,,work-English_table.csv,Unmatched & Non-Q ID
Manual,Unmatched (Manual),,,Charles Fox,A65,,work-English_table.csv,Unmatched & Non-Q ID
Manual,Unmatched (Manual),,,Charles Fran ois de Saint Saulieu,R27,,name-English_table.csv,Unmatched & Non-Q ID
Manual,Unmatched (Manual),,,Charles I,A66,,work-English_table.csv,Unmatched & Non-Q ID
Manual,Unmatched (Manual),,,Chiesa de' Servi,G4,,gio-English_table.csv,Unmatched & Non-Q ID
Manual,Unmatched (Manual),,,Children at Play,A67,,work-English_table.csv,Unmatched & Non-Q ID
Manual,Unmatched (Manual),,,Christ and St Veronica,A68,,work-English_table.csv,Unmatched & Non-Q ID
Manual,Unmatched (Manual),,,Christ driving the Jews from the Temple,A69,,work-English_table.csv,Unmatched & Non-Q ID
Manual,Unmatched (Manual),,,Christ in the Boat calming His Disciples,A70,,work-English_table.csv,Unmatched & Non-Q ID
Manual,Unmatched (Manual),,,Church Great WitleyWatson,G136,,gio-English_table.csv,Unmatched & Non-Q ID
Manual,Unmatched (Manual),,,Church of San Gaetano,G144,,gio-English_table.csv,Unmatched & Non-Q ID
Manual,Unmatched (Manual),,,Church of Santa Cecilia,G63,,gio-English_table.csv,Unmatched & Non-Q ID
Manual,Unmatched (Manual),,,Church of Santa Maria Rotonda,G10,,gio-English_table.csv,Unmatched & Non-Q ID
Manual,Unmatched (Manual),,,Church of Santa Marta,G18,,gio-English_table.csv,Unmatched & Non-Q ID
Manual,Unmatched (Manual),,,Church of the Apostoli,G19,,gio-English_table.csv,Unmatched & Non-Q ID
Manual,Unmatched (Manual),,,Cincinnatus summoned from the Plough,A71,,work-English_table.csv,Unmatched & Non-Q ID
Manual,Unmatched (Manual),,,Coggio Pittoni,R28,,name-English_table.csv,Unmatched & Non-Q ID
Manual,Unmatched (Manual),,,Coggioh Pittoni,R29,,name-English_table.csv,Unmatched & Non-Q ID
Manual,Unmatched (Manual),,,Collegio di Siena,G50,,gio-English_table.csv,Unmatched & Non-Q ID
Manual,Unmatched (Manual),,,Colnaghi's,G163,,gio-English_table.csv,Unmatched & Non-Q ID
Manual,Unmatched (Manual),,,Consiglio del Consorzio,G71,,gio-English_table.csv,Unmatched & Non-Q ID
Manual,Unmatched (Manual),,,Conte Carpegna,R30,,name-English_table.csv,Unmatched & Non-Q ID
Manual,Unmatched (Manual),,,Conte Tassis,R31,,name-English_table.csv,Unmatched & Non-Q ID
Manual,Unmatched (Manual),,,Copy of Annibale Carracci's Works,A426,,work-English_table.csv,Unmatched & Non-Q ID
Manual,Unmatched (Manual),,,Copy of Raphael's Loggias,A427,,work-English_table.csv,Unmatched & Non-Q ID
Manual,Unmatched (Manual),,,Correr Library,G42,,gio-English_table.csv,Unmatched & Non-Q ID
Manual,Unmatched (Manual),,,Corti Guido,R32,,name-English_table.csv,Unmatched & Non-Q ID
Manual,Unmatched (Manual),,,"Count of Bolagno, the Imperial ambassador",A72,,work-English_table.csv,Unmatched & Non-Q ID
Manual,Unmatched (Manual),,,Couvent des Augustins Déchaussés,G137,,gio-English_table.csv,Unmatched & Non-Q ID
Manual,Unmatched (Manual),,,Cowper,A73,,work-English_table.csv,Unmatched & Non-Q ID
Manual,Unmatched (Manual),,,Creusa imploring Aeneas to rescue his father Anchises from the fire of Troy,A74,,work-English_table.csv,Unmatched & Non-Q ID
Manual,Unmatched (Manual),,,Crossing of the Red Sea,A75,,work-English_table.csv,Unmatched & Non-Q ID
Manual,Unmatched (Manual),,,Crucifixion,A76,,work-English_table.csv,Unmatched & Non-Q ID
Manual,Unmatched (Manual),,,Crucifixion with the Madonna,A77,,work-English_table.csv,Unmatched & Non-Q ID
Manual,Unmatched (Manual),,,Damaso,G52,,gio-English_table.csv,Unmatched & Non-Q ID
Manual,Unmatched (Manual),,,Danae,A78,,work-English_table.csv,Unmatched & Non-Q ID
Manual,Unmatched (Manual),,,Dance of Nymphs,A364,,work-English_table.csv,Unmatched & Non-Q ID
Manual,Unmatched (Manual),,,David with the head of Goliath,A79,,work-English_table.csv,Unmatched & Non-Q ID
Manual,Unmatched (Manual),,,Death,A80,,work-English_table.csv,Unmatched & Non-Q ID
Manual,Unmatched (Manual),,,Death of Abel,A81,,work-English_table.csv,Unmatched & Non-Q ID
Manual,Unmatched (Manual),,,Death of Cleopatra,A82,,work-English_table.csv,Unmatched & Non-Q ID
Manual,Unmatched (Manual),,,Death of St. Francis Xavier,A321,,work-English_table.csv,Unmatched & Non-Q ID
Manual,Unmatched (Manual),,,Death of Wallenstein,A83,,work-English_table.csv,Unmatched & Non-Q ID
Manual,Unmatched (Manual),,,Decorations for St. Augustine Church,A84,,work-English_table.csv,Unmatched & Non-Q ID
Manual,Unmatched (Manual),,,Decorative Paintings for Pisa Residence,A85,,work-English_table.csv,Unmatched & Non-Q ID
Manual,Unmatched (Manual),,,Dedicatory Frontispiece to Etchings,A86,,work-English_table.csv,Unmatched & Non-Q ID
Manual,Unmatched (Manual),,,Deianira and Nessus,A383,,work-English_table.csv,Unmatched & Non-Q ID
Manual,Unmatched (Manual),,,Della Lena,R33,,name-English_table.csv,Unmatched & Non-Q ID
Manual,Unmatched (Manual),,,Design for Sant'Andrea al Quirinale,A87,,work-English_table.csv,Unmatched & Non-Q ID
Manual,Unmatched (Manual),,,Design for St. Peter's Square,A88,,work-English_table.csv,Unmatched & Non-Q ID
Manual,Unmatched (Manual),,,Diana and Actaeon,A368,,work-English_table.csv,Unmatched & Non-Q ID
Manual,Unmatched (Manual),,,Diana and Callisto,A89,,work-English_table.csv,Unmatched & Non-Q ID
Manual,Unmatched (Manual),,,Diana and Endymion,A332,,work-English_table.csv,Unmatched & Non-Q ID
Manual,Unmatched (Manual),,,Didwich,G124,,gio-English_table.csv,Unmatched & Non-Q ID
Manual,Unmatched (Manual),,,Directors of Chatto & Windus,G150,,gio-English_table.csv,Unmatched & Non-Q ID
Manual,Unmatched (Manual),,,Divine Right of Kings,A90,,work-English_table.csv,Unmatched & Non-Q ID
Manual,Unmatched (Manual),,,"Divine Virtues, Faith, Hope, Charity and Wisdom",A429,,work-English_table.csv,Unmatched & Non-Q ID
Manual,Unmatched (Manual),,,Dome Frescoes of Sant'Agnese in Agone,A91,,work-English_table.csv,Unmatched & Non-Q ID
Manual,Unmatched (Manual),,,Domenico Darmanno,R35,,name-English_table.csv,Unmatched & Non-Q ID
Manual,Unmatched (Manual),,,Domenico da Isnello,R34,,name-English_table.csv,Unmatched & Non-Q ID
Manual,Unmatched (Manual),,,Don Cesare Leopardi d`Osimo,R36,,name-English_table.csv,Unmatched & Non-Q ID
Manual,Unmatched (Manual),,,Don Giovanni Domenico Brustoloni,R38,,name-English_table.csv,Unmatched & Non-Q ID
Manual,Unmatched (Manual),,,Drawings of Sagredo Family Members,A430,,work-English_table.csv,Unmatched & Non-Q ID
Manual,Unmatched (Manual),,,Dream of St Joseph,A92,,work-English_table.csv,Unmatched & Non-Q ID
Manual,Unmatched (Manual),,,Duplex Intercessio,A93,,work-English_table.csv,Unmatched & Non-Q ID
Manual,Unmatched (Manual),,,Edgar de Vaes,R39,,name-English_table.csv,Unmatched & Non-Q ID
Manual,Unmatched (Manual),,,Edgwareand,G113,,gio-English_table.csv,Unmatched & Non-Q ID
Manual,Unmatched (Manual),,,Edoardo Lombardo,R40,,name-English_table.csv,Unmatched & Non-Q ID
Manual,Unmatched (Manual),,,Education of the Virgin,A333,,work-English_table.csv,Unmatched & Non-Q ID
Manual,Unmatched (Manual),,,El Escorial,G37,,gio-English_table.csv,Unmatched & Non-Q ID
Manual,Unmatched (Manual),,,Elena Crinò,R41,,name-English_table.csv,Unmatched & Non-Q ID
Manual,Unmatched (Manual),,,Eleonora Zambeccari,R42,,name-English_table.csv,Unmatched & Non-Q ID
Manual,Unmatched (Manual),,,Elijah carried to Heaven in a Chariot of Fire,A415,,work-English_table.csv,Unmatched & Non-Q ID
Manual,Unmatched (Manual),,,Elizabeth Felton,R43,,name-English_table.csv,Unmatched & Non-Q ID
Manual,Unmatched (Manual),,,Elizabetta Antoniazzi Rossi,R44,,name-English_table.csv,Unmatched & Non-Q ID
Manual,Unmatched (Manual),,,Emile Baudson,R45,,name-English_table.csv,Unmatched & Non-Q ID
Manual,Unmatched (Manual),,,Enrico Brol,R46,,name-English_table.csv,Unmatched & Non-Q ID
Manual,Unmatched (Manual),,,"Entry of the Count of Colloredo, the Imperial ambassador",A387,,work-English_table.csv,Unmatched & Non-Q ID
Manual,Unmatched (Manual),,,Enzo Crea,R47,,name-English_table.csv,Unmatched & Non-Q ID
Manual,Unmatched (Manual),,,Equestrian Statue of Henry IV,A339,,work-English_table.csv,Unmatched & Non-Q ID
Manual,Unmatched (Manual),,,Escape from Egypt,A481,,work-English_table.csv,Unmatched & Non-Q ID
Manual,Unmatched (Manual),,,Este,G125,,gio-English_table.csv,Unmatched & Non-Q ID
Manual,Unmatched (Manual),,,Estella Brunetti,R48,,name-English_table.csv,Unmatched & Non-Q ID
Manual,Unmatched (Manual),,,Esther,A336,,work-English_table.csv,Unmatched & Non-Q ID
Manual,Unmatched (Manual),,,Etchings of Oriental-style Heads,A431,,work-English_table.csv,Unmatched & Non-Q ID
Manual,Unmatched (Manual),,,Eteocles and Polynices,A432,,work-English_table.csv,Unmatched & Non-Q ID
Manual,Unmatched (Manual),,,Europa,A388,,work-English_table.csv,Unmatched & Non-Q ID
Manual,Unmatched (Manual),,,European scientific societies,G72,,gio-English_table.csv,Unmatched & Non-Q ID
Manual,Unmatched (Manual),,,Fabio de Fabiis,R49,,name-English_table.csv,Unmatched & Non-Q ID
Manual,Unmatched (Manual),,,Fabrizio Tarso,R50,,name-English_table.csv,Unmatched & Non-Q ID
Manual,Unmatched (Manual),,,Facade of S. Maria del Giglio,A94,,work-English_table.csv,Unmatched & Non-Q ID
Manual,Unmatched (Manual),,,Faith crushing Idolatry,A433,,work-English_table.csv,Unmatched & Non-Q ID
Manual,Unmatched (Manual),,,Fame Carrying the Name of Louis XIV to the Temple of Immortality,A375,,work-English_table.csv,Unmatched & Non-Q ID
Manual,Unmatched (Manual),,,Fame inscribing the glories of Louis XIV on the shoulders of Time,A397,,work-English_table.csv,Unmatched & Non-Q ID
Manual,Unmatched (Manual),,,Family Chapels in Santa Maria Maggiore,G60,,gio-English_table.csv,Unmatched & Non-Q ID
Manual,Unmatched (Manual),,,Family of Darius before Alexander the Great,A349,,work-English_table.csv,Unmatched & Non-Q ID
Manual,Unmatched (Manual),,,Fantastical Heads in the Manner of Giorgione,A95,,work-English_table.csv,Unmatched & Non-Q ID
Manual,Unmatched (Manual),,,Fates,A96,,work-English_table.csv,Unmatched & Non-Q ID
Manual,Unmatched (Manual),,,Federico Correr Lorenzetti,R52,,name-English_table.csv,Unmatched & Non-Q ID
Manual,Unmatched (Manual),,,Ferney,G24,,gio-English_table.csv,Unmatched & Non-Q ID
Manual,Unmatched (Manual),,,Finding of Romulus and Remus,A337,,work-English_table.csv,Unmatched & Non-Q ID
Manual,Unmatched (Manual),,,Flaminio Corner,A97,,work-English_table.csv,Unmatched & Non-Q ID
Manual,Unmatched (Manual),,,Flight into Egypt,A384,,work-English_table.csv,Unmatched & Non-Q ID
Manual,Unmatched (Manual),,,Flight into Egypt,A98,,work-English_table.csv,Unmatched & Non-Q ID
Manual,Unmatched (Manual),,,Flight into Egypt,A99,,work-English_table.csv,Unmatched & Non-Q ID
Manual,Unmatched (Manual),,,Flight of Aeneas from Troy,A100,,work-English_table.csv,Unmatched & Non-Q ID
Manual,Unmatched (Manual),,,Flora,A101,,work-English_table.csv,Unmatched & Non-Q ID
Manual,Unmatched (Manual),,,Fondamenta Foscarini,G149,,gio-English_table.csv,Unmatched & Non-Q ID
Manual,Unmatched (Manual),,,Fondo di Gesù,G90,,gio-English_table.csv,Unmatched & Non-Q ID
Manual,Unmatched (Manual),,,Foresteria,A434,,work-English_table.csv,Unmatched & Non-Q ID
Manual,Unmatched (Manual),,,Forlì Cathedral,G64,,gio-English_table.csv,Unmatched & Non-Q ID
Manual,Unmatched (Manual),,,Fortitude,A413,,work-English_table.csv,Unmatched & Non-Q ID
Manual,Unmatched (Manual),,,Fortune under the control of Virtue,A398,,work-English_table.csv,Unmatched & Non-Q ID
Manual,Unmatched (Manual),,,"Fortune under the control of Virtue, Justice and Peace",A102,,work-English_table.csv,Unmatched & Non-Q ID
Manual,Unmatched (Manual),,,Four Evangelists,A103,,work-English_table.csv,Unmatched & Non-Q ID
Manual,Unmatched (Manual),,,Francesco Algarotti,A104,,work-English_table.csv,Unmatched & Non-Q ID
Manual,Unmatched (Manual),,,Francesco Drach,R56,,name-English_table.csv,Unmatched & Non-Q ID
Manual,Unmatched (Manual),,,Francesco Griseri,R58,,name-English_table.csv,Unmatched & Non-Q ID
Manual,Unmatched (Manual),,,Francesco Panciatichi,R60,,name-English_table.csv,Unmatched & Non-Q ID
Manual,Unmatched (Manual),,,Francesco Pio di Savoia,R72,,name-English_table.csv,Unmatched & Non-Q ID
Manual,Unmatched (Manual),,,Francesco Scaramuccia,R62,,name-English_table.csv,Unmatched & Non-Q ID
Manual,Unmatched (Manual),,,Fresco on staircase of Hampton Court Palace,A358,,work-English_table.csv,Unmatched & Non-Q ID
Manual,Unmatched (Manual),,,Frescoes in Lanfranco Cathedral,A105,,work-English_table.csv,Unmatched & Non-Q ID
Manual,Unmatched (Manual),,,Frescoes in Palazzo Barberini Salone,A106,,work-English_table.csv,Unmatched & Non-Q ID
Manual,Unmatched (Manual),,,Frescoes in Sant'Andrea della Valle,A107,,work-English_table.csv,Unmatched & Non-Q ID
Manual,Unmatched (Manual),,,Frescoes in the Corsini Chapel,A108,,work-English_table.csv,Unmatched & Non-Q ID
Manual,Unmatched (Manual),,,Frescoes in the Palace at Valmontone,A109,,work-English_table.csv,Unmatched & Non-Q ID
Manual,Unmatched (Manual),,,Fulvio Miari,R63,,name-English_table.csv,Unmatched & Non-Q ID
Manual,Unmatched (Manual),,,G.M. Sasso,A110,,work-English_table.csv,Unmatched & Non-Q ID
Manual,Unmatched (Manual),,,Galleria Giustiniani,G152,,gio-English_table.csv,Unmatched & Non-Q ID
Manual,Unmatched (Manual),,,Galleria L'Antonina,G155,,gio-English_table.csv,Unmatched & Non-Q ID
Manual,Unmatched (Manual),,,Galleria Nazionale,G73,,gio-English_table.csv,Unmatched & Non-Q ID
Manual,Unmatched (Manual),,,Gallerie di Firenze,G156,,gio-English_table.csv,Unmatched & Non-Q ID
Manual,Unmatched (Manual),,,Gallery of the Aeneid,G74,,gio-English_table.csv,Unmatched & Non-Q ID
Manual,Unmatched (Manual),,,Gaspare Partridge,R65,,name-English_table.csv,Unmatched & Non-Q ID
Manual,Unmatched (Manual),,,George Knox,R66,,name-English_table.csv,Unmatched & Non-Q ID
Manual,Unmatched (Manual),,,Gerald Burden,R67,,name-English_table.csv,Unmatched & Non-Q ID
Manual,Unmatched (Manual),,,Gerolamo Nappi,R69,,name-English_table.csv,Unmatched & Non-Q ID
Manual,Unmatched (Manual),,,Giacomo Storti,R71,,name-English_table.csv,Unmatched & Non-Q ID
Manual,Unmatched (Manual),,,Gio. Gasparo Baldoini,R73,,name-English_table.csv,Unmatched & Non-Q ID
Manual,Unmatched (Manual),,,Giorgio Casini,R74,,name-English_table.csv,Unmatched & Non-Q ID
Manual,Unmatched (Manual),,,Giovanni Antonio Armanni,R76,,name-English_table.csv,Unmatched & Non-Q ID
Manual,Unmatched (Manual),,,Giovanni Battista Fontanella,R78,,name-English_table.csv,Unmatched & Non-Q ID
Manual,Unmatched (Manual),,,Giovanni Vianello,R84,,name-English_table.csv,Unmatched & Non-Q ID
Manual,Unmatched (Manual),,,Giovanni da Venezia,R80,,name-English_table.csv,Unmatched & Non-Q ID
Manual,Unmatched (Manual),,,Girl at Her Toilet,A374,,work-English_table.csv,Unmatched & Non-Q ID
Manual,Unmatched (Manual),,,Girl with a Basket of Chickens,A381,,work-English_table.csv,Unmatched & Non-Q ID
Manual,Unmatched (Manual),,,Giuho Pisano,R86,,name-English_table.csv,Unmatched & Non-Q ID
Manual,Unmatched (Manual),,,Giulio della Greca,R87,,name-English_table.csv,Unmatched & Non-Q ID
Manual,Unmatched (Manual),,,Giuseppe Antonio Lotti,R88,,name-English_table.csv,Unmatched & Non-Q ID
Manual,Unmatched (Manual),,,Giuseppe Fochessati,R89,,name-English_table.csv,Unmatched & Non-Q ID
Manual,Unmatched (Manual),,,Giuseppe Lorenzo Moncallero,R90,,name-English_table.csv,Unmatched & Non-Q ID
Manual,Unmatched (Manual),,,Giuseppe Nicoletti,R92,,name-English_table.csv,Unmatched & Non-Q ID
Manual,Unmatched (Manual),,,Giuseppe Toninotto,R94,,name-English_table.csv,Unmatched & Non-Q ID
Manual,Unmatched (Manual),,,Gloria Chiarini de Anna,R95,,name-English_table.csv,Unmatched & Non-Q ID
Manual,Unmatched (Manual),,,Glorification of the Pisani family,A401,,work-English_table.csv,Unmatched & Non-Q ID
Manual,Unmatched (Manual),,,Glory of Venice,A385,,work-English_table.csv,Unmatched & Non-Q ID
Manual,Unmatched (Manual),,,God creating the Angels and Parnassus with Apollo and the Muses,A410,,work-English_table.csv,Unmatched & Non-Q ID
Manual,Unmatched (Manual),,,Godolphin,A435,,work-English_table.csv,Unmatched & Non-Q ID
Manual,Unmatched (Manual),,,Gordon Albion,R96,,name-English_table.csv,Unmatched & Non-Q ID
Manual,Unmatched (Manual),,,Gran Tempio Antico,A111,,work-English_table.csv,Unmatched & Non-Q ID
Manual,Unmatched (Manual),,,Grand Prince Ferdinando of Tuscany,A112,,work-English_table.csv,Unmatched & Non-Q ID
Manual,Unmatched (Manual),,,Guglielmo Bauer,R97,,name-English_table.csv,Unmatched & Non-Q ID
Manual,Unmatched (Manual),,,Guidalocti Franchini,R98,,name-English_table.csv,Unmatched & Non-Q ID
Manual,Unmatched (Manual),,,Gymnasium zum Grauen Kloster,A113,,work-English_table.csv,Unmatched & Non-Q ID
Manual,Unmatched (Manual),,,Gymnasium zum Grauen Kloster,A306,,work-English_table.csv,Unmatched & Non-Q ID
Manual,Unmatched (Manual),,,Gypsy Woman with Soldiers,A382,,work-English_table.csv,Unmatched & Non-Q ID
Manual,Unmatched (Manual),,,Hebrew Women singing after crossing the Red Sea,A352,,work-English_table.csv,Unmatched & Non-Q ID
Manual,Unmatched (Manual),,,Hermit,A411,,work-English_table.csv,Unmatched & Non-Q ID
Manual,Unmatched (Manual),,,Heroes approaching the Temple of Immortality,A114,,work-English_table.csv,Unmatched & Non-Q ID
Manual,Unmatched (Manual),,,Hilda Finberg,R99,,name-English_table.csv,Unmatched & Non-Q ID
Manual,Unmatched (Manual),,,Historic e di Maniera Veneziana,A115,,work-English_table.csv,Unmatched & Non-Q ID
Manual,Unmatched (Manual),,,Idyll,A366,,work-English_table.csv,Unmatched & Non-Q ID
Manual,Unmatched (Manual),,,Il Frappatore,A346,,work-English_table.csv,Unmatched & Non-Q ID
Manual,Unmatched (Manual),,,Illustrations for De Bello Belgico,A116,,work-English_table.csv,Unmatched & Non-Q ID
Manual,Unmatched (Manual),,,Illustrations for De Bello Belgico,A307,,work-English_table.csv,Unmatched & Non-Q ID
Manual,Unmatched (Manual),,,Illustrations for Latin Poems,A117,,work-English_table.csv,Unmatched & Non-Q ID
Manual,Unmatched (Manual),,,Images of Palladian Architecture,A118,,work-English_table.csv,Unmatched & Non-Q ID
Manual,Unmatched (Manual),,,Incisa Della Rocchetta,A120,,work-English_table.csv,Unmatched & Non-Q ID
Manual,Unmatched (Manual),,,Innocenzo,R100,,name-English_table.csv,Unmatched & Non-Q ID
Manual,Unmatched (Manual),,,Interior of S. Andrea al Quirinale,A121,,work-English_table.csv,Unmatched & Non-Q ID
Manual,Unmatched (Manual),,,Interior of the Pantheon,A436,,work-English_table.csv,Unmatched & Non-Q ID
Manual,Unmatched (Manual),,,Iris Appearing to Turnus,A437,,work-English_table.csv,Unmatched & Non-Q ID
Manual,Unmatched (Manual),,,Jacob Ghibbesio,R101,,name-English_table.csv,Unmatched & Non-Q ID
Manual,Unmatched (Manual),,,Jacob and the Angel,A122,,work-English_table.csv,Unmatched & Non-Q ID
Manual,Unmatched (Manual),,,Jacob's Ladder,A123,,work-English_table.csv,Unmatched & Non-Q ID
Manual,Unmatched (Manual),,,Jacopo Pedozzi,R102,,name-English_table.csv,Unmatched & Non-Q ID
Manual,Unmatched (Manual),,,Jacques Duyvdant,R103,,name-English_table.csv,Unmatched & Non-Q ID
Manual,Unmatched (Manual),,,Jael Hammering a nail into Sisera,A325,,work-English_table.csv,Unmatched & Non-Q ID
Manual,Unmatched (Manual),,,Jan Niceo Eritreo,R106,,name-English_table.csv,Unmatched & Non-Q ID
Manual,Unmatched (Manual),,,Jesuit Archives,G165,,gio-English_table.csv,Unmatched & Non-Q ID
Manual,Unmatched (Manual),,,Jesuit church,G99,,gio-English_table.csv,Unmatched & Non-Q ID
Manual,Unmatched (Manual),,,Jesus Church,G85,,gio-English_table.csv,Unmatched & Non-Q ID
Manual,Unmatched (Manual),,,Joachim von Derschau,R108,,name-English_table.csv,Unmatched & Non-Q ID
Manual,Unmatched (Manual),,,Job and Wife and Isaac blessing Jacob,A124,,work-English_table.csv,Unmatched & Non-Q ID
Manual,Unmatched (Manual),,,John Bryan Shipley,R109,,name-English_table.csv,Unmatched & Non-Q ID
Manual,Unmatched (Manual),,,John Bryson,R110,,name-English_table.csv,Unmatched & Non-Q ID
Manual,Unmatched (Manual),,,John Edward Sweetman,R111,,name-English_table.csv,Unmatched & Non-Q ID
Manual,Unmatched (Manual),,,Joint caricature of Simonelli and Mola,A355,,work-English_table.csv,Unmatched & Non-Q ID
Manual,Unmatched (Manual),,,Joint caricature of Simonelli and Mola,A356,,work-English_table.csv,Unmatched & Non-Q ID
Manual,Unmatched (Manual),,,Joseph Sold by his Brothers,A126,,work-English_table.csv,Unmatched & Non-Q ID
Manual,Unmatched (Manual),,,Joseph Valfrey,R112,,name-English_table.csv,Unmatched & Non-Q ID
Manual,Unmatched (Manual),,,Joseph and Potiphar's Wife,A125,,work-English_table.csv,Unmatched & Non-Q ID
Manual,Unmatched (Manual),,,Judith with the Head of Holofernes,A340,,work-English_table.csv,Unmatched & Non-Q ID
Manual,Unmatched (Manual),,,Judith with the head of Holofernes,A341,,work-English_table.csv,Unmatched & Non-Q ID
Manual,Unmatched (Manual),,,"Juno, Goddess of Air",A438,,work-English_table.csv,Unmatched & Non-Q ID
Manual,Unmatched (Manual),,,Jupiter among the Corybantes,A323,,work-English_table.csv,Unmatched & Non-Q ID
Manual,Unmatched (Manual),,,Jupiter giving Suck,A127,,work-English_table.csv,Unmatched & Non-Q ID
Manual,Unmatched (Manual),,,Jupiter handed over by Cybele to the Corybantes to be Fed,A348,,work-English_table.csv,Unmatched & Non-Q ID
Manual,Unmatched (Manual),,,Jupiter sending down his Thunder bolts on the Gods,A128,,work-English_table.csv,Unmatched & Non-Q ID
Manual,Unmatched (Manual),,,Justice,A129,,work-English_table.csv,Unmatched & Non-Q ID
Manual,Unmatched (Manual),,,Justice Embracing Peace,A414,,work-English_table.csv,Unmatched & Non-Q ID
Manual,Unmatched (Manual),,,King George I,A412,,work-English_table.csv,Unmatched & Non-Q ID
Manual,Unmatched (Manual),,,King Midas,A130,,work-English_table.csv,Unmatched & Non-Q ID
Manual,Unmatched (Manual),,,King Solomon Bathing,A131,,work-English_table.csv,Unmatched & Non-Q ID
Manual,Unmatched (Manual),,,Kufürst Clemens August,A132,,work-English_table.csv,Unmatched & Non-Q ID
Manual,Unmatched (Manual),,,Kunstsammlungen,G75,,gio-English_table.csv,Unmatched & Non-Q ID
Manual,Unmatched (Manual),,,L'Inondazione del Tevere,A394,,work-English_table.csv,Unmatched & Non-Q ID
Manual,Unmatched (Manual),,,"La Beata Vergine in Egitto, e S. Giuseppe",A133,,work-English_table.csv,Unmatched & Non-Q ID
Manual,Unmatched (Manual),,,La Burla del Piovano Arlotto,A326,,work-English_table.csv,Unmatched & Non-Q ID
Manual,Unmatched (Manual),,,La Chiesa di Gesù Cristo vendicata ne' suoi contrasegni ne' suoi dogmi,A134,,work-English_table.csv,Unmatched & Non-Q ID
Manual,Unmatched (Manual),,,La Fiera dell' Impruneta,A322,,work-English_table.csv,Unmatched & Non-Q ID
Manual,Unmatched (Manual),,,La Galleria di Minervat VI,G168,,gio-English_table.csv,Unmatched & Non-Q ID
Manual,Unmatched (Manual),,,La Notte,A135,,work-English_table.csv,Unmatched & Non-Q ID
Manual,Unmatched (Manual),,,La rissa all'Ambasciata di Spagna,A136,,work-English_table.csv,Unmatched & Non-Q ID
Manual,Unmatched (Manual),,,Lamport Hall,R113,,name-English_table.csv,Unmatched & Non-Q ID
Manual,Unmatched (Manual),,,Landscape with Man fleeing from Serpent,A137,,work-English_table.csv,Unmatched & Non-Q ID
Manual,Unmatched (Manual),,,Landscape with Man killed by a Snake,A138,,work-English_table.csv,Unmatched & Non-Q ID
Manual,Unmatched (Manual),,,Landscape with Rural Dance,A139,,work-English_table.csv,Unmatched & Non-Q ID
Manual,Unmatched (Manual),,,Landscape with Woman washing her Feet,A140,,work-English_table.csv,Unmatched & Non-Q ID
Manual,Unmatched (Manual),,,Landscape with figures and animals,A391,,work-English_table.csv,Unmatched & Non-Q ID
Manual,Unmatched (Manual),,,Lazzaro Rivera,R114,,name-English_table.csv,Unmatched & Non-Q ID
Manual,Unmatched (Manual),,,Le Artiche vanno per le vie nella citta di Venezia,A371,,work-English_table.csv,Unmatched & Non-Q ID
Manual,Unmatched (Manual),,,Le Fabbriche e Vedute di Venetia,A392,,work-English_table.csv,Unmatched & Non-Q ID
Manual,Unmatched (Manual),,,Leda,A141,,work-English_table.csv,Unmatched & Non-Q ID
Manual,Unmatched (Manual),,,Leonardo Pasqueti,R115,,name-English_table.csv,Unmatched & Non-Q ID
Manual,Unmatched (Manual),,,Leto turning the Shepherds into Frogs,A318,,work-English_table.csv,Unmatched & Non-Q ID
Manual,Unmatched (Manual),,,Library of King's College,G153,,gio-English_table.csv,Unmatched & Non-Q ID
Manual,Unmatched (Manual),,,Life of Christ series,A142,,work-English_table.csv,Unmatched & Non-Q ID
Manual,Unmatched (Manual),,,Lina Livan,R118,,name-English_table.csv,Unmatched & Non-Q ID
Manual,Unmatched (Manual),,,Lita-Rose Betcherman,R119,,name-English_table.csv,Unmatched & Non-Q ID
Manual,Unmatched (Manual),,,Lorenzo Rossi,R124,,name-English_table.csv,Unmatched & Non-Q ID
Manual,Unmatched (Manual),,,Louis Bordet,R125,,name-English_table.csv,Unmatched & Non-Q ID
Manual,Unmatched (Manual),,,Louis Demonts,R126,,name-English_table.csv,Unmatched & Non-Q ID
Manual,Unmatched (Manual),,,Louis XIV,A143,,work-English_table.csv,Unmatched & Non-Q ID
Manual,Unmatched (Manual),,,Luca Bartolotti,R127,,name-English_table.csv,Unmatched & Non-Q ID
Manual,Unmatched (Manual),,,Luca Ombrosi,R128,,name-English_table.csv,Unmatched & Non-Q ID
Manual,Unmatched (Manual),,,Lucchese community,G12,,gio-English_table.csv,Unmatched & Non-Q ID
Manual,Unmatched (Manual),,,Lucien Marcheix,R129,,name-English_table.csv,Unmatched & Non-Q ID
Manual,Unmatched (Manual),,,Luigi Ferrari,R132,,name-English_table.csv,Unmatched & Non-Q ID
Manual,Unmatched (Manual),,,Luigi Teodoli,R134,,name-English_table.csv,Unmatched & Non-Q ID
Manual,Unmatched (Manual),,,M. de Bordeaux,R107,,name-English_table.csv,Unmatched & Non-Q ID
Manual,Unmatched (Manual),,,Madonna,A309,,work-English_table.csv,Unmatched & Non-Q ID
Manual,Unmatched (Manual),,,Madonna and Child,A310,,work-English_table.csv,Unmatched & Non-Q ID
Manual,Unmatched (Manual),,,Madonna of the Rosary with Saints Dominic and Catherine,A379,,work-English_table.csv,Unmatched & Non-Q ID
Manual,Unmatched (Manual),,,Maecenas,A363,,work-English_table.csv,Unmatched & Non-Q ID
Manual,Unmatched (Manual),,,Maestro Valerio Antonio Zarzabini,R135,,name-English_table.csv,Unmatched & Non-Q ID
Manual,Unmatched (Manual),,,Main Dome Frescoes of the Church of the Gesù,A144,,work-English_table.csv,Unmatched & Non-Q ID
Manual,Unmatched (Manual),,,Malborough Fine Art Ltd,G157,,gio-English_table.csv,Unmatched & Non-Q ID
Manual,Unmatched (Manual),,,Malcolm Campbell,R136,,name-English_table.csv,Unmatched & Non-Q ID
Manual,Unmatched (Manual),,,Marcello Sacchetti,A370,,work-English_table.csv,Unmatched & Non-Q ID
Manual,Unmatched (Manual),,,Marchese Girolamo Durazzo,R137,,name-English_table.csv,Unmatched & Non-Q ID
Manual,Unmatched (Manual),,,Marchigian town,G65,,gio-English_table.csv,Unmatched & Non-Q ID
Manual,Unmatched (Manual),,,Marco Fantuzzi,R139,,name-English_table.csv,Unmatched & Non-Q ID
Manual,Unmatched (Manual),,,Marco Foscarini's palace,G96,,gio-English_table.csv,Unmatched & Non-Q ID
Manual,Unmatched (Manual),,,Maresca di Serracapmula,R140,,name-English_table.csv,Unmatched & Non-Q ID
Manual,Unmatched (Manual),,,Maria Caterina,R141,,name-English_table.csv,Unmatched & Non-Q ID
Manual,Unmatched (Manual),,,Maria Elena Ghelli,R142,,name-English_table.csv,Unmatched & Non-Q ID
Manual,Unmatched (Manual),,,Maria Pamfili,R144,,name-English_table.csv,Unmatched & Non-Q ID
Manual,Unmatched (Manual),,,Mario D'Orsi,R145,,name-English_table.csv,Unmatched & Non-Q ID
Manual,Unmatched (Manual),,,Marriage Allegory of the Rezzonico Family,A145,,work-English_table.csv,Unmatched & Non-Q ID
Manual,Unmatched (Manual),,,Marshal Schulenburg,A362,,work-English_table.csv,Unmatched & Non-Q ID
Manual,Unmatched (Manual),,,Martirii patiti da Santi Martiri per La confessione di Christo,A146,,work-English_table.csv,Unmatched & Non-Q ID
Manual,Unmatched (Manual),,,María Antonieta Gatas,R146,,name-English_table.csv,Unmatched & Non-Q ID
Manual,Unmatched (Manual),,,Masanella,A147,,work-English_table.csv,Unmatched & Non-Q ID
Manual,Unmatched (Manual),,,Massacre of the Innocents,A148,,work-English_table.csv,Unmatched & Non-Q ID
Manual,Unmatched (Manual),,,Massacre of the Innocents,A304,,work-English_table.csv,Unmatched & Non-Q ID
Manual,Unmatched (Manual),,,Matteo del Teglia,R147,,name-English_table.csv,Unmatched & Non-Q ID
Manual,Unmatched (Manual),,,Mattia Rosichino,R148,,name-English_table.csv,Unmatched & Non-Q ID
Manual,Unmatched (Manual),,,Max Steinbart,R149,,name-English_table.csv,Unmatched & Non-Q ID
Manual,Unmatched (Manual),,,Maxwell White,R150,,name-English_table.csv,Unmatched & Non-Q ID
Manual,Unmatched (Manual),,,Meeting of Esau and Jacob,A149,,work-English_table.csv,Unmatched & Non-Q ID
Manual,Unmatched (Manual),,,Melle Calberg,R151,,name-English_table.csv,Unmatched & Non-Q ID
Manual,Unmatched (Manual),,,Mercury,A373,,work-English_table.csv,Unmatched & Non-Q ID
Manual,Unmatched (Manual),,,Mercury awaking Aeneas,A150,,work-English_table.csv,Unmatched & Non-Q ID
Manual,Unmatched (Manual),,,Messrs T. and A. Constable Ltd.,G158,,gio-English_table.csv,Unmatched & Non-Q ID
Manual,Unmatched (Manual),,,Michael Conforti,R152,,name-English_table.csv,Unmatched & Non-Q ID
Manual,Unmatched (Manual),,,Michele Lauretano,R153,,name-English_table.csv,Unmatched & Non-Q ID
Manual,Unmatched (Manual),,,Mina Pajes Merriman,R154,,name-English_table.csv,Unmatched & Non-Q ID
Manual,Unmatched (Manual),,,Minori Osservanti,G43,,gio-English_table.csv,Unmatched & Non-Q ID
Manual,Unmatched (Manual),,,Minori Osservanti,R155,,name-English_table.csv,Unmatched & Non-Q ID
Manual,Unmatched (Manual),,,Mississippi Gallery,G16,,gio-English_table.csv,Unmatched & Non-Q ID
Manual,Unmatched (Manual),,,Mississippi River,G138,,gio-English_table.csv,Unmatched & Non-Q ID
Manual,Unmatched (Manual),,,Modello for fresco on vault of S. Ignazio,A151,,work-English_table.csv,Unmatched & Non-Q ID
Manual,Unmatched (Manual),,,Modello for the Glory of S. Luigi Gonzaga,A390,,work-English_table.csv,Unmatched & Non-Q ID
Manual,Unmatched (Manual),,,Mola painting the portrait of Pope Alexander VII,A152,,work-English_table.csv,Unmatched & Non-Q ID
Manual,Unmatched (Manual),,,Monastery of Jeronymites,G100,,gio-English_table.csv,Unmatched & Non-Q ID
Manual,Unmatched (Manual),,,Montpellier Library,G11,,gio-English_table.csv,Unmatched & Non-Q ID
Manual,Unmatched (Manual),,,Monument to Doge Giovanni Pesaro in Church of the Frari,A334,,work-English_table.csv,Unmatched & Non-Q ID
Manual,Unmatched (Manual),,,Monument to Pope Gregory XV,A377,,work-English_table.csv,Unmatched & Non-Q ID
Manual,Unmatched (Manual),,,Monument to the 1st Duke of Marlborough,A439,,work-English_table.csv,Unmatched & Non-Q ID
Manual,Unmatched (Manual),,,Morosini Palace,G56,,gio-English_table.csv,Unmatched & Non-Q ID
Manual,Unmatched (Manual),,,Mosaic from the Temple of Fortune at Praeneste,A153,,work-English_table.csv,Unmatched & Non-Q ID
Manual,Unmatched (Manual),,,Moses strikin the Rock,A393,,work-English_table.csv,Unmatched & Non-Q ID
Manual,Unmatched (Manual),,,Mostra dei Remondini,A154,,work-English_table.csv,Unmatched & Non-Q ID
Manual,Unmatched (Manual),,,Mostra del Tiepolo,A155,,work-English_table.csv,Unmatched & Non-Q ID
Manual,Unmatched (Manual),,,Mourners at Tomb of Francesco Algarotti in Pisa,A380,,work-English_table.csv,Unmatched & Non-Q ID
Manual,Unmatched (Manual),,,Mucius Scaevola at the Altar,A399,,work-English_table.csv,Unmatched & Non-Q ID
Manual,Unmatched (Manual),,,Murals at Windsor Castle,A156,,work-English_table.csv,Unmatched & Non-Q ID
Manual,Unmatched (Manual),,,Murals for the Vienna Residence,A157,,work-English_table.csv,Unmatched & Non-Q ID
Manual,Unmatched (Manual),,,Murder of Cain,A158,,work-English_table.csv,Unmatched & Non-Q ID
Manual,Unmatched (Manual),,,Musei Civici Veneziani,G39,,gio-English_table.csv,Unmatched & Non-Q ID
Manual,Unmatched (Manual),,,Museo della Torre di San Marco,G57,,gio-English_table.csv,Unmatched & Non-Q ID
Manual,Unmatched (Manual),,,Musicians,A440,,work-English_table.csv,Unmatched & Non-Q ID
Manual,Unmatched (Manual),,,Napoleonic government,G44,,gio-English_table.csv,Unmatched & Non-Q ID
Manual,Unmatched (Manual),,,Narcissus,A159,,work-English_table.csv,Unmatched & Non-Q ID
Manual,Unmatched (Manual),,,Nativity,A160,,work-English_table.csv,Unmatched & Non-Q ID
Manual,Unmatched (Manual),,,Naudaeana,G126,,gio-English_table.csv,Unmatched & Non-Q ID
Manual,Unmatched (Manual),,,Nella Stamperia Albrizziana,G89,,gio-English_table.csv,Unmatched & Non-Q ID
Manual,Unmatched (Manual),,,Neptune,A162,,work-English_table.csv,Unmatched & Non-Q ID
Manual,Unmatched (Manual),,,Neptune Fountain,A441,,work-English_table.csv,Unmatched & Non-Q ID
Manual,Unmatched (Manual),,,Neptune Paying Homage to Venice,A351,,work-English_table.csv,Unmatched & Non-Q ID
Manual,Unmatched (Manual),,,Nero being shown the Corpse of Seneca,A163,,work-English_table.csv,Unmatched & Non-Q ID
Manual,Unmatched (Manual),,,Newtonianismo cover illustration,A442,,work-English_table.csv,Unmatched & Non-Q ID
Manual,Unmatched (Manual),,,Nymphenburg Gardens,G139,,gio-English_table.csv,Unmatched & Non-Q ID
Manual,Unmatched (Manual),,,Odomenigo Lelonotti da Fanano,R156,,name-English_table.csv,Unmatched & Non-Q ID
Manual,Unmatched (Manual),,,Old Woman with Glasses,A406,,work-English_table.csv,Unmatched & Non-Q ID
Manual,Unmatched (Manual),,,Old man with a Pipe and Tobacco Pouch,A164,,work-English_table.csv,Unmatched & Non-Q ID
Manual,Unmatched (Manual),,,Oratorian Chiesa Nuova,G102,,gio-English_table.csv,Unmatched & Non-Q ID
Manual,Unmatched (Manual),,,Oriental Customs,A443,,work-English_table.csv,Unmatched & Non-Q ID
Manual,Unmatched (Manual),,,Oriental heads,A369,,work-English_table.csv,Unmatched & Non-Q ID
Manual,Unmatched (Manual),,,Origin of Coral,A165,,work-English_table.csv,Unmatched & Non-Q ID
Manual,Unmatched (Manual),,,Original proposals for reclaiming Prà de?a Va?e,A166,,work-English_table.csv,Unmatched & Non-Q ID
Manual,Unmatched (Manual),,,Ornella Osti,R158,,name-English_table.csv,Unmatched & Non-Q ID
Manual,Unmatched (Manual),,,Osvaldo B?hm Photograph Collection: Art and Architecture of Venice,G162,,gio-English_table.csv,Unmatched & Non-Q ID
Manual,Unmatched (Manual),,,Ottavio Novaroli,R159,,name-English_table.csv,Unmatched & Non-Q ID
Manual,Unmatched (Manual),,,"Où sont des pasteurs, des bergères et des moutons",A167,,work-English_table.csv,Unmatched & Non-Q ID
Manual,Unmatched (Manual),,,P. Carlo de Co: ti Lodoli Veneziano forse il Socrate Architetto,A444,,work-English_table.csv,Unmatched & Non-Q ID
Manual,Unmatched (Manual),,,Paintings for the Church in Salamanca,A445,,work-English_table.csv,Unmatched & Non-Q ID
Manual,Unmatched (Manual),,,Palace at Valmontone,G53,,gio-English_table.csv,Unmatched & Non-Q ID
Manual,Unmatched (Manual),,,Palazzo Contarini del Bovolo,G34,,gio-English_table.csv,Unmatched & Non-Q ID
Manual,Unmatched (Manual),,,Palazzo Foscarini,G30,,gio-English_table.csv,Unmatched & Non-Q ID
Manual,Unmatched (Manual),,,Palazzo Loredan,G114,,gio-English_table.csv,Unmatched & Non-Q ID
Manual,Unmatched (Manual),,,Palazzo Taddeo,G132,,gio-English_table.csv,Unmatched & Non-Q ID
Manual,Unmatched (Manual),,,Pamfili Moncalto,R161,,name-English_table.csv,Unmatched & Non-Q ID
Manual,Unmatched (Manual),,,Paola Berselli Ambri,R162,,name-English_table.csv,Unmatched & Non-Q ID
Manual,Unmatched (Manual),,,Parish of San Marco,G46,,gio-English_table.csv,Unmatched & Non-Q ID
Manual,Unmatched (Manual),,,Parma gallery,G86,,gio-English_table.csv,Unmatched & Non-Q ID
Manual,Unmatched (Manual),,,Parnassus,A446,,work-English_table.csv,Unmatched & Non-Q ID
Manual,Unmatched (Manual),,,Pastoral Landscape,A447,,work-English_table.csv,Unmatched & Non-Q ID
Manual,Unmatched (Manual),,,Paul Heilbronner,R164,,name-English_table.csv,Unmatched & Non-Q ID
Manual,Unmatched (Manual),,,Paul Varnish,R165,,name-English_table.csv,Unmatched & Non-Q ID
Manual,Unmatched (Manual),,,Pendentive Dome Frescoes of the Church of the Gesù,A169,,work-English_table.csv,Unmatched & Non-Q ID
Manual,Unmatched (Manual),,,Perseus and Andromeda,A170,,work-English_table.csv,Unmatched & Non-Q ID
Manual,Unmatched (Manual),,,Philippe Zygodon,R169,,name-English_table.csv,Unmatched & Non-Q ID
Manual,Unmatched (Manual),,,Picture Exhibition at Church of S. Rocco,A171,,work-English_table.csv,Unmatched & Non-Q ID
Manual,Unmatched (Manual),,,Pierre Motteux and his Family,A376,,work-English_table.csv,Unmatched & Non-Q ID
Manual,Unmatched (Manual),,,Pieta,G169,,gio-English_table.csv,Unmatched & Non-Q ID
Manual,Unmatched (Manual),,,Pietro Moschini,R173,,name-English_table.csv,Unmatched & Non-Q ID
Manual,Unmatched (Manual),,,Pietro Zuccoli,R174,,name-English_table.csv,Unmatched & Non-Q ID
Manual,Unmatched (Manual),,,Pietà,A319,,work-English_table.csv,Unmatched & Non-Q ID
Manual,Unmatched (Manual),,,Pilsen,G25,,gio-English_table.csv,Unmatched & Non-Q ID
Manual,Unmatched (Manual),,,Pinacoteca at Lucca,G92,,gio-English_table.csv,Unmatched & Non-Q ID
Manual,Unmatched (Manual),,,Pope Leo and Attila,A172,,work-English_table.csv,Unmatched & Non-Q ID
Manual,Unmatched (Manual),,,"Pope Pius V, Thomas Aquinas and Vincent Ferrer",A173,,work-English_table.csv,Unmatched & Non-Q ID
Manual,Unmatched (Manual),,,Port,A174,,work-English_table.csv,Unmatched & Non-Q ID
Manual,Unmatched (Manual),,,Portrait of Donna Olimpia,A396,,work-English_table.csv,Unmatched & Non-Q ID
Manual,Unmatched (Manual),,,Portrait of Donna Olimpia Maidalchini,A175,,work-English_table.csv,Unmatched & Non-Q ID
Manual,Unmatched (Manual),,,Portrait of Field Marshal Schulenburg,A403,,work-English_table.csv,Unmatched & Non-Q ID
Manual,Unmatched (Manual),,,Portrait of John Law,A350,,work-English_table.csv,Unmatched & Non-Q ID
Manual,Unmatched (Manual),,,Portrait of King John of Poland,A311,,work-English_table.csv,Unmatched & Non-Q ID
Manual,Unmatched (Manual),,,Portrait of Madame Rosenberg,A176,,work-English_table.csv,Unmatched & Non-Q ID
Manual,Unmatched (Manual),,,Portrait of Ottaviano Prati,A347,,work-English_table.csv,Unmatched & Non-Q ID
Manual,Unmatched (Manual),,,Portrait of Pierre Motteux,A320,,work-English_table.csv,Unmatched & Non-Q ID
Manual,Unmatched (Manual),,,Portrait of St. Francis Xavier,A448,,work-English_table.csv,Unmatched & Non-Q ID
Manual,Unmatched (Manual),,,Portrait of Streit's Father,A177,,work-English_table.csv,Unmatched & Non-Q ID
Manual,Unmatched (Manual),,,Portrait of Streit's Mother,A178,,work-English_table.csv,Unmatched & Non-Q ID
Manual,Unmatched (Manual),,,Portrait of Streit's Sister,A179,,work-English_table.csv,Unmatched & Non-Q ID
Manual,Unmatched (Manual),,,Portrait of Teodoro Correr,A365,,work-English_table.csv,Unmatched & Non-Q ID
Manual,Unmatched (Manual),,,Portrait of a Cook,A405,,work-English_table.csv,Unmatched & Non-Q ID
Manual,Unmatched (Manual),,,Portrait of the Queen of Prussia,A386,,work-English_table.csv,Unmatched & Non-Q ID
Manual,Unmatched (Manual),,,Portrait of the artist and his publisher Albrizzi,A180,,work-English_table.csv,Unmatched & Non-Q ID
Manual,Unmatched (Manual),,,Portraits of Venetian Cardinals,A183,,work-English_table.csv,Unmatched & Non-Q ID
Manual,Unmatched (Manual),,,Portraits of Venetian Popes,A184,,work-English_table.csv,Unmatched & Non-Q ID
Manual,Unmatched (Manual),,,Portraits of the Count and Countess of Monterrey,A181,,work-English_table.csv,Unmatched & Non-Q ID
Manual,Unmatched (Manual),,,Portraits of the Doges of Venice,A182,,work-English_table.csv,Unmatched & Non-Q ID
Manual,Unmatched (Manual),,,Potiphar,A344,,work-English_table.csv,Unmatched & Non-Q ID
Manual,Unmatched (Manual),,,Powers of Eloquence,A1,,work-English_table.csv,Unmatched & Non-Q ID
Manual,Unmatched (Manual),,,Presenzini Cigoli,R175,,name-English_table.csv,Unmatched & Non-Q ID
Manual,Unmatched (Manual),,,Protestant cemetery of S. Cristoforo,G140,,gio-English_table.csv,Unmatched & Non-Q ID
Manual,Unmatched (Manual),,,Provencal antiquary Peiresc,G76,,gio-English_table.csv,Unmatched & Non-Q ID
Manual,Unmatched (Manual),,,Prudence and Justice,A185,,work-English_table.csv,Unmatched & Non-Q ID
Manual,Unmatched (Manual),,,Pyrrhus and Demetrius,A449,,work-English_table.csv,Unmatched & Non-Q ID
Manual,Unmatched (Manual),,,"Quadi, che rappresentano fatti della Sacra Scrittura",A186,,work-English_table.csv,Unmatched & Non-Q ID
Manual,Unmatched (Manual),,,Queen Jezebel torn to pieces by Dogs,A450,,work-English_table.csv,Unmatched & Non-Q ID
Manual,Unmatched (Manual),,,Raccolta di centododici stampe,A360,,work-English_table.csv,Unmatched & Non-Q ID
Manual,Unmatched (Manual),,,Raffaelo Marchesi,R176,,name-English_table.csv,Unmatched & Non-Q ID
Manual,Unmatched (Manual),,,Rape of Europa,A389,,work-English_table.csv,Unmatched & Non-Q ID
Manual,Unmatched (Manual),,,Rape of Helen,A187,,work-English_table.csv,Unmatched & Non-Q ID
Manual,Unmatched (Manual),,,Rape of the Sabines,A330,,work-English_table.csv,Unmatched & Non-Q ID
Manual,Unmatched (Manual),,,Raphael Loggias,G26,,gio-English_table.csv,Unmatched & Non-Q ID
Manual,Unmatched (Manual),,,Rebecca and Eliezer,A402,,work-English_table.csv,Unmatched & Non-Q ID
Manual,Unmatched (Manual),,,Regulus killed by the Carthaginians,A188,,work-English_table.csv,Unmatched & Non-Q ID
Manual,Unmatched (Manual),,,Relief of Field Marshal Schulenburg,A189,,work-English_table.csv,Unmatched & Non-Q ID
Manual,Unmatched (Manual),,,Religion trampling on Heresy,A190,,work-English_table.csv,Unmatched & Non-Q ID
Manual,Unmatched (Manual),,,Religious Decorations at Whitehall,A451,,work-English_table.csv,Unmatched & Non-Q ID
Manual,Unmatched (Manual),,,Renier Zeno,R177,,name-English_table.csv,Unmatched & Non-Q ID
Manual,Unmatched (Manual),,,Ritratto con aistallo,A452,,work-English_table.csv,Unmatched & Non-Q ID
Manual,Unmatched (Manual),,,Robert Alexander Waller Fund,G133,,gio-English_table.csv,Unmatched & Non-Q ID
Manual,Unmatched (Manual),,,Roberto Lanetti,R179,,name-English_table.csv,Unmatched & Non-Q ID
Manual,Unmatched (Manual),,,Rococo Pavilion,G115,,gio-English_table.csv,Unmatched & Non-Q ID
Manual,Unmatched (Manual),,,Romulm and Remus,A407,,work-English_table.csv,Unmatched & Non-Q ID
Manual,Unmatched (Manual),,,Romulus and Remus,A343,,work-English_table.csv,Unmatched & Non-Q ID
Manual,Unmatched (Manual),,,Rosalba Lorenzetti,R180,,name-English_table.csv,Unmatched & Non-Q ID
Manual,Unmatched (Manual),,,Royal chapel,G103,,gio-English_table.csv,Unmatched & Non-Q ID
Manual,Unmatched (Manual),,,Ruins of the Church of the Cross,A453,,work-English_table.csv,Unmatched & Non-Q ID
Manual,Unmatched (Manual),,,Rules of the Order,A191,,work-English_table.csv,Unmatched & Non-Q ID
Manual,Unmatched (Manual),,,S. Angelo,G117,,gio-English_table.csv,Unmatched & Non-Q ID
Manual,Unmatched (Manual),,,S. Canciano,G58,,gio-English_table.csv,Unmatched & Non-Q ID
Manual,Unmatched (Manual),,,S. Gerolamo nel Deserto,A328,,work-English_table.csv,Unmatched & Non-Q ID
Manual,Unmatched (Manual),,,S. Giorgio Maggiore,G170,,gio-English_table.csv,Unmatched & Non-Q ID
Manual,Unmatched (Manual),,,S. Lorenzo,G118,,gio-English_table.csv,Unmatched & Non-Q ID
Manual,Unmatched (Manual),,,S.Giovanni Decollato,G172,,gio-English_table.csv,Unmatched & Non-Q ID
Manual,Unmatched (Manual),,,S.Maria della Concezione,G174,,gio-English_table.csv,Unmatched & Non-Q ID
Manual,Unmatched (Manual),,,S.Maria della Vittoria,G173,,gio-English_table.csv,Unmatched & Non-Q ID
Manual,Unmatched (Manual),,,SS. Cosma e Damiano alia Giudecca,G175,,gio-English_table.csv,Unmatched & Non-Q ID
Manual,Unmatched (Manual),,,Sacrifice of Abraham,A192,,work-English_table.csv,Unmatched & Non-Q ID
Manual,Unmatched (Manual),,,Sacrifice of Iphigenia,A324,,work-English_table.csv,Unmatched & Non-Q ID
Manual,Unmatched (Manual),,,Sacrifices to Priapus,A193,,work-English_table.csv,Unmatched & Non-Q ID
Manual,Unmatched (Manual),,,Saints Nereus and Achilleus,G105,,gio-English_table.csv,Unmatched & Non-Q ID
Manual,Unmatched (Manual),,,Saints Peter and Paul Baptising in the Mamertine Prison,A194,,work-English_table.csv,Unmatched & Non-Q ID
Manual,Unmatched (Manual),,,Salone,G119,,gio-English_table.csv,Unmatched & Non-Q ID
Manual,Unmatched (Manual),,,Salumieri Guild,G20,,gio-English_table.csv,Unmatched & Non-Q ID
Manual,Unmatched (Manual),,,Samson,A195,,work-English_table.csv,Unmatched & Non-Q ID
Manual,Unmatched (Manual),,,Samson killing a thousand with a jawbone,A342,,work-English_table.csv,Unmatched & Non-Q ID
Manual,Unmatched (Manual),,,San Giovanni in Laterano,G5,,gio-English_table.csv,Unmatched & Non-Q ID
Manual,Unmatched (Manual),,,San Niccolo al Lido,G129,,gio-English_table.csv,Unmatched & Non-Q ID
Manual,Unmatched (Manual),,,San Sebastiano fuori le mura,G7,,gio-English_table.csv,Unmatched & Non-Q ID
Manual,Unmatched (Manual),,,"San Zaccaria, Venice",G171,,gio-English_table.csv,Unmatched & Non-Q ID
Manual,Unmatched (Manual),,,Santa Maria sopra Minerva,G27,,gio-English_table.csv,Unmatched & Non-Q ID
Manual,Unmatched (Manual),,,Santi Quattro Coronati,G61,,gio-English_table.csv,Unmatched & Non-Q ID
Manual,Unmatched (Manual),,,Sapienza,G13,,gio-English_table.csv,Unmatched & Non-Q ID
Manual,Unmatched (Manual),,,Scala Regia,A454,,work-English_table.csv,Unmatched & Non-Q ID
Manual,Unmatched (Manual),,,Scenes from the Aeneid,A196,,work-English_table.csv,Unmatched & Non-Q ID
Manual,Unmatched (Manual),,,Scenes from the Life of Scipio Africanus,A455,,work-English_table.csv,Unmatched & Non-Q ID
Manual,Unmatched (Manual),,,Scenes of Christian Warfare,A456,,work-English_table.csv,Unmatched & Non-Q ID
Manual,Unmatched (Manual),,,Scenes of Venetian Noble Life,A457,,work-English_table.csv,Unmatched & Non-Q ID
Manual,Unmatched (Manual),,,School of Carlo Cignani,G77,,gio-English_table.csv,Unmatched & Non-Q ID
Manual,Unmatched (Manual),,,Sculptures for the Cathedral,A458,,work-English_table.csv,Unmatched & Non-Q ID
Manual,Unmatched (Manual),,,Sebastiano Molino,R184,,name-English_table.csv,Unmatched & Non-Q ID
Manual,Unmatched (Manual),,,Self-Portrait as David,A197,,work-English_table.csv,Unmatched & Non-Q ID
Manual,Unmatched (Manual),,,Seminario Patriarcale,G38,,gio-English_table.csv,Unmatched & Non-Q ID
Manual,Unmatched (Manual),,,Serapis,A459,,work-English_table.csv,Unmatched & Non-Q ID
Manual,Unmatched (Manual),,,Series of Egyptian Figures,A460,,work-English_table.csv,Unmatched & Non-Q ID
Manual,Unmatched (Manual),,,Series of Etruscan Phallic Symbols,A461,,work-English_table.csv,Unmatched & Non-Q ID
Manual,Unmatched (Manual),,,Service de Documentation Photographique des Musees Nationaux,G78,,gio-English_table.csv,Unmatched & Non-Q ID
Manual,Unmatched (Manual),,,"Sezione Notarile, Venice",G21,,gio-English_table.csv,Unmatched & Non-Q ID
Manual,Unmatched (Manual),,,Sheila Rinehart,R185,,name-English_table.csv,Unmatched & Non-Q ID
Manual,Unmatched (Manual),,,Silvia Meloni Trkulja,R186,,name-English_table.csv,Unmatched & Non-Q ID
Manual,Unmatched (Manual),,,Silvio Ubaldi,R187,,name-English_table.csv,Unmatched & Non-Q ID
Manual,Unmatched (Manual),,,Society of Arcadia,G6,,gio-English_table.csv,Unmatched & Non-Q ID
Manual,Unmatched (Manual),,,Socrates,A409,,work-English_table.csv,Unmatched & Non-Q ID
Manual,Unmatched (Manual),,,Solomon,A395,,work-English_table.csv,Unmatched & Non-Q ID
Manual,Unmatched (Manual),,,Solomon adoring the Idols,A198,,work-English_table.csv,Unmatched & Non-Q ID
Manual,Unmatched (Manual),,,Solomon and Bathsheba,A199,,work-English_table.csv,Unmatched & Non-Q ID
Manual,Unmatched (Manual),,,Sophia Dorothea,R188,,name-English_table.csv,Unmatched & Non-Q ID
Manual,Unmatched (Manual),,,Sophronia and Olindo,A317,,work-English_table.csv,Unmatched & Non-Q ID
Manual,Unmatched (Manual),,,Soprintendenza alle Gallerie,G160,,gio-English_table.csv,Unmatched & Non-Q ID
Manual,Unmatched (Manual),,,St Benedict,G106,,gio-English_table.csv,Unmatched & Non-Q ID
Manual,Unmatched (Manual),,,St Francis in Assisi,G177,,gio-English_table.csv,Unmatched & Non-Q ID
Manual,Unmatched (Manual),,,St Lawrence,G110,,gio-English_table.csv,Unmatched & Non-Q ID
Manual,Unmatched (Manual),,,St Stanislas Kostka,A354,,work-English_table.csv,Unmatched & Non-Q ID
Manual,Unmatched (Manual),,,St Stanislas Kostka on his deathbed,A200,,work-English_table.csv,Unmatched & Non-Q ID
Manual,Unmatched (Manual),,,St Teresa wounded by Christ,A201,,work-English_table.csv,Unmatched & Non-Q ID
Manual,Unmatched (Manual),,,St. Andrew's Temple Church,G104,,gio-English_table.csv,Unmatched & Non-Q ID
Manual,Unmatched (Manual),,,St. Dominic Church,G176,,gio-English_table.csv,Unmatched & Non-Q ID
Manual,Unmatched (Manual),,,St. Dominic instituting the Rosary,A202,,work-English_table.csv,Unmatched & Non-Q ID
Manual,Unmatched (Manual),,,St. Domitilla,A359,,work-English_table.csv,Unmatched & Non-Q ID
Manual,Unmatched (Manual),,,St. Eustace hunting,A203,,work-English_table.csv,Unmatched & Non-Q ID
Manual,Unmatched (Manual),,,St. Helen finding the True Cross,A400,,work-English_table.csv,Unmatched & Non-Q ID
Manual,Unmatched (Manual),,,St. John and St. Charles Borromeo,A204,,work-English_table.csv,Unmatched & Non-Q ID
Manual,Unmatched (Manual),,,St. John the Baptist,A361,,work-English_table.csv,Unmatched & Non-Q ID
Manual,Unmatched (Manual),,,St. Luigi Gonzaga,A205,,work-English_table.csv,Unmatched & Non-Q ID
Manual,Unmatched (Manual),,,St. Mark,A378,,work-English_table.csv,Unmatched & Non-Q ID
Manual,Unmatched (Manual),,,St. Peter receiving the Keys,A357,,work-English_table.csv,Unmatched & Non-Q ID
Manual,Unmatched (Manual),,,St. Peter's Basilica,A462,,work-English_table.csv,Unmatched & Non-Q ID
Manual,Unmatched (Manual),,,St. Philip Neri and the Virgin,A335,,work-English_table.csv,Unmatched & Non-Q ID
Manual,Unmatched (Manual),,,St. Romualdo,A327,,work-English_table.csv,Unmatched & Non-Q ID
Manual,Unmatched (Manual),,,St. William of Aquitaine,A316,,work-English_table.csv,Unmatched & Non-Q ID
Manual,Unmatched (Manual),,,St. William of Aquitaine,A367,,work-English_table.csv,Unmatched & Non-Q ID
Manual,Unmatched (Manual),,,St.Lawrenc,G107,,gio-English_table.csv,Unmatched & Non-Q ID
Manual,Unmatched (Manual),,,Stamperia Albrizziana,G47,,gio-English_table.csv,Unmatched & Non-Q ID
Manual,Unmatched (Manual),,,Standard Bearer,A206,,work-English_table.csv,Unmatched & Non-Q ID
Manual,Unmatched (Manual),,,State Papers,G80,,gio-English_table.csv,Unmatched & Non-Q ID
Manual,Unmatched (Manual),,,State Squidition,G79,,gio-English_table.csv,Unmatched & Non-Q ID
Manual,Unmatched (Manual),,,Statue of Antenor,A207,,work-English_table.csv,Unmatched & Non-Q ID
Manual,Unmatched (Manual),,,Statue of Field Marshal Schulenburg,A208,,work-English_table.csv,Unmatched & Non-Q ID
Manual,Unmatched (Manual),,,Statue of Field Marshal Schulenburg,A353,,work-English_table.csv,Unmatched & Non-Q ID
Manual,Unmatched (Manual),,,Statues for the Lateran Basilica,A463,,work-English_table.csv,Unmatched & Non-Q ID
Manual,Unmatched (Manual),,,Stefano Sadani,R189,,name-English_table.csv,Unmatched & Non-Q ID
Manual,Unmatched (Manual),,,Stella Rudolph,R190,,name-English_table.csv,Unmatched & Non-Q ID
Manual,Unmatched (Manual),,,Strength protecting Wisdom,A209,,work-English_table.csv,Unmatched & Non-Q ID
Manual,Unmatched (Manual),,,Strozzi,G127,,gio-English_table.csv,Unmatched & Non-Q ID
Manual,Unmatched (Manual),,,Sulla maniera di Zorzone,A210,,work-English_table.csv,Unmatched & Non-Q ID
Manual,Unmatched (Manual),,,Susanna,A211,,work-English_table.csv,Unmatched & Non-Q ID
Manual,Unmatched (Manual),,,Susanna and the Elders,A345,,work-English_table.csv,Unmatched & Non-Q ID
Manual,Unmatched (Manual),,,Tarantella Dancers,A464,,work-English_table.csv,Unmatched & Non-Q ID
Manual,Unmatched (Manual),,,Tarquin and Lucretia and a Joseph,A212,,work-English_table.csv,Unmatched & Non-Q ID
Manual,Unmatched (Manual),,,Tavole Barberini,A329,,work-English_table.csv,Unmatched & Non-Q ID
Manual,Unmatched (Manual),,,Temperance,A404,,work-English_table.csv,Unmatched & Non-Q ID
Manual,Unmatched (Manual),,,Tempest with Pyramus and Thisbe,A408,,work-English_table.csv,Unmatched & Non-Q ID
Manual,Unmatched (Manual),,,Temple of Justice,G98,,gio-English_table.csv,Unmatched & Non-Q ID
Manual,Unmatched (Manual),,,Temple of Kronos,G122,,gio-English_table.csv,Unmatched & Non-Q ID
Manual,Unmatched (Manual),,,Temple of Pallas,G121,,gio-English_table.csv,Unmatched & Non-Q ID
Manual,Unmatched (Manual),,,Teodora dal Pozzo,R191,,name-English_table.csv,Unmatched & Non-Q ID
Manual,Unmatched (Manual),,,Teodoro Correr,A213,,work-English_table.csv,Unmatched & Non-Q ID
Manual,Unmatched (Manual),,,Teresa Maria Marcellino,R192,,name-English_table.csv,Unmatched & Non-Q ID
Manual,Unmatched (Manual),,,The Adoration of the Lamb,A372,,work-English_table.csv,Unmatched & Non-Q ID
Manual,Unmatched (Manual),,,The Arrival at the Palace,A214,,work-English_table.csv,Unmatched & Non-Q ID
Manual,Unmatched (Manual),,,The Ascension,A216,,work-English_table.csv,Unmatched & Non-Q ID
Manual,Unmatched (Manual),,,The Ascension of Christ,A217,,work-English_table.csv,Unmatched & Non-Q ID
Manual,Unmatched (Manual),,,The Assumption of the Blessed Luigi Gonzaga,A218,,work-English_table.csv,Unmatched & Non-Q ID
Manual,Unmatched (Manual),,,The Assumption of the Virgin,A219,,work-English_table.csv,Unmatched & Non-Q ID
Manual,Unmatched (Manual),,,The Banquet of Antony and Cleopatra,A220,,work-English_table.csv,Unmatched & Non-Q ID
Manual,Unmatched (Manual),,,The Baptism,A465,,work-English_table.csv,Unmatched & Non-Q ID
Manual,Unmatched (Manual),,,The Bath of Diana,A221,,work-English_table.csv,Unmatched & Non-Q ID
Manual,Unmatched (Manual),,,The Bathers,A222,,work-English_table.csv,Unmatched & Non-Q ID
Manual,Unmatched (Manual),,,The Beheading of St Paul,A223,,work-English_table.csv,Unmatched & Non-Q ID
Manual,Unmatched (Manual),,,The Capture of Syracuse with the Death of Archimedes,A224,,work-English_table.csv,Unmatched & Non-Q ID
Manual,Unmatched (Manual),,,The Circumcision,A225,,work-English_table.csv,Unmatched & Non-Q ID
Manual,Unmatched (Manual),,,The Confession,A226,,work-English_table.csv,Unmatched & Non-Q ID
Manual,Unmatched (Manual),,,The Conspiracy of Catiline,A227,,work-English_table.csv,Unmatched & Non-Q ID
Manual,Unmatched (Manual),,,The Continence of Scipio,A466,,work-English_table.csv,Unmatched & Non-Q ID
Manual,Unmatched (Manual),,,The Crossing of the Red Sea,A228,,work-English_table.csv,Unmatched & Non-Q ID
Manual,Unmatched (Manual),,,The Death of Regulus,A229,,work-English_table.csv,Unmatched & Non-Q ID
Manual,Unmatched (Manual),,,The Death of St Francis Xavier,A230,,work-English_table.csv,Unmatched & Non-Q ID
Manual,Unmatched (Manual),,,The Deposition from the Cross,A231,,work-English_table.csv,Unmatched & Non-Q ID
Manual,Unmatched (Manual),,,The Deposition from the Cross/Deposition,A232,,work-English_table.csv,Unmatched & Non-Q ID
Manual,Unmatched (Manual),,,The Descent from the Cross,A233,,work-English_table.csv,Unmatched & Non-Q ID
Manual,Unmatched (Manual),,,The Ecstasy of St Margaret,A234,,work-English_table.csv,Unmatched & Non-Q ID
Manual,Unmatched (Manual),,,The Exodus,A235,,work-English_table.csv,Unmatched & Non-Q ID
Manual,Unmatched (Manual),,,The Fall of Manna,A236,,work-English_table.csv,Unmatched & Non-Q ID
Manual,Unmatched (Manual),,,The Fall of Phaethon,A237,,work-English_table.csv,Unmatched & Non-Q ID
Manual,Unmatched (Manual),,,The Fall of the Giants,A238,,work-English_table.csv,Unmatched & Non-Q ID
Manual,Unmatched (Manual),,,The Finding of Moses,A239,,work-English_table.csv,Unmatched & Non-Q ID
Manual,Unmatched (Manual),,,The Flagellation,A240,,work-English_table.csv,Unmatched & Non-Q ID
Manual,Unmatched (Manual),,,The Flight into Egypt,A312,,work-English_table.csv,Unmatched & Non-Q ID
Manual,Unmatched (Manual),,,The Four Continents paying homage to Karl Philip von Greiffenklau,A242,,work-English_table.csv,Unmatched & Non-Q ID
Manual,Unmatched (Manual),,,The Four Elements,A243,,work-English_table.csv,Unmatched & Non-Q ID
Manual,Unmatched (Manual),,,The Four Seasons,A467,,work-English_table.csv,Unmatched & Non-Q ID
Manual,Unmatched (Manual),,,The Glorification of the Trinity with the Adoration of the instruments of Passion,A6,,work-English_table.csv,Unmatched & Non-Q ID
Manual,Unmatched (Manual),,,The Glory of St Dominic,A244,,work-English_table.csv,Unmatched & Non-Q ID
Manual,Unmatched (Manual),,,The Glory of St. Luigi Gonzaga,A245,,work-English_table.csv,Unmatched & Non-Q ID
Manual,Unmatched (Manual),,,The Hunt of Meleager,A468,,work-English_table.csv,Unmatched & Non-Q ID
Manual,Unmatched (Manual),,,The Infant Jupiter handed over by Cybele to the Corybantes to befed,A246,,work-English_table.csv,Unmatched & Non-Q ID
Manual,Unmatched (Manual),,,The Judgement of Paris,A247,,work-English_table.csv,Unmatched & Non-Q ID
Manual,Unmatched (Manual),,,The Justice of Solomon,A248,,work-English_table.csv,Unmatched & Non-Q ID
Manual,Unmatched (Manual),,,The Killing of Sisera,A249,,work-English_table.csv,Unmatched & Non-Q ID
Manual,Unmatched (Manual),,,The Last Judgement,A250,,work-English_table.csv,Unmatched & Non-Q ID
Manual,Unmatched (Manual),,,The Levites,A251,,work-English_table.csv,Unmatched & Non-Q ID
Manual,Unmatched (Manual),,,The Life of Cato,A252,,work-English_table.csv,Unmatched & Non-Q ID
Manual,Unmatched (Manual),,,The Life of Constantine,A253,,work-English_table.csv,Unmatched & Non-Q ID
Manual,Unmatched (Manual),,,The Life of St. Ursula,A254,,work-English_table.csv,Unmatched & Non-Q ID
Manual,Unmatched (Manual),,,The Marriage of Peleus,A255,,work-English_table.csv,Unmatched & Non-Q ID
Manual,Unmatched (Manual),,,The Martyrdom of St. Andrew,A256,,work-English_table.csv,Unmatched & Non-Q ID
Manual,Unmatched (Manual),,,The Massacre of the Innocents,A257,,work-English_table.csv,Unmatched & Non-Q ID
Manual,Unmatched (Manual),,,The Nativity,A258,,work-English_table.csv,Unmatched & Non-Q ID
Manual,Unmatched (Manual),,,The Nativity,A259,,work-English_table.csv,Unmatched & Non-Q ID
Manual,Unmatched (Manual),,,The Nativity,A260,,work-English_table.csv,Unmatched & Non-Q ID
Manual,Unmatched (Manual),,,The Painter's Family,A261,,work-English_table.csv,Unmatched & Non-Q ID
Manual,Unmatched (Manual),,,The Parlor,A262,,work-English_table.csv,Unmatched & Non-Q ID
Manual,Unmatched (Manual),,,The Pool of Bethesda,A263,,work-English_table.csv,Unmatched & Non-Q ID
Manual,Unmatched (Manual),,,The Power of Love,A469,,work-English_table.csv,Unmatched & Non-Q ID
Manual,Unmatched (Manual),,,The Presentation of Jesus in the Temple,A313,,work-English_table.csv,Unmatched & Non-Q ID
Manual,Unmatched (Manual),,,The Punishment of the Prophet Ananias,A264,,work-English_table.csv,Unmatched & Non-Q ID
Manual,Unmatched (Manual),,,The Rape of Ganymede,A265,,work-English_table.csv,Unmatched & Non-Q ID
Manual,Unmatched (Manual),,,The Rape of Ganymede,A470,,work-English_table.csv,Unmatched & Non-Q ID
Manual,Unmatched (Manual),,,The Rape of Proserpina,A471,,work-English_table.csv,Unmatched & Non-Q ID
Manual,Unmatched (Manual),,,The Rape of the Sabine Women,A266,,work-English_table.csv,Unmatched & Non-Q ID
Manual,Unmatched (Manual),,,The Road to Calvary,A268,,work-English_table.csv,Unmatched & Non-Q ID
Manual,Unmatched (Manual),,,The Sacrifice of Iphigenia,A472,,work-English_table.csv,Unmatched & Non-Q ID
Manual,Unmatched (Manual),,,The Sacrifice of Isaac,A269,,work-English_table.csv,Unmatched & Non-Q ID
Manual,Unmatched (Manual),,,The Sacrifice of Polyxena,A270,,work-English_table.csv,Unmatched & Non-Q ID
Manual,Unmatched (Manual),,,The Strada Emmanuela,G97,,gio-English_table.csv,Unmatched & Non-Q ID
Manual,Unmatched (Manual),,,The Three Angels visiting Abraham,A272,,work-English_table.csv,Unmatched & Non-Q ID
Manual,Unmatched (Manual),,,The Three Graces,A273,,work-English_table.csv,Unmatched & Non-Q ID
Manual,Unmatched (Manual),,,The Virgin Giving the Habit to Saint Teresa,A473,,work-English_table.csv,Unmatched & Non-Q ID
Manual,Unmatched (Manual),,,The Visitation,A274,,work-English_table.csv,Unmatched & Non-Q ID
Manual,Unmatched (Manual),,,"The War between the Romans and the Sabines, and Coriolanus and his Mother",A275,,work-English_table.csv,Unmatched & Non-Q ID
Manual,Unmatched (Manual),,,The Woman taken in Adultery,A276,,work-English_table.csv,Unmatched & Non-Q ID
Manual,Unmatched (Manual),,,The artist with a group of friends,A215,,work-English_table.csv,Unmatched & Non-Q ID
Manual,Unmatched (Manual),,,The forge of Vulcan,A241,,work-English_table.csv,Unmatched & Non-Q ID
Manual,Unmatched (Manual),,,The stoning of Zechariah,A271,,work-English_table.csv,Unmatched & Non-Q ID
Manual,Unmatched (Manual),,,Theodor Helm Breaker,R193,,name-English_table.csv,Unmatched & Non-Q ID
Manual,Unmatched (Manual),,,Third Colonnade for St. Peter's Square (unfinished),A277,,work-English_table.csv,Unmatched & Non-Q ID
Manual,Unmatched (Manual),,,"Three Dominican Saints: Vincent, Hyacinth and Lawrence",A278,,work-English_table.csv,Unmatched & Non-Q ID
Manual,Unmatched (Manual),,,Three Portraits of Dogs,A314,,work-English_table.csv,Unmatched & Non-Q ID
Manual,Unmatched (Manual),,,Tiberio Roberti,R93,,name-English_table.csv,Unmatched & Non-Q ID
Manual,Unmatched (Manual),,,Tiepolo's Etchings,A279,,work-English_table.csv,Unmatched & Non-Q ID
Manual,Unmatched (Manual),,,Titus,A280,,work-English_table.csv,Unmatched & Non-Q ID
Manual,Unmatched (Manual),,,Torre dell'Orologio,G141,,gio-English_table.csv,Unmatched & Non-Q ID
Manual,Unmatched (Manual),,,Tre Animali,A281,,work-English_table.csv,Unmatched & Non-Q ID
Manual,Unmatched (Manual),,,Triumph of the Arts,A282,,work-English_table.csv,Unmatched & Non-Q ID
Manual,Unmatched (Manual),,,Triumph of the Faith,A283,,work-English_table.csv,Unmatched & Non-Q ID
Manual,Unmatched (Manual),,,Twelve Apostles,A474,,work-English_table.csv,Unmatched & Non-Q ID
Manual,Unmatched (Manual),,,Twelve Watercolors of Venetian Women,A475,,work-English_table.csv,Unmatched & Non-Q ID
Manual,Unmatched (Manual),,,Two Baskets of Fruit and Flowers,A284,,work-English_table.csv,Unmatched & Non-Q ID
Manual,Unmatched (Manual),,,Ufficio dell' Assessore Comunale alle Belle Arti,G81,,gio-English_table.csv,Unmatched & Non-Q ID
Manual,Unmatched (Manual),,,Umoristi,G14,,gio-English_table.csv,Unmatched & Non-Q ID
Manual,Unmatched (Manual),,,Un trionfo d'armi,A285,,work-English_table.csv,Unmatched & Non-Q ID
Manual,Unmatched (Manual),,,Urbino Cathedral,G54,,gio-English_table.csv,Unmatched & Non-Q ID
Manual,Unmatched (Manual),,,Vanita,A287,,work-English_table.csv,Unmatched & Non-Q ID
Manual,Unmatched (Manual),,,Varj Capriccj,A288,,work-English_table.csv,Unmatched & Non-Q ID
Manual,Unmatched (Manual),,,Vatican Papal Basilica,G40,,gio-English_table.csv,Unmatched & Non-Q ID
Manual,Unmatched (Manual),,,Venetian Military Republic,G48,,gio-English_table.csv,Unmatched & Non-Q ID
Manual,Unmatched (Manual),,,Venice Notarial Section,G142,,gio-English_table.csv,Unmatched & Non-Q ID
Manual,Unmatched (Manual),,,Venice-Inquisitori di Stato,G82,,gio-English_table.csv,Unmatched & Non-Q ID
Manual,Unmatched (Manual),,,Venice-Inquisiwri,G83,,gio-English_table.csv,Unmatched & Non-Q ID
Manual,Unmatched (Manual),,,Venice-Sezione Notarile,G123,,gio-English_table.csv,Unmatched & Non-Q ID
Manual,Unmatched (Manual),,,Venice-Stampe,G84,,gio-English_table.csv,Unmatched & Non-Q ID
Manual,Unmatched (Manual),,,Ventura Carrara,R194,,name-English_table.csv,Unmatched & Non-Q ID
Manual,Unmatched (Manual),,,Ventura Rossi,R196,,name-English_table.csv,Unmatched & Non-Q ID
Manual,Unmatched (Manual),,,Venus Leaving the Bath,A291,,work-English_table.csv,Unmatched & Non-Q ID
Manual,Unmatched (Manual),,,Venus Mourning over the Death of Adonis,A292,,work-English_table.csv,Unmatched & Non-Q ID
Manual,Unmatched (Manual),,,Venus and Adonis,A289,,work-English_table.csv,Unmatched & Non-Q ID
Manual,Unmatched (Manual),,,Venus and Adonis,A290,,work-English_table.csv,Unmatched & Non-Q ID
Manual,Unmatched (Manual),,,Venus and Amor,A480,,work-English_table.csv,Unmatched & Non-Q ID
Manual,Unmatched (Manual),,,Venus playing with Cupid,A293,,work-English_table.csv,Unmatched & Non-Q ID
Manual,Unmatched (Manual),,,Via Chiara,G66,,gio-English_table.csv,Unmatched & Non-Q ID
Manual,Unmatched (Manual),,,Via Crucis,A476,,work-English_table.csv,Unmatched & Non-Q ID
Manual,Unmatched (Manual),,,Via de' Giubbonari,G62,,gio-English_table.csv,Unmatched & Non-Q ID
Manual,Unmatched (Manual),,,Vienna Foscarini,R197,,name-English_table.csv,Unmatched & Non-Q ID
Manual,Unmatched (Manual),,,View of the Grand Canal,A294,,work-English_table.csv,Unmatched & Non-Q ID
Manual,Unmatched (Manual),,,Vigilance,A295,,work-English_table.csv,Unmatched & Non-Q ID
Manual,Unmatched (Manual),,,Vigilie di S. Pietro,A296,,work-English_table.csv,Unmatched & Non-Q ID
Manual,Unmatched (Manual),,,Villa Cordellina,G31,,gio-English_table.csv,Unmatched & Non-Q ID
Manual,Unmatched (Manual),,,Villa d'Arcetri,G135,,gio-English_table.csv,Unmatched & Non-Q ID
Manual,Unmatched (Manual),,,Village Scene,A297,,work-English_table.csv,Unmatched & Non-Q ID
Manual,Unmatched (Manual),,,Vincenzo Costaguti,R198,,name-English_table.csv,Unmatched & Non-Q ID
Manual,Unmatched (Manual),,,Vincenzo Giustiniani,A298,,work-English_table.csv,Unmatched & Non-Q ID
Manual,Unmatched (Manual),,,Vincenzo da Canal,R199,,name-English_table.csv,Unmatched & Non-Q ID
Manual,Unmatched (Manual),,,Virgil Bassanino,R202,,name-English_table.csv,Unmatched & Non-Q ID
Manual,Unmatched (Manual),,,Virgin and Child holding Rosaries with Saints Catherine and Dominic,A299,,work-English_table.csv,Unmatched & Non-Q ID
Manual,Unmatched (Manual),,,Virgin protecting the city of Spoleto,A300,,work-English_table.csv,Unmatched & Non-Q ID
Manual,Unmatched (Manual),,,Virginia Museum of fine Arts Williams Fund,G159,,gio-English_table.csv,Unmatched & Non-Q ID
Manual,Unmatched (Manual),,,Viterbo Moroni,G134,,gio-English_table.csv,Unmatched & Non-Q ID
Manual,Unmatched (Manual),,,Vrilliere,G88,,gio-English_table.csv,Unmatched & Non-Q ID
Manual,Unmatched (Manual),,,War Scenes,A477,,work-English_table.csv,Unmatched & Non-Q ID
Manual,Unmatched (Manual),,,William Chandler Kirwin,R203,,name-English_table.csv,Unmatched & Non-Q ID
Manual,Unmatched (Manual),,,Woman Playing Musical Instrument,A478,,work-English_table.csv,Unmatched & Non-Q ID
Manual,Unmatched (Manual),,,Women washing their Laundry at a Fountain,A301,,work-English_table.csv,Unmatched & Non-Q ID
Manual,Unmatched (Manual),,,Youth rescued from the Pleasures of Venus,A302,,work-English_table.csv,Unmatched & Non-Q ID
Manual,Unmatched (Manual),,,Zaccaria Sagredo,A303,,work-English_table.csv,Unmatched & Non-Q ID
Manual,Unmatched (Manual),,,Zephyr Abducting Chloris,A479,,work-English_table.csv,Unmatched & Non-Q ID
Manual,Unmatched (Manual),,,Zuane Udni,R204,,name-English_table.csv,Unmatched & Non-Q ID
Manual,Unmatched (Manual),,,nell’ingresso del procuratore Giorgio Pisani,A161,,work-English_table.csv,Unmatched & Non-Q ID
Manual,Unmatched (Manual),,,shrines,G120,,gio-English_table.csv,Unmatched & Non-Q ID
Manual,Unmatched (Manual),,,state rooms,G91,,gio-English_table.csv,Unmatched & Non-Q ID
Manual,Unmatched (Manual),,,una favola d'Enea,A286,,work-English_table.csv,Unmatched & Non-Q ID
