Refined_Formal_Name,Refined_Category,Original_Entry,Status/Notes
"Abel-François Poisson, marquis de Marigny",Person,Abel-Fran?ois Poisson de Vandières,"[OCR Fix] 修正 ""?"" 为 ""ç""。庞巴杜夫人的弟弟，艺术总监。"
"Abel-François Poisson, marquis de Marigny",Person,"Marigny, Marquis de",蓬帕杜夫人的弟弟，法国皇家建筑总监。
"Abel-François Poisson, marquis de Marigny",Person,"Vandi豕res, Marquis de...","[OCR Fix] ""Vandi豕res"" -> ""Vandières""。Marigny侯爵。"
Abraham Brueghel,Person,Abraham Brueghel,[Validation] 佛兰芒画家。
Abraham Brueghel,Person,"Breughel, Abram",[Disambiguation] 佛兰芒静物画家。
Abraham Nicolas Amelot de la Houssaye,Person,Abraham Nicolas Amelot de la Houssaye,[Validation] 历史学家。
Abraham Nicolas Amelot de la Houssaye,Person,"Amelot de la Houssaye, A. N.",[Reconstruction] 名字倒装复原。
Accademia Albrizziana,Organization,Accademia Albrizziana,[Validation] 威尼斯文学学会 (Albrizzi)。
Accademia Albrizziana,Organization,Accbremia Albrizziana,"[OCR Fix] 修正 ""Accbremia"" 为 ""Accademia""。同 Row 23。"
Accademia degli Umoristi,Organization,Accademia degli Umoristi,[Validation] 罗马文学学会。
Accademia degli Umoristi,Group,Umoristi,罗马文学学院。
Accademia dei Lincei,Organization,Accademia dei Lincei,[Validation] 猞猁之眼国家科学院。
Accademia dei Lincei,Organization,Lincean Academy,[Category Fix] 原文误标为 Place。
Accademia dell'Arcadia,Group,"Arcadia, Society of",[Disambiguation] 阿卡迪亚学院。
Accademia dell'Arcadia,Organization,Society of Arcadia,[Category Fix] 阿卡迪亚学院。
Adriaen van der Werff,Person,Adriaen van der Werff,[Validation] 荷兰画家。
Adriaen van der Werff,Person,"Werff, Adrian van der",荷兰画家。
Agostino Chigi,Person,Agostino Andrea Chigi,[Disambiguation] 基吉家族成员。
Agostino Chigi,Person,"Chigi, Agostino 'il Magnifico'",[Reconstruction] 文艺复兴银行家。
Alessandro Farnese (Cardinal),Person,Alessandro Farnese (cardinal),[Validation] 法尔内塞枢机。
Alessandro Farnese (Cardinal),Person,"Farnese, Cardinal Alessandro",[Reconstruction] 可能是指教皇保罗三世之前的身份，或其孙子 Alessandro Farnese il Giovane。需结合语境。通常指 il Giovane (著名赞助人)。
Alessandro Marchesini,Person,Alessandro Marchesini,[Validation] 画家。
Alessandro Marchesini,Person,"Marchesini, Alessandro",[Category Fix] 原文误标为 Man-Made Object。维罗纳画家。
Alessandro Peretti di Montalto,Person,Alessandro Peretti di Montalto,[Validation] 枢机主教。
Alessandro Peretti di Montalto,Person,"Peretti-Montalto, Cardinal Alessandro",红衣主教蒙塔尔托。
Alessandro Vassalli,Person,Alessandro Vasalli,"[OCR Fix] 疑似 ""Vassalli"" (17世纪出版商/刻工)。"
Alessandro Vassalli,Person,"Vassalli, Alessandro",
Alessandro Zen,Person,Alessandro Zen,[Validation] 威尼斯贵族。
Alessandro Zen,Person,"Zen, Procurator Alessandro",威尼斯检察官。
Alexander VII,Person,"Chigi, Fabio (Pope Alexander VII)",[Disambiguation] 教皇亚历山大七世。
Alexander VII,Person,Pope Alexander VII,
Alexander VIII,Person,"Ottoboni, Pietro (Pope Alexander VIII)",教皇亚历山大八世。
Alexander VIII,Person,Pope Alexander VIII,
Alfonso Gesualdo,Person,Alfonso Gesualdo,[Validation] 枢机主教。
Alfonso Gesualdo,Person,"Gesualdo, Cardinal",[Disambiguation] 枢机主教。
Allegory of Divine Providence and Barberini Power,Work,Allegory of Divine Providence and Barberini Power,[Validation] 皮耶特罗·达·科尔托纳壁画。
Allegory of Divine Providence and Barberini Power,Work,Frescoes in Palazzo Barberini Salone,[Disambiguation] Pietro da Cortona 壁画。
Alvise Mocenigo,Person,Alvise Mocenigo,[Validation] 威尼斯总督/贵族（需具体上下文区分几世）。
Alvise Mocenigo,Person,"Mocenigo, Doge Alvise",威尼斯总督（具体哪一世需上下文，通常指 Alvise IV 1763-1778）。
Ambroise Dubois,Person,Ambroise Dubois,[Validation] 画家 (枫丹白露画派)。
Ambroise Dubois,Person,"Dubois, Ambrose",[Reconstruction] 枫丹白露画派画家。
Andrea Ferreri,Person,Andrea Ferreri,[Validation] 巴洛克雕塑家。
Andrea Ferreri,Person,"Ferrerio, Andrea","[OCR Fix] ""Ferrerio"" -> ""Ferreri"" (巴洛克雕塑家)。"
Andrea Gerini,Person,Andrea Gerini,[Validation] 佛罗伦萨贵族/收藏家。
Andrea Gerini,Person,"Gerini, Marchese Andrea",[Category Fix] 原文误标为 Man-Made Object。佛罗伦萨收藏家。
Andrea del Rosso,Person,Andrea del Rosso,[Validation] 佛罗伦萨收藏家。
Andrea del Rosso,Person,"Rosso, Andrea del (grandfather...)",佛罗伦萨收藏家。
Andrew Fountaine,Person,Andrew Fountaine,[Validation] 英国收藏家。
Andrew Fountaine,Person,"Fountaine, Sir Andrew",[Category Fix] 原文误标为 Work。
Anna Maria Luisa de' Medici,Person,Anna Maria Luisa de' Medici,[Validation] 美第奇家族最后一位直系成员。
Anna Maria Luisa de' Medici,Person,"Medici, Anna Maria Ludovica de'...",普法尔茨选帝侯夫人，美第奇家族最后一位直系成员。
Anne of Austria,Person,Anne d’Autriche,[Validation] 奥地利的安妮 (法国王后)。
Anne of Austria,Person,"Anne of Austria, Regent of France",[Category Fix] 原文误标为 Place。
"Anne, Queen of Great Britain",Person,Anne of Great Britain,[Validation] 安妮女王。
"Anne, Queen of Great Britain",Person,"Anne, Queen of England",[Validation] 安妮女王。
Anne-Marie du Boccage,Person,Anne-Marie du Boccage,[Validation] 法国作家。
Anne-Marie du Boccage,Person,"Boccage, Mme de",[Disambiguation] 法国女作家。
Anton Raphael Mengs,Person,Anton Raphael Mengs,[Validation] 新古典主义画家。
Anton Raphael Mengs,Person,"Mengs, Anton Rafael",德国新古典主义画家。
Antonio Barberini,Person,Antonio Barberini,[Validation] 枢机主教。
Antonio Barberini,Person,Cardinal Antonio Barberini,[Category Fix] 原文误标为 Work。
Antonio Francesco Gori,Person,Antonio Francesco Gori,[Validation] 古物学家 (Museum Florentinum)。
Antonio Francesco Gori,Person,"Gori, A. F.",[Reconstruction] 佛罗伦萨古物学家 (Museum Florentinum)。
Antonio Maria Antoniazzi,Person,"Antonazzi, Antonio Maria",[Reconstruction] 名字倒装复原。
Antonio Maria Antoniazzi,Person,Antonio Maria Antoniazzi,[Validation] 天文学家/学者。
Antonio Schinella Conti (Abate Conti),Person,Antonio Schinella Conti,[Validation] 作家/哲学家。
Antonio Schinella Conti (Abate Conti),Person,"Conti, Antonio",[Validation] 威尼斯作家。
Antonio Vallisneri,Person,Antonio Vallisneri,[Validation] 科学家/医生。
Antonio Vallisneri,Person,"Vallisnieri, Antonio",[Spelling Fix] 科学家/医生。
Apollo and Daphne,Work,Apollo Chasing Daphne,[Validation] 绘画/雕塑主题。
Apollo and Daphne,Work,Daphne and Apollo,[Validation] 绘画/雕塑主题。
Apostolic Palace,Place,Apostolic Palace,[Validation] 梵蒂冈宗座宫。
Apostolic Palace,Place,Vatican palace,[Category Fix] 原文误标为 Man-Made Object。
Archbasilica of Saint John Lateran,Place,Archbasilica of St. John Lateran,[Validation] 拉特朗圣若望大殿。
Archbasilica of Saint John Lateran,Place,Cathedral of Rome,[Disambiguation] 罗马主教座堂是拉特朗圣若望。
Archduke Leopold Wilhelm of Austria,Person,Archduke Leopold Wilhelm of Austria,[Validation] 著名艺术收藏家。
Archduke Leopold Wilhelm of Austria,Person,"Leopold Wilhelm, Archduke",[Category Fix] 原文误标为 Man-Made Object。
Archivio di Stato di Venezia (Sezione Notarile),Organization,"Sezione Notarile, Venice",[Category Fix] 威尼斯国家档案馆公证处。
Archivio di Stato di Venezia (Sezione Notarile),Organization,Venice Notarial Section,[Category Fix] 威尼斯国家档案馆公证处。
Archivio di Stato di Venezia (Sezione Notarile),Organization,Venice-Sezione Notarile,[Category Fix]
Art Institute of Chicago,Place/Organization,Art Institute of Chicago,[Validation] 芝加哥艺术博物馆。
Art Institute of Chicago,Organization,Art Institute of Chicago Robert A. Waller Fund,[Refinement] 博物馆基金。
Ascanio Filomarino,Person,Ascanio Filomarino,[Validation] 那不勒斯枢机主教。
Ascanio Filomarino,Person,"Filomarino, Cardinal",[Disambiguation] 那不勒斯大主教。
Augustus II the Strong,Person,"Augustus II of Poland (Frederick Augustus I, Elector of Saxony)",[Disambiguation] 奥古斯都二世。
Augustus II the Strong,Person,Augustus II the Strong,[Validation] 萨克森选帝侯/波兰国王。
Augustus III of Poland,Person,Augustus III of Poland,[Validation] 奥古斯都三世。
Augustus III of Poland,Person,"Augustus III of Poland (Frederick Augustus II, Elector of Saxony)",[Validation] 同上。
Baldassare Longhena,Person,Longhena,[Disambiguation] 建筑师。
Baldassare Longhena,Person,"Longhena, Baldassare",[Validation] 建筑师。
Balthasar Neumann,Person,Johann Balthasar Neumann,[Validation] 德国巴洛克建筑师。
Balthasar Neumann,Person,"Neumann, Balthasar",德国巴洛克建筑师。
Barberini Chapel (Sant'Andrea della Valle),Place,Barberini Chapel in S. Andrea della Valle,[Validation] 罗马礼拜堂。
Barberini Chapel (Sant'Andrea della Valle),Place,Barberini Chapelin S.Andreadella Valle),[OCR Fix] 标点和空格修复。
Bartolomeo Letterini,Person,Bartolomeo Letterini,[Validation] 威尼斯画家。
Bartolomeo Letterini,Person,"Letterini, Bartolommeo",[Reconstruction] 威尼斯画家。
Bartolomeo Nazari,Person,Bartolomeo Nazari,[Validation] 威尼斯肖像画家。
Bartolomeo Nazari,Person,"Nazari, Bartolommeo",威尼斯肖像画家。
Bartolomeo Schedoni,Person,Bartolomeo Schedoni,[Validation] 帕尔马画家。
Bartolomeo Schedoni,Person,"Schedoni, Bartolommeo",帕尔马画家。
Benoît Audran the Elder,Person,"Audran, Benoit",[Disambiguation] 法国版画家。
Benoît Audran the Elder,Person,Beno?t Audran the Elder,"[OCR Fix] 修正 ""?"" 为 ""î""。"
Bernard Le Bovier de Fontenelle,Person,Bernard Le Bovier de Fontenelle,[Validation] 作家。
Bernard Le Bovier de Fontenelle,Person,Fontenelle,[Disambiguation] 法国作家。
Bernardo De Dominici,Person,Bernardo de' Dominici,[Validation] 那不勒斯艺术传记作家。
Bernardo De Dominici,Person,"Dominici, Bernardo de",[Reconstruction] 那不勒斯传记作家。
Biblioteca Estense,Place,Biblioceca Estense,"[OCR Fix] ""Biblioceca"" -> ""Biblioteca""。"
Biblioteca Estense,Place,Biblioteca Estense,[Validation] 摩德纳图书馆。
Biblioteca Nazionale Marciana,Place,Biblioteca Nazionale Marciana,[Validation] 威尼斯圣马可图书馆。
Biblioteca Nazionale Marciana,Place,Marciana,威尼斯马尔恰纳图书馆。
Biblioteca del Museo Correr,Place,Biblioteca Correr,[Validation] 威尼斯图书馆。
Biblioteca del Museo Correr,Place,Correr Library,[Validation] 威尼斯图书馆。
Biblioteca del Museo Correr,Organization,Museo Correr Library,[Category Fix] 博物馆图书馆。
Ca' Foscari,Place,Ca' Foscari,[Validation] 威尼斯宫殿/大学。
Ca' Foscari,Place,Palazzo Foscari,威尼斯宫殿。
Ca' Pesaro,Place,Ca' Pesaro,[Validation] 威尼斯宫殿/博物馆。
Ca' Pesaro,Place,Pesaro palace,威尼斯佩萨罗宫（现为现代艺术博物馆）。
Caesar Baronius,Person,"Baronio, Cardinal",[Disambiguation] 凯撒·巴罗尼乌斯枢机 (教会史学家)。
Caesar Baronius,Person,Caesar Baronius,[Validation] 枢机/历史学家。
Camillo Astalli,Person,"Astalli (Pamfili), Camillo",[Disambiguation] 卡米洛·阿斯塔利枢机。
Camillo Astalli,Person,Camillo Astalli,[Validation] 枢机主教。
Camillo Astalli,Person,"Pamfili (Astalli), Camillo",曾被 Pamphilj 家族收养的红衣主教 (Cardinal-Nephew)。
Camillo Gavassetti,Person,Camillo Gavassetti,[Validation] 莫德纳画家。
Camillo Gavassetti,Person,"Gavasetti, Camillo",[Reconstruction] 莫德纳画家。
Camillo Pamphilj,Person,Pamfili Moncalto,"[OCR/Confusion] 极可能是 ""Pamfili, Montalto"" 的混淆或 ""Camillo Pamphilj"" 的误读。"
Camillo Pamphilj,Person,"Pamfili, Prince Camillo (nephew...)",英诺森十世的侄子，放弃枢机职位结婚。
Caravaggio,Person,"Caravaggio, Michelangelo da",[Disambiguation] 卡拉瓦乔。
Caravaggio,Person,Michelangelo Merisi da Caravaggio,卡拉瓦乔。
Cardinal Richelieu,Person,Armand Jean du Plessis,[Disambiguation] 黎塞留枢机。
Cardinal Richelieu,Person,Richelieu,黎塞留枢机。
Carl Gustaf Tessin,Person,Carl Gustaf Tessin,[Validation] 瑞典外交官/收藏家。
Carl Gustaf Tessin,Person,"Tessin, Count Carl Gustav",瑞典重要外交官与收藏家。
Carlo Barberini,Person,"Barberini, Carlo (brother to Urban VIII)",[Reconstruction] 乌尔班八世之兄。
Carlo Barberini,Person,Carlo Barberini,[Validation] 枢机主教。
Carlo Lodoli,Person,Carlo Lodoli,[Validation] 威尼斯建筑理论家。
Carlo Lodoli,Person,"Lodoli, Padre Carlo",[Reconstruction] 建筑理论家。
Carlo Maratta,Person,Carlo Maratti,[Standardization] 画家 (也拼作 Maratti)。
Carlo Maratta,Person,"Maratta, Carlo",[Validation] 罗马画家。
Carlo Roberto Dati,Person,Carlo Roberto Dati,[Validation] 佛罗伦萨学者。
Carlo Roberto Dati,Person,"Dati, Carlo",[Validation] 佛罗伦萨学者。
Castel Cogolo,Place,Castel Cogolo,[Validation] 城堡。
Castel Cogolo,Place,Castle of Cogolo,[Validation] 同 Castel Cogolo。
Catherine the Great,Person,Catherine the Great of Russia,[Validation] 俄国女皇。
Catherine the Great,Person,Sophie Friederike Auguste von Anhalt-Zerbst,叶卡捷琳娜大帝的原名。
Cesare Leopardi,Person,Don Cesare Leopardi d`Osimo,[Validation] 奥西莫贵族。
Cesare Leopardi,Person,"Osimo, Don Cesare Leopardi di",奥西莫的贵族/学者。
"Charles Colbert, marquis de Croissy",Person,Charles Colbert,[Disambiguation] 法国外交官 (Colbert弟弟)。
"Charles Colbert, marquis de Croissy",Person,"Croissy, M. de",[Disambiguation] 外交官。
Charles I of England,Person,Charles I,[Category Fix] 原文误标为 Work。
Charles I of England,Person,Charles I of England,[Validation] 英国国王。
Charles II of England,Person,Charles II,[Disambiguation] 查理二世 (需结合语境，通常指英国)。
Charles II of England,Person,Charles II of England,[Validation] 英国国王。
"Charles Mordaunt, 3rd Earl of Peterborough",Person,Charles Mordaunt,[Disambiguation] 英国将领/贵族。
"Charles Mordaunt, 3rd Earl of Peterborough",Person,"Peterborough, 3rd Earl of",
"Charles V, Holy Roman Emperor",Person,Charles V,[Disambiguation] 查理五世。
"Charles V, Holy Roman Emperor",Person,"Charles V, Holy Roman Emperor",[Validation] 神圣罗马帝国皇帝。
"Charles Watson-Wentworth, 2nd Marquess of Rockingham",Person,Charles Watson-Wentworth,[Validation] 英国首相。
"Charles Watson-Wentworth, 2nd Marquess of Rockingham",Person,"Rockingham, Lord",
Charles XII of Sweden,Person,Carl XII,[Disambiguation] 瑞典国王查理十二世。
Charles XII of Sweden,Person,Charles XII of Sweden,[Validation] 瑞典国王。
Charles de Brosses,Person,"Brosses, Président Charles De",[Reconstruction] 法国作家 (Lettres familières)。
Charles de Brosses,Person,Charles de Brosses,[Validation] 法国作家。
"Christina, Queen of Sweden",Person,Christina of Sweden,[Validation] 瑞典女王。
"Christina, Queen of Sweden",Person,"Christina, Queen of Sweden",[Validation] 同上。
Claudio Acquaviva,Person,"Aquaviva, Claudio",[Reconstruction] 耶稣会总会长。
Claudio Acquaviva,Person,Claudio Acquaviva,[Validation] 耶稣会总会长。
Clemens August of Bavaria,Person,Clemens August of Bavaria,[Validation] 科隆选帝侯。
Clemens August of Bavaria,Person,"Clemens August, Archbishop-Elector of Cologne",[Category Fix] 原文误标为 Work。
Clemens August of Bavaria,Person,Kufürst Clemens August,[Category Fix] 原文误标为 Man-Made Object。科隆选帝侯。
Clement IX,Person,Clement IX,[Validation] 教皇。
Clement IX,Person,"Rospigliosi, Giulio (Pope Clement IX)",教皇克莱门特九世。
Clement VIII,Person,"Aldobrandini, Ippolito (Pope Clement VIII)",[Disambiguation] 教皇克莱门特八世。
Clement VIII,Person,"Clement VIII, Pope",[Validation] 教皇。
Clement X,Person,"Altieri, Emilio (Pope Clement X)",[Disambiguation] 教皇克莱门特十世。
Clement X,Person,Pope Clement X,
Clement XI,Person,"Albani, Gianfrancesco (Pope Clement XI)",[Disambiguation] 教皇克莱门特十一世。
Clement XI,Person,Clement XI,[Validation] 教皇。
Clement XII,Person,"Clement XII, Pope",[Validation] 教皇。
Clement XII,Person,"Corsini, Lorenzo (Pope Clement XII)",[Disambiguation] 教皇克莱门特十二世。
Clement XIII,Person,"Clement XIII, Pope",[Validation] 教皇。
Clement XIII,Person,"Rezzonico, Carlo (Pope Clement XIII)",教皇克莱门特十三世。
Congregazione dei Virtuosi al Pantheon,Group,Congregazione dei Virtuosi,[Validation] 罗马艺术家行会。
Congregazione dei Virtuosi al Pantheon,Organization,"Virtuosi, Congregazione dei",[Category Fix] 万神殿艺术家协会。
Cornelis Schut,Person,Cornelis Schut,[Validation] 佛兰芒画家。
Cornelis Schut,Person,"Schut, Corneille",佛兰芒画家。
Cornelis de Wael,Person,Cornelis de Wael,[Validation] 佛兰芒画家 (居热那亚/罗马)。
Cornelis de Wael,Person,"Wael, Cornelius de",佛兰芒画家。
Cornelis van Poelenburgh,Person,Cornelius van Poelenburgh,[Validation] 荷兰画家。
Cornelis van Poelenburgh,Person,"Poelenburgh, Cornelius",荷兰风景画家。
Correggio,Person,Antonio da Correggio,[Disambiguation] 柯雷乔。
Correggio,Person,Correggio,[Validation] 画家。
Cosimo III de' Medici,Person,Cosimo III de' Mediciy,"[OCR Fix] ""Mediciy"" -> ""Medici""。"
Cosimo III de' Medici,Person,"Medici, Cosimo III de'",托斯卡纳大公。
Daniele Concina,Person,"Concina, Padre Daniele",[Validation] 多明我会神学家。
Daniele Concina,Person,Daniele Concina,[Validation] 多明我会神学家。
Daniele Dolfin IV,Person,Daniele Dolfin IV,[Validation] 威尼斯贵族/大使。
Daniele Dolfin IV,Person,"Dolfin, Daniele IV",[Validation] 威尼斯贵族。
Dante Alighieri,Person,Dante,[Validation] 但丁。
Dante Alighieri,Person,Dante Alighieri,[Validation] 但丁。
David Teniers the Younger,Person,David Teniers the Younger,[Validation] 佛兰芒画家。
David Teniers the Younger,Person,"Teniers, David",佛兰芒画家。
Decio Azzolino,Person,"Azzolini, Cardinal",[Disambiguation] 德西奥·阿佐利诺枢机。
Decio Azzolino,Person,Decio Azzolino,[Validation] 枢机主教。
Diego Velázquez,Person,Diego Velázquez,[Validation] 西班牙画家。
Diego Velázquez,Person,Velasquez,委拉斯开兹。
Dirk Helmbreker,Person,"Helmbrecker, Theodor",[Reconstruction] 佛兰芒画家。
Dirk Helmbreker,Person,Theodor Helm Breaker,[OCR Fix] 名字被错误拆分（Helm Breaker -> Helmbreker），佛兰芒画家。
Domenichino,Person,Domenichino (Domenico Zampieri),[Validation] 博洛尼亚画家。
Domenichino,Person,Domenico Zampieri,[Validation] 多梅尼基诺。
Domenico Cerato,Person,"Cerato, Abate",[Disambiguation] 帕多瓦建筑师 (Abate Cerato)。
Domenico Cerato,Person,Domenico Cerato,[Validation] 建筑师。
Domenico Fetti,Person,Domenico Fetti,[Validation] 画家。
Domenico Fetti,Person,"Feti, Domenico",[Reconstruction] 画家。
Domenico Ginnasi,Person,Domenico Ginnasi,[Validation] 枢机主教。
Domenico Ginnasi,Person,"Ginnasi, Cardinal",[Disambiguation] 枢机主教。
Domenico Maria Fratta,Person,Domenico Maria Fratta,[Validation] 博洛尼亚版画家。
Domenico Maria Fratta,Person,"Fratta, D. M.",[Reconstruction] 博洛尼亚版画家。
Domenico Passignano,Person,Domenico Passignano,[Validation] 画家。
Domenico Passignano,Person,"Passignani, Domenico",(Domenico Cresti) 佛罗伦萨画家。
Ecstasy of Saint Teresa,Work,Ecstasy of Saint Teresa,[Validation] 贝尼尼雕塑。
Ecstasy of Saint Teresa,Work,St Teresa wounded by Christ,[Category Fix] 圣特蕾莎的狂喜（或相关主题）。
El Escorial,Place,El Escorial,[Validation] 西班牙修道院/皇宫。
El Escorial,Place,L'Escorial,[Validation] 埃斯科里亚尔。
Eleonora Zambeccari,Person,Eleonora Zambeccari,[Validation] 博洛尼亚贵族。
Eleonora Zambeccari,Person,"Zambeccari, Marchesa Eleonora",[Category Fix] 原文误标为 Man-Made Object。博洛尼亚贵族。
Ellis Waterhouse,Person,Ellis Waterhouse,[Validation] 艺术史学家。
Ellis Waterhouse,Person,"Waterhouse, E. K.",英国艺术史学家。
"Emily Temple, Viscountess Palmerston",Person,Emily Temple,[Disambiguation] 帕默斯顿夫人。
"Emily Temple, Viscountess Palmerston",Person,"Palmerston, Lady",19世纪英国贵族。
Enea Silvio Caprara,Person,Aeneas de Caprara,[Disambiguation] 奥地利陆军元帅 (Enea Silvio Caprara)。
Enea Silvio Caprara,Person,"Caprara, Marshal",[Disambiguation] 奥地利元帅。
Ercole Graziani,Person,Ercole Graziani the Younger,[Validation] 博洛尼亚画家。
Ercole Graziani,Person,"Graziani, Ercole",[Validation] 博洛尼亚画家。
Ercole Procaccini the Elder,Person,Ercole Procaccini the Elder,[Validation] 画家。
Ercole Procaccini the Elder,Person,"Procaccini, Ercole",米兰画家（或指 Younger）。
Et in Arcadia ego,Work,Et in Arcadia ego,[Validation] 普桑/Guercino画作标题。
Et in Arcadia ego,Work,The Arcadian Shepherds (after...),[Category Fix] 普桑画作的临摹/版画。
Everhard Jabach,Person,Everhard Jabach,[Validation] 收藏家 (路易十四赞助)。
Everhard Jabach,Person,"Jabach, Everard",[Validation] 收藏家。
Federico Bencovich,Person,"Bencovich, Federico",[Reconstruction] 达尔马提亚/威尼斯画家。
Federico Bencovich,Person,Federiko Benkovi?,"[OCR Fix] ""Federiko Benkovi?"" -> ""Federico Bencovich"" (Dalmatian painter)。"
Federico Zuccari,Person,Federico Zuccari,[Validation] 风格主义画家/理论家。
Federico Zuccari,Person,"Zuccari, Federigo",风格主义画家。
Federico da Montefeltro,Person,Federico da Montefeltre,"[OCR Fix] ""Montefeltre"" -> ""Montefeltro""。乌尔比诺公爵。"
Federico da Montefeltro,Person,"Montefeltre, Federigo da",乌尔比诺公爵。
Felice Boscarati,Person,"Boscarati, Felice",[Reconstruction] 维罗纳画家。
Felice Boscarati,Person,Felice Boscaratti,[Validation] 维罗纳画家。
Ferdinand van den Eynde,Person,Ferdinand van den Eynde,[Validation] 佛兰芒/罗马收藏家 (Duquesnoy墓碑)。
Ferdinand van den Eynde,Person,"den Einden, Ferdinand van",佛罗伦萨/那不勒斯收藏家。
Ferdinando Galiani,Person,Ferdinando Galiani,[Validation] 经济学家/作家 (Abbé Galiani)。
Ferdinando Galiani,Person,"Galiani, Abate",[Reconstruction] 经济学家。
Ferdinando d'Adda,Person,"Adda, Cardinal d'",[Disambiguation] 费迪南多·达达枢机主教。
Ferdinando d'Adda,Person,Ferdinando d'Adda,[Validation] 枢机主教。
Ferdinando de' Medici (Grand Prince),Person,Ferdinando de' Medici,"[Disambiguation] 可能是 Ferdinando I, II 或 Great Prince Ferdinando (Grand Tour/Art Patron)。在艺术语境中常指 Grand Prince Ferdinando (1663–1713)。"
Ferdinando de' Medici (Grand Prince),Person,Grand Prince Ferdinando of Tuscany,[Validation] 美第奇家族大亲王 (Ferdinando III 的孙子，Cosimo III 之子)。
Filippo Corsini,Person,"Corsini, Marchese Filippo",[Category Fix] 原文误标为 Work。
Filippo Corsini,Person,Filippo Corsini,[Validation] 建筑师/贵族。
Filippo Napoletano,Person,"Angeli, Filippo d' (Napoletano)",[Disambiguation] 菲利波·那波列塔诺。
Filippo Napoletano,Person,Filippo Napoletano,[Validation] 风景画家。
Flight into Egypt,Work,Escape from Egypt,[Validation] 绘画主题。
Flight into Egypt,Work,Flight into Egypt,[Validation] 绘画主题。
Fra Bartolomeo,Person,"Bartolommeo, Fra",[Reconstruction] 佛罗伦萨画家。
Fra Bartolomeo,Person,Fra Bartolomeo,[Validation] 画家。
Francesco Adriano Ceva,Person,"Ceva, Cardinal",[Disambiguation] 枢机主教。
Francesco Adriano Ceva,Person,Francesco Adriano Ceva,[Validation] 枢机主教。
Francesco Albergati Capacelli,Person,"Albergati-Capacelli, Francesco",[Category Fix] 原文误标为 Place (E53)。剧作家/侯爵。
Francesco Albergati Capacelli,Person,Francesco Albergati Capacelli,[Validation] 剧作家。
Francesco Angelo Rapaccioli,Person,Francesco Angelo Rapaccioli,[Validation] 枢机主教。
Francesco Angelo Rapaccioli,Person,"Rapaccioli, Cardinal",枢机主教，艺术赞助人。
Francesco Baratta,Person,"Baratta, Francesco",[Category Fix] 原文误标为 Place。雕塑家。
Francesco Baratta,Person,Francesco Baratta the Elder,[Validation] 雕塑家。
Francesco Barberini (1597–1679),Person,"Barberini, Cardinal Francesco (nephew to Urban VIII)",[Category Fix] 原文误标为 Place。
Francesco Barberini (1597–1679),Person,Francesco Barberini,[Validation] 枢机主教。
Francesco Bassi (Il Cremonese),Person,"Bassi, Francesco (il Cremonese)",[Category Fix] 原文误标为 Place。风景画家。
Francesco Bassi (Il Cremonese),Person,Francesco Bassi,[Validation] 画家。
Francesco Maria I della Rovere,Person,Francesco Maria I della Rovere,[Validation] 乌尔比诺公爵。
Francesco Maria I della Rovere,Person,"Urbino, Francesco Maria della Rovere...",乌尔比诺公爵。
Francesco Maria Niccolò Gabburri,Person,Francesco Maria Niccolò Gabburri,[Validation] 佛罗伦萨收藏家/传记作家。
Francesco Maria Niccolò Gabburri,Person,"Gabburri, Francesco",[Category Fix] 原文误标为 Place。
Francesco Maria Richini,Person,Francesco Maria Richini,[Validation] 米兰巴洛克建筑师。
Francesco Maria Richini,Person,"Ricchini, Francesco Maria",[Category Fix] 原文误标为 Place。米兰巴洛克建筑师。
Francesco Maria Zanotti,Person,Francesco Maria Zanotti,[Validation] 博洛尼亚哲学家/作家。
Francesco Maria Zanotti,Person,"Zanotti, F. M.",博洛尼亚哲学家/作家。
Francesco Maria del Monte,Person,Francesco Maria del Monte,[Validation] 枢机主教 (Caravaggio赞助人)。
Francesco Maria del Monte,Person,"Monte, Cardinal Francesco del",[Category Fix] 原文误标为 Place。著名的卡拉瓦乔赞助人。
Francesco Panciatichi,Person,Francesco Panciatichi,[Validation] 佛罗伦萨政治家/国务秘书。
Francesco Panciatichi,Person,"Panciatichi, Senator Francesco",[Category Fix] 原文误标为 Place。佛罗伦萨参议员。
Francis I of France,Person,Francis I of France,[Validation] 法国国王。
Francis I of France,Person,François I of France,[Category Fix] 原文误标为 Place。
Francis Watson,Person,Francis Watson,[Validation] 艺术史学家 (Wallace Collection)。
Francis Watson,Person,"Watson, F. J. B.",华莱士收藏馆馆长。
Franco Venturi,Person,Franco Venturi,[Validation] 历史学家 (Settecento riformatore)。
Franco Venturi,Person,"Venturi, Professor Franco",著名的现代历史学家（启蒙运动研究）。
Frans Pourbus the Younger,Person,Frans Pourbus the Younger,[Validation] 佛兰芒肖像画家。
Frans Pourbus the Younger,Person,"Pourbus, Franz, the Younger",佛兰芒肖像画家。
Frans van Mieris the Elder,Person,Frans van Mieris the Elder,[Validation] 荷兰画家。
Frans van Mieris the Elder,Person,"Mieris, Frans van",荷兰黄金时代画家。
François Boucher,Person,"Boucher, François",[Reconstruction] 法国洛可可画家。
François Boucher,Person,Fran?ois Boucher,"[OCR Fix] ""?"" -> ""ç""。"
François Duquesnoy,Person,"Duquesnoy, François",[Validation] 佛兰芒雕塑家。
François Duquesnoy,Person,Fran?ois Duquesnoy,"[OCR Fix] ""?"" -> ""ç""。"
François Girardon,Person,Fran?ois Girardon,"[OCR Fix] ""?"" -> ""ç""。"
François Girardon,Person,"Girardon, François",[Reconstruction] 法国雕塑家。
François Mansart,Person,Fran?ois Mansart,"[OCR Fix] ""?"" -> ""ç""。"
François Mansart,Person,"Mansart, François",[Validation] 法国建筑师。
François-Joachim de Pierre de Bernis,Person,"Bermis, Cardinal de","[OCR Fix] ""Bermis"" -> ""Bernis""。法国枢机/外交官。"
François-Joachim de Pierre de Bernis,Person,Fran?ois-Joachim de Pierre de Bernis,"[OCR Fix] ""?"" -> ""ç""。"
Frederick III (Holy Roman Emperor),Person,Frederick III,[Disambiguation] 神圣罗马帝国皇帝。
Frederick III (Holy Roman Emperor),Person,Frederick III (Holy Roman Emperor),[Validation] 同上。
Frederick the Great,Person,Frederick II of Prussia,[Validation] 普鲁士国王。
Frederick the Great,Person,Frederick the Great,[Validation] 普鲁士国王。
Gabriel Grupello,Person,Gabri?l Grupello,"[OCR Fix] ""?"" -> ""ë""。佛兰芒雕塑家。"
Gabriel Grupello,Person,"Gruppello, Gabriel",[Validation] 佛兰芒雕塑家。
Galeazzo Arconati,Person,"Arconato, Galeazzo",[Reconstruction] 米兰收藏家 (达芬奇手稿)。
Galeazzo Arconati,Person,Galeazzo Arconati,[Validation] 米兰收藏家。
Gaspar Méndez de Haro (Marquis of Carpio),Person,Gaspar Méndez de Haro,[Validation] 西班牙收藏家。
Gaspar Méndez de Haro (Marquis of Carpio),Person,"Guzman, Gasparo de Haro y",[Reconstruction] 西班牙收藏家。
Gaspard Dughet,Person,"Dughet, Gaspard (Gaspard Poussin)",[Validation] 风景画家。
Gaspard Dughet,Person,Gaspard Dughet,[Validation] 画家。
Gaspard Dughet,Person,"Poussin, Gaspard",别名 Gaspard Poussin，风景画家。
George Frideric Handel,Person,George Frideric Handel,[Validation] 作曲家。
George Frideric Handel,Person,"Handel, George Frederick",[Validation] 作曲家。
George I of Great Britain,Person,George I of Great Britain,[Validation] 英国国王。
George I of Great Britain,Person,"George I, King of England",[Validation] 同上。
George I of Great Britain,Person,King George I,[Category Fix] 原文误标为 Man-Made Object。
George III of Great Britain,Person,George III of Great Britain,[Validation] 英国国王。
George III of Great Britain,Person,"George III, King of England",[Validation] 同上。
Giacomo Boni,Person,"Boni, Giacomo Antonio",[Disambiguation] 博洛尼亚画家。
Giacomo Boni,Person,Giacomo Boni,[Validation] 威尼斯画家 (18世纪) 或考古学家 (19世纪)。结合上下文 (Giacomo/18th cent)，应为画家 Giacomo Boni (1688–1766)。
Giacomo Casanova,Person,"Casanova de Seingalt, Jacques",[Disambiguation] 贾科莫·卡萨诺瓦。
Giacomo Casanova,Person,Giacomo Casanova,[Validation] 冒险家/作家。
Giacomo Di Castro,Person,"Castro, Jacomo di",[Disambiguation] 索伦托/那不勒斯画家。
Giacomo Di Castro,Person,Giacomo di Castro,[Validation] 索伦托画家。
Giacomo Serra,Person,Giacomo Serra,[Validation] 枢机主教 (Rubens赞助人)。
Giacomo Serra,Person,"Serra, Mgr Giacomo",红衣主教（卡拉瓦乔赞助人，Rubens 也有接触）。
Giacomo del Po,Person,Giacomo del Pò,[Validation] 那不勒斯画家。
Giacomo del Po,Person,"Po, Giacomo del",那不勒斯画家。
Giambattista Biffi,Person,"Biffi, Giambattista",[Reconstruction] 18世纪克雷莫纳作家。
Giambattista Biffi,Person,Giovanni Battista Biffi,[Validation] 克雷莫纳作家。
Giammaria Ortes,Person,Giammaria Ortes,[Validation] 威尼斯经济学家/修道士。
Giammaria Ortes,Person,"Ortes, Abate Giuseppe Maria",威尼斯哲学家/经济学家。
Gian Domenico Ferretti,Person,"Ferretti, Gian Domenico",[Reconstruction] 佛罗伦萨洛可可画家。
Gian Domenico Ferretti,Person,Giovanni Domenico Ferretti,[Validation] 佛罗伦萨画家。
Gian Paolo Cavagna,Person,"Cavagna, Giampaolo",[Validation] 贝加莫画家。
Gian Paolo Cavagna,Person,Giovanni Paolo Cavagna,[Validation] 贝加莫画家。
Gian Vittorio Rossi (Janus Nicius Erythraeus),Person,Gian Vittorio Rossi,[Validation] 诗人/学者。
Gian Vittorio Rossi (Janus Nicius Erythraeus),Person,Jan Niceo Eritreo,[Disambiguation] 意大利作家/学者。
Gianantonio Guardi,Person,Giovanni Antonio Guardi,[Standardization] 瓜尔迪兄弟长兄 (Giovanni Antonio)。
Gianantonio Guardi,Person,"Guardi, Gian Antonio",[Validation] 威尼斯画家。
Giannantonio Moschini,Person,Giannantonio Moschini,[Validation] 威尼斯艺术导览作者/神职人员。
Giannantonio Moschini,Person,"Moschini, Abate G. A.",19世纪威尼斯艺术导览作家。
Giorgione,Person,Giorgione,[Validation] 画家。
Giorgione,Person,Zorzone,[Disambiguation] 威尼斯方言称呼，或指 Giorgione。
Giovan Battista Cimaroli,Person,"Cimaroli, Giovan Battista",[Reconstruction] 威尼斯风景画家。
Giovan Battista Cimaroli,Person,Giovanni Battista Cimaroli,[Validation] 威尼斯风景画家。
Giovan Battista Langetti,Person,Giovan Battista Langetti,[Validation] 画家 (Tenebrist)。
Giovan Battista Langetti,Person,"Langetti, Giovanni Battista",[Validation] 画家。
Giovanni Angelo Montorsoli,Person,Giovanni Angelo Montorsoli,[Validation] 雕塑家 (Servite)。
Giovanni Angelo Montorsoli,Person,"Montorsoli, Giovanni",米开朗基罗的学生，雕塑家。
Giovanni Antonio Fumiani,Person,"Fumiani, Giannantonio",[Reconstruction] 威尼斯画家。
Giovanni Antonio Fumiani,Person,Giovanni Antonio Fumiani,[Validation] 威尼斯画家 (San Pantalon天顶)。
Giovanni Battista Foggini,Person,"Foggini, Giovan Battista",[Reconstruction] 佛罗伦萨雕塑家/建筑师。
Giovanni Battista Foggini,Person,Giovanni Battista Foggini,[Validation] 佛罗伦萨雕塑家。
Giovanni Battista Gaulli (Baciccio),Person,"Gaulli, Giovanni Battista (Baciccio)",[Validation] 画家。
Giovanni Battista Gaulli (Baciccio),Person,Giovanni Battista Gaulli,[Validation] 画家。
Giovanni Battista Passeri,Person,Giovanni Battista Passeri,[Validation] 传记作家/古物学家 (Lives of Painters / Etruscan studies)。
Giovanni Battista Passeri,Person,"Passeri, Giambattista",传记作家（《Vite》作者）。
Giovanni Battista Tiepolo,Person,Giovanni Battista Tiepolo,[Validation] 提埃坡罗。
Giovanni Battista Tiepolo,Person,"Tiepolo, Giambattista",提埃坡罗。
Giovanni Benedetto Castiglione,Person,Benedetto Castiglione,[Disambiguation] 乔瓦尼·贝内代托·卡斯蒂廖内 (Il Grechetto)。
Giovanni Benedetto Castiglione,Person,"Castiglione, Giovanni Benedetto",[Validation] 画家。
Giovanni Camillo Sagrestani,Person,Giovanni Camillo Sagrestani,[Validation] 佛罗伦萨画家。
Giovanni Camillo Sagrestani,Person,"Sagrestani, Giovan Camillo",佛罗伦萨晚期巴洛克画家。
Giovanni Domenico Ottonelli,Person,Giovanni Domenico Ottonelli,[Validation] 耶稣会作家 (艺术道德论)。
Giovanni Domenico Ottonelli,Person,"Ottonelli, Padre",耶稣会士，著有《Trattato della pittura》。
Giovanni Domenico Piastrini,Person,Giovanni Domenico Piastrini,[Validation] 佛罗伦萨画家。
Giovanni Domenico Piastrini,Person,"Piastrini, G. D.",18世纪佛罗伦萨画家。
Giovanni Domenico Tiepolo,Person,Giovanni Domenico Tiepolo,[Validation] 提埃坡罗之子。
Giovanni Domenico Tiepolo,Person,"Tiepolo, Gian Domenico",提埃坡罗之子。
Giovanni Francesco Negroni,Person,Giovanni Francesco Negroni,[Validation] 枢机主教。
Giovanni Francesco Negroni,Person,"Negroni, Cardinal Giovan Francesco",[Category Fix] 原文误标为 Place。红衣主教。
Giovanni Francesco Romanelli,Person,Giovanni Francesco Romanelli,[Validation] 画家 (Cortona学生)。
Giovanni Francesco Romanelli,Person,"Romanelli, Giovan Francesco",[Category Fix] 原文误标为 Place。罗马巴洛克画家。
Giovanni Gaetano Bottari,Person,"Bottari, Giovanni",[Disambiguation] 罗马学者/图书管理员。
Giovanni Gaetano Bottari,Person,Giovanni Gaetano Bottari,[Validation] 罗马学者/梵蒂冈图书馆员。
Giovanni Gasparo Baldoini,Person,"Baldoini, Giovanni Gasparo",[Reconstruction] 名字倒装复原。
Giovanni Gasparo Baldoini,Person,Gio. Gasparo Baldoini,[Full Name] 建筑师/工程师。
Giovanni Gioseffo dal Sole,Person,Giovanni Gioseffo dal Sole,[Validation] 博洛尼亚画家。
Giovanni Gioseffo dal Sole,Person,"Sole, Giovan Gioseffo dal",博洛尼亚画家。
Giovanni Incisa della Rocchetta,Person,Giovanni Incisa della Rocchetta,[Validation] 艺术史学家/收藏家 (Chigi日记编辑)。
Giovanni Incisa della Rocchetta,Person,Incisa Della Rocchetta,[Reconstruction] 学者。
Giovanni Ludovico Bianconi,Person,"Bianconi, G. L.",[Disambiguation] 18世纪医生/艺术作家。
Giovanni Ludovico Bianconi,Person,Giovanni Ludovico Bianconi,[Validation] 医生/艺术作家。
Giovanni Marchiori,Person,Giovanni Marchiori,[Validation] 威尼斯雕塑家。
Giovanni Marchiori,Person,"Marchiori, Giovanni",[Category Fix] 原文误标为 Man-Made Object。威尼斯雕塑家。
Giovanni Marco Pitteri,Person,Antonio Pitteri,"[OCR Fix] ""Antonio"" 可能是 ""Marco"" 的误植，或指 Antonio Pitteri (较不知名)。倾向于 Marco Pitteri (威尼斯版画家)。"
Giovanni Marco Pitteri,Person,Giovanni Marco Pitteri,[Validation] 威尼斯版画家。
Giovanni Maria Sasso,Person,G.M. Sasso,[Disambiguation] 威尼斯画商/修复师。
Giovanni Maria Sasso,Person,Giovanni Maria Sasso,[Validation] 威尼斯画商。
Giovanni Maria Sasso,Person,Giuseppe Maria Sasso,[Correction] 威尼斯画商 Sasso 通常名为 Giovanni Maria。可能是误记。
Giovanni Paolo Panini,Person,Giovanni Paolo Panini,[Validation] 维杜塔画家。
Giovanni Paolo Panini,Person,"Pannini, Giovanni Paolo",罗马Veduta画家。
Giovanni Pietro Bellori,Person,"Bellori, Gian Pietro",[Reconstruction] 艺术理论家。
Giovanni Pietro Bellori,Person,Giovanni Pietro Bellori,[Validation] 著名艺术理论家/传记作家。
Giovanni Pietro Olina,Person,Giovanni Pietro Olina,[Validation] 鸟类学家/作家 (Cassiano dal Pozzo圈子)。
Giovanni Pietro Olina,Person,"Olina, P.",《Uccelliera》作者，卡西阿诺·达尔·波佐圈子成员。
Giovanni Poleni,Person,Giovanni Poleni,[Validation] 帕多瓦数学家/物理学家。
Giovanni Poleni,Person,"Poleni, Marchese Giovanni",[Category Fix] 原文误标为 Man-Made Object。科学家/侯爵。
Giovanni Vianello,Person,Giovanni Vianello,[Validation] 威尼斯画家 (19世纪)。
Giovanni Vianello,Person,"Vianello, Dr Giovanni",艺术史学家/收藏家。
Girolamo Durazzo,Person,"Durazzo, Marchese Girolamo",[Category Fix] 原文误标为 Work。热那亚总督/贵族。
Girolamo Durazzo,Person,Marchese Girolamo Durazzo,热那亚贵族、总督及艺术收藏家。
Girolamo Frescobaldi,Person,"Frescobaldi, Gerolamo",[Reconstruction] 作曲家。
Girolamo Frescobaldi,Person,Girolamo Frescobaldi,[Validation] 巴洛克作曲家。
Giuseppe Cesari (Cavaliere d'Arpino),Person,"Arpino, Cavaliere d'",[Disambiguation] 朱塞佩·切萨里。
Giuseppe Cesari (Cavaliere d'Arpino),Person,Giuseppe Cesari,[Validation] 罗马画家。
Giuseppe Toninotto,Person,Giuseppe Toninotto,[Validation] 18世纪威尼斯出版商?。
Giuseppe Toninotto,Person,"Toninotto, Padre Giuseppe",
Giuseppe Valeriano,Person,Giuseppe Valeriano,[Validation] 耶稣会建筑师/画家。
Giuseppe Valeriano,Person,"Valeriano, Padre",耶稣会画家/建筑师。
Giustiniana Wynne,Person,Giustiniana Wynne Rosenberg-Orsini,[Validation] 威尼斯女作家。
Giustiniana Wynne,Person,"Wynne, Giustiniana (Mme Rosenberg)",威尼斯女作家（Countess Rosenberg）。
Gregory XIII,Person,"Boncampagni, Ugo (Pope Gregory XIII)",[Disambiguation] 教皇格里高利十三世。
Gregory XIII,Person,Gregory XIII,[Validation] 教皇格里高利十三世。
Gregory XV,Person,Alessandro Ludovisi,[Disambiguation] 亚历山德罗·卢多维西 (教皇格里高利十五世)。
Gregory XV,Person,Gregory XV,[Validation] 教皇格里高利十五世。
Gregory XV,Person,"Ludovisi, Alessandro (Pope Gregory XV)",[Disambiguation] 教皇格里高利十五世。
"Grey Brydges, 5th Baron Chandos",Person,"Brydges, Grey","[Disambiguation] ""King of the Cotswolds""。"
"Grey Brydges, 5th Baron Chandos",Person,"Chandos, Grey Brydges, 5th Lord",[Validation] 贵族。
"Grey Brydges, 5th Baron Chandos",Person,"Grey Brydges, 5th Baron Chandos",[Validation] 英国贵族。
Guercino,Person,Giovanni Francesco Barbieri,[Disambiguation] 顾尔奇诺。
Guercino,Person,Guercino (Francesco Barbieri),[Category Fix] 原文误标为 Place。
Guido Bentivoglio,Person,Cardinal Bentivoglio,[Category Fix] 原文误标为 Work。通常指 Guido Bentivoglio 枢机 (凡戴克肖像)。
Guido Bentivoglio,Person,Guido Bentivoglio,[Validation] 枢机主教。
Guillaume Courtois (Il Borgognone),Person,"Borgognone, Guglielmo (Guillaume Courtois)",[Disambiguation] 纪尧姆·库尔图瓦。
Guillaume Courtois (Il Borgognone),Person,Guillaume Courtois,[Validation] 画家。
Gustavus Adolphus,Person,Gustavus Adolphus,[Validation] 瑞典国王。
Gustavus Adolphus,Person,Gustavus Adolphus of Sweden,[Validation] 同上。
Heinrich von Brühl,Person,"Brühl, Count",[Disambiguation] 萨克森首相/收藏家。
Heinrich von Brühl,Person,Heinrich von Brühl,[Validation] 萨克森首相/收藏家。
Henriette Adelaide of Savoy,Person,Henriette Adelaide of Savoy,[Validation] 巴伐利亚选帝侯夫人。
Henriette Adelaide of Savoy,Person,Princess Henriette Adelaide of Savoy,巴伐利亚选帝侯夫人。
Henriette Adelaide of Savoy,Person,"Savoy, Adelaide Enrichetta of",巴伐利亚选帝侯夫人。
"Henry Bennet, 1st Earl of Arlington",Person,"Arlington, Lord",[Disambiguation] 阿灵顿伯爵。
"Henry Bennet, 1st Earl of Arlington",Person,Henry Bennet,[Validation] 英国政治家。
"Henry Bentinck, 1st Duke of Portland",Person,Henry Bentinck,[Disambiguation] 波特兰公爵。
"Henry Bentinck, 1st Duke of Portland",Person,"Portland, Henry, first Duke of",
Henry III of France,Person,Henri III,[Validation] 法国国王。
Henry III of France,Person,Henri III of France,[Category Fix] 原文误标为 Place。
Herman van Swanevelt,Person,Herman van Swanevelt,[Validation] 荷兰画家。
Herman van Swanevelt,Person,"Swanevelt, Hermann",荷兰风景画家。
Innocent X,Person,Giovanni Battista Pamphilj,[Disambiguation] 教皇英诺森十世。
Innocent X,Person,"Innocent X, Pope",[Validation] 教皇。
Innocent X,Person,"Pamfili, Gianbattista (Pope Innocent X)",教皇英诺森十世。
Innocent XI,Person,"Odescalchi, Benedetto (Pope Innocent XI)",教皇英诺森十一世（Odescalchi家族）。
Innocent XI,Person,Pope Innocent XI,
Innocent XII,Person,"Innocent XII, Pope",[Validation] 教皇。
Innocent XII,Person,"Pignatelli, Antonio (Pope Innocent XII)",教皇英诺森十二世。
Innocent XIII,Person,"Conti, Michaelangelo (Pope Innocent XIII)",[Disambiguation] 教皇英诺森十三世。
Innocent XIII,Person,Innocent XIII,[Validation] 教皇。
Inquisitori di Stato,Organization,Venice-Inquisitori di Stato,[Category Fix] 威尼斯国家裁判官。
Inquisitori di Stato,Organization,Venice-Inquisiwri,"[OCR Fix] ""Inquisiwri"" -> ""Inquisitori""。"
Ippolito Bentivoglio,Person,"Bentivoglio, Ippotilo","[OCR Fix] 修正 ""Ippotilo"" 为 ""Ippolito""。"
Ippolito Bentivoglio,Person,Ippolito Bentivoglio,[Validation] 费拉拉贵族/剧作家。
Isabella de' Medici,Person,Isabella de' Medici,[Validation] 美第奇家族成员。
Isabella de' Medici,Person,"Medici, Isabella de' (Duchess of Bracciano)",
Jacopo Facciolati,Person,"Facciolati, Abate",[Reconstruction] 帕多瓦学者/语言学家。
Jacopo Facciolati,Person,Jacopo Facciolati,[Validation] 帕多瓦语文学家。
Jacopo Guarana,Person,"Guarana, Giacomo",[Validation] 威尼斯画家。
Jacopo Guarana,Person,Jacopo Guarana,[Validation] 威尼斯画家。
Jacopo Morelli,Person,Iacopo Morelli,[Validation] 圣马可图书馆馆长。
Jacopo Morelli,Person,"Morelli, Jacopo",著名的圣马可图书馆馆长。
Jacopo Pedozzi,Person,Jacopo Pedozzi,[Validation] 灰泥艺术家 (18世纪)。
Jacopo Pedozzi,Person,"Pedozzi, Padre Jacopo",
Jacques Courtois (Il Borgognone),Person,"Borgognone, Giacomo (Jacques Courtois)",[Disambiguation] 雅克·库尔图瓦 (战斗画家)。
Jacques Courtois (Il Borgognone),Person,Jacques Courtois,[Validation] 画家。
Jacques Duyvelant,Person,"Duyvelant, Jacques",[Validation] 17世纪佛兰芒画家 (Antwerp)。
Jacques Duyvelant,Person,Jacques Duyvdant,[Reconstruction] 佛兰芒画家。
Jacques and Guillaume Courtois,Group,"Cortese, Giacomo and Guglielmo",[Split Required] 兄弟画家 (Il Borgognone)。
Jacques and Guillaume Courtois,Group,"Courtois, Jacques and Guillaume",[Validation] 兄弟画家。
Jacques-Bénigne Bossuet,Person,"Bossuet, Jacques-Bénigne",[Reconstruction] 法国主教/布道家。
Jacques-Bénigne Bossuet,Person,Jacques Bénigne Bossuet,[Validation] 主教/作家。
Jakob Christoph Le Blon,Person,Jacob Christoph Le Blon,[Validation] 版画家 (彩色版画发明者)。
Jakob Christoph Le Blon,Person,"LeBlon, Jakob Christoffel",[Validation] 德国/法国版画家。
"James Brydges, 1st Duke of Chandos",Person,"Chandos, James Brydges, 1st Duke of",[Validation] 贵族/赞助人。
"James Brydges, 1st Duke of Chandos",Person,James Brydges,[Validation] 贵族/赞助人。
James Byam Shaw,Person,James Byam Shaw,[Validation] 艺术史学家 (Venetian drawings)。
James Byam Shaw,Person,John Byam Lister Shaw,[Correction] 可能是混淆了 John Byam Shaw (画家) 和 James Byam Shaw (艺术史学家)。上下文多为艺术史，James Byam Shaw 是威尼斯画派素描专家。
James Francis Edward Stuart,Person,"James Francis Edward Stuart, Prince of Wales",[Validation] 老僭王。
James Francis Edward Stuart,Person,James III of England,[Disambiguation] 老僭王 (自称詹姆斯三世)。
Jan Baptist de Wael,Person,Jan Baptist de Wael,[Validation] 佛兰芒画家/版画家。
Jan Baptist de Wael,Person,"Wael, Jean-Baptiste de",佛兰芒画家。
Jan van den Eynde,Person,Jan van den Eynde,[Validation] 那不勒斯佛兰芒商人/收藏家 (Ferdinand van den Eynde的兄弟/亲戚)。
Jan van den Eynde,Person,"Vandeneynde, Jan",佛兰芒建筑师/商人，活跃于那不勒斯。
Jan van den Eynde,Person,"den Einden, Jan van",佛罗伦萨/那不勒斯富商/收藏家。
Jean-Antoine Nollet,Person,Jean-Antoine Nollet,[Validation] 物理学家 (Abbé Nollet)。
Jean-Antoine Nollet,Person,"Nollet, Abb谷","[OCR Fix] ""Abb谷"" -> ""Abbé""。物理学家。"
Jean-Antoine Watteau,Person,Jean Antoine Watteau,[Validation] 法国画家。
Jean-Antoine Watteau,Person,"Watteau, Antoine",华托。
Jean-Baptiste Théodon,Person,Jean-Baptiste Théodon,[Validation] 法国雕塑家。
Jean-Baptiste Théodon,Person,"Th谷odon, Jean Baptiste","[OCR Fix] ""Th谷odon"" -> ""Théodon""。法国雕塑家。"
Jean-Baptiste-Siméon Chardin,Person,"Chardin, Jean Baptiste Siméon",[Validation] 法国画家。
Jean-Baptiste-Siméon Chardin,Person,Jean-Baptiste-Siméon Chardin,[Validation] 法国画家。
Jean-François Millet,Person,Jean-Fran?ois Millet,"[OCR Fix] ""?"" -> ""ç""。"
Jean-François Millet,Person,"Millet, Jean-Fran?ois","[OCR Fix] 乱码修复 ""?ois"" -> ""çois""。"
Jean-François de La Harpe,Person,Jean-Fran?ois de La Harpe,"[OCR Fix] ""?"" -> ""ç""。"
Jean-François de La Harpe,Person,La Harpe,[Disambiguation] 评论家。
Jean-Honoré Fragonard,Person,"Fragonard, Jean Honoré",[Reconstruction] 法国画家。
Jean-Honoré Fragonard,Person,Jean-Honoré Fragonard,[Validation] 法国画家。
Jennifer Montagu,Person,Jennifer Ellis Rachel Montagu,[Validation] 艺术史学家。
Jennifer Montagu,Person,"Montagu, Jennifer",现代著名艺术史学家（巴洛克雕塑权威）。
Jerome Bankes,Person,Jerome Bankes,[Validation] 英国旅行者/赞助人。
Jerome Bankes,Person,Jerome Bankes (1635/36-1686),[Category Fix] 原文误标为 Man-Made Object。
Jerónimo Nadal,Person,Jeroni Nadal,[Validation] 耶稣会士 (Nadal's Gospel Illustrations)。
Jerónimo Nadal,Person,"Nadal, Jerome",(Jerome Nadal) 耶稣会神学家，反宗教改革图像学重要人物。
Johann Bernhard Fischer von Erlach,Person,"Erlach, Fischer von",[Reconstruction] 奥地利巴洛克建筑师。
Johann Bernhard Fischer von Erlach,Person,Johann Bernhard Fischer von Erlach,[Validation] 奥地利建筑师。
Johann Christian Brand,Person,"Brand, Johannes Christian",[Disambiguation] 奥地利风景画家。
Johann Christian Brand,Person,Johann Christian Brand,[Validation] 奥地利画家。
Johann Christoph Pepusch,Person,Johann Christoph Pepusch,[Validation] 作曲家。
Johann Christoph Pepusch,Person,"Pepusch, Dr",德国作曲家，活跃于伦敦。
Johann Christoph Storer,Person,Johann Christoph Storer,[Validation] 画家。
Johann Christoph Storer,Person,"Storer, Cristoforo",(Cristoforo Storer) 康斯坦茨出生的画家，活跃于米兰。
Johann Joachim Winckelmann,Person,Johann Joachim Winckelmann,[Validation] 艺术史之父。
Johann Joachim Winckelmann,Person,"Winckelmann, J. J.",温克尔曼。
Johann Matthias von der Schulenburg,Person,Johann Matthias von der Schulenburg,[Validation] 陆军元帅/威尼斯收藏家。
Johann Matthias von der Schulenburg,Person,Marshal Schulenburg,[Category Fix] 威尼斯共和国元帅，重要的艺术收藏家。
Johann Matthias von der Schulenburg,Person,"Schulenburg, Marshal Johann Matthias",威尼斯元帅，重要收藏家。
Johann Philipp Franz von Schönborn,Person,Johann Philipp Franz von Sch?nborn,"[OCR Fix] ""?"" -> ""ö""。维尔茨堡采邑主教。"
Johann Philipp Franz von Schönborn,Person,"Sch?nborn, Johann Philip Franz",[OCR Fix]
"Johann Wilhelm, Elector Palatinate",Person,Johann Wilhelm,[Disambiguation] 普法尔茨选帝侯。
"Johann Wilhelm, Elector Palatinate",Person,"Johann Wilhelm, Elector Palatinate",[Validation] 同上。
"John Cecil, 5th Earl of Exeter",Person,"Exeter, 5th Lord",[Disambiguation] 伯利勋爵/Grand Tour 旅行者。
"John Cecil, 5th Earl of Exeter",Person,"John Cecil, 5th Earl of Exeter",[Validation] 伯利勋爵/大旅行者。
John Closterman,Person,"Clostermann, John",[Validation] 肖像画家。
John Closterman,Person,John Closterman,[Validation] 肖像画家。
"John Hervey, 2nd Baron Hervey",Person,"Hervey, Lord",[Disambiguation] 赫维勋爵 (回忆录作者)。
"John Hervey, 2nd Baron Hervey",Person,"John Hervey, 2nd Baron Hervey",[Validation] 赫维勋爵。
"John Sheffield, 1st Duke of Buckingham and Normanby",Person,"Buckingham, John Sheffield, Duke of",[Full Name] 诗人/政治家。
"John Sheffield, 1st Duke of Buckingham and Normanby",Person,"John Sheffield, 1st Duke of Buckingham and Normanby",[Validation] 政治家/作家。
John Skippe,Person,John Henry Skippe,[Validation] 业余艺术家/收藏家 (Chiaroscuro woodcuts)。
John Skippe,Person,"Skippe, John",英国业余艺术家/鉴赏家。
John Udny,Person,John Fullarton Udny,[Validation] 英国驻威尼斯/里窝那领事 (收藏家)。
John Udny,Person,"Udney, John",[Spelling Fix] 英国驻威尼斯领事 (Consul Udny)。
John Udny,Person,Zuane Udni,"[Dialect/OCR] 威尼斯方言 ""Zuane"" = Giovanni = John; ""Udni"" = Udny (Consul John Udny)。"
Joseph Addison,Person,Addison,[Category Fix] 误标为 Work (E22)。英国作家/政治家。
Joseph Addison,Person,Joseph Addison,[Validation] 作家/政治家。
Judith with the Head of Holofernes,Work,Judith with the Head of Holofernes,[Validation] 绘画主题。
Judith with the Head of Holofernes,Work,Judith with the head of Holofernes,[Validation] 绘画主题。
Jules Mazarin,Person,"Mazarin, Cardinal",马萨林枢机。
Jules Mazarin,Person,"Mazzarini, Giulio",马萨林枢机的意大利原名。
Jusepe de Ribera,Person,Jusepe de Ribera,[Validation] 西班牙画家。
Jusepe de Ribera,Person,"Ribera, Giuseppe",别名 Spagnoletto。
Karl Ludwig von Pöllnitz,Person,Karl Ludwig Freiherr von P?llnitz,"[OCR Fix] ""?"" -> ""ö""。回忆录作者。"
Karl Ludwig von Pöllnitz,Person,"P?llnitz, Baron de","[OCR Fix] ""P?llnitz"" -> ""Pöllnitz""。普鲁士回忆录作家。"
Karl Philipp von Greiffenclau,Person,"Greiffenklau, Karl Philip von",[Validation] 维尔茨堡采邑主教 (Tiepolo赞助人)。
Karl Philipp von Greiffenclau,Person,Karl Philipp von Greiffenklau,[Validation] 维尔茨堡采邑主教。
Laurent Cars,Person,"Cars, Laurence","[OCR Fix] ""Laurence"" -> ""Laurent""。法国版画家。"
Laurent Cars,Person,Laurent Cars,[Validation] 法国版画家。
Leonaert Bramer,Person,"Bramer, Leonard",[Disambiguation] 荷兰画家。
Leonaert Bramer,Person,Leonaert Bramer,[Validation] 荷兰画家。
Leonardo Valmarana,Person,"Leonardo, Conte di Valmarana",[Validation] 贵族。
Leonardo Valmarana,Person,"Valmarana, Leonardo",帕拉迪奥的赞助人。
"Leopold II, Holy Roman Emperor",Person,"Leopold I, Grand Duke of Tuscany",[Disambiguation] 托斯卡纳大公 Leopold I 继位为神圣罗马皇帝 Leopold II。
"Leopold II, Holy Roman Emperor",Person,"Leopold II, Holy Roman Emperor",[Validation] 同上。
Lodovico Furlanetto,Person,"Furnaletto, Lodovico","[OCR Fix] ""Furnaletto"" -> ""Furlanetto"" (威尼斯出版商)。"
Lodovico Furlanetto,Person,Lodovico Furlanetto,[Validation] 威尼斯出版商。
Lothar Franz von Schönborn,Person,Lothar Franz von Sch?nborn,"[OCR Fix] ""?"" -> ""ö""。美因茨选帝侯。"
Lothar Franz von Schönborn,Person,"Sch?nborn, Lothar Franz von",[OCR Fix] 美因茨选帝侯。
"Louis Phélypeaux, marquis de La Vrillière",Person,"La Vrillière, Louis Phélipeaux de",[Validation] 法国政治家/收藏家。
"Louis Phélypeaux, marquis de La Vrillière",Person,Louis Phélypeaux de La Vrillière,[Validation] 法国政治家。
"Louis Phélypeaux, marquis de La Vrillière",Person,Vrilliere,[Category Fix] 原文误标为 Place。法国国务大臣，著名收藏家。
Ludovico Antonio Muratori,Person,Ludovico Antonio Muratori,[Validation] 历史学家/学者。
Ludovico Antonio Muratori,Person,"Muratori, L. A.",意大利历史学家。
Ludovico Ariosto,Person,Ariosto,[Disambiguation] 诗人 (疯狂的奥兰多)。
Ludovico Ariosto,Person,Ludovico Ariosto,[Validation] 诗人 (Orlando Furioso)。
Ludovico Gimignani,Person,"Gimignani, Lodovico",[Reconstruction] 罗马画家。
Ludovico Gimignani,Person,Ludovico Gimignani,[Validation] 罗马画家。
Ludovico Ludovisi,Person,Ludovico Ludovisi,[Validation] 枢机主教/收藏家。
Ludovico Ludovisi,Person,"Ludovisi, Ludovico (nephew to Pope Gregory XV)",[Validation] 枢机主教。
Macerata,Place,Macerata,[Validation] 城市。
Macerata,Organization,Municipality of Macerata,[Category Fix] 马切拉塔市政府。
Marcantonio Chiarini,Person,"Chiarini, Marcantonio",[Reconstruction] 博洛尼亚画家 (Quadraturista)。
Marcantonio Chiarini,Person,Marc'Antonio Chiarini,[Validation] 博洛尼亚画家 (Quadraturista)。
Marche,Place,Marche,意大利马尔凯大区。
Marche,Place,Marches,"""Marche"" 的英语复数形式，标准化为 Marche。"
Marguerite Louise d'Orléans,Person,Marguerite Louise d'Orl谷ans,"[OCR Fix] 乱码修复 ""Orl谷ans"" -> ""Orléans""。托斯卡纳大公夫人。"
Marguerite Louise d'Orléans,Person,"Orleans, Margherite d'",托斯卡纳大公夫人。
Marie Thérèse Rodet Geoffrin,Person,"Geoffrin, Mme",[Disambiguation] 著名沙龙女主人。
Marie Thérèse Rodet Geoffrin,Person,Marie Th谷r豕se Rodet Geoffrin,[OCR Fix] 乱码修复。若弗兰夫人，著名的沙龙女主人。
Marie de' Medici,Person,Marie de' Medici,法国玛丽·德·美第奇王后。
Marie de' Medici,Person,"Medici, Marie de",法国玛丽·德·美第奇王后。
Mario Chigi,Person,"Chigi, Don Mario (brother to Pope Alexander VII)",[Reconstruction] 教皇兄弟。
Mario Chigi,Person,Mario Chigi,基吉家族成员（如教皇亚历山大七世的兄弟）。
Mario Minniti,Person,Mario Minniti,卡拉瓦乔的朋友和模特，西西里画家。
Mario Minniti,Person,"Minitti, Mario","[OCR Fix] ""Minitti"" -> ""Minniti""。卡拉瓦乔的朋友/模特。"
Mario Nuzzi,Person,Mario Nuzzi,"别名 ""Mario dei Fiori""，以画花卉著称。"
Mario Nuzzi,Person,"Nuzzi, Mario (Mario de' Fiori)",别名 Mario dei Fiori，花卉画家。
Martino Longhi the Elder,Person,"Longhi, Martino, the Elder",[Validation] 建筑师。
Martino Longhi the Elder,Person,Martino Longhi,建筑师老马蒂诺·朗吉。
Martino Longhi the Younger,Person,"Longhi, Martino, the Younger",[Validation] 建筑师。
Martino Longhi the Younger,Person,Martino Longhi the Younger,建筑师小马蒂诺·朗吉。
Masaniello,Person,Masanella,"[OCR/Typo Fix] 极可能是 ""Masaniello""（那不勒斯渔民起义领袖）的误拼。"
Masaniello,Person,Masaniello,托马索·阿涅洛（Tommaso Aniello），那不勒斯起义领袖。
Massimiliano Soldani Benzi,Person,Massimiliano Soldani Benzi,佛罗伦萨雕塑家和章牌制作者。
Massimiliano Soldani Benzi,Person,"Soldani, Massimiliano",佛罗伦萨雕塑家/章牌师。
Matthäus Daniel Pöppelmann,Person,Matth?us Daniel P?ppelmann,[OCR Fix] 乱码修复。德累斯顿茨温格宫的建筑师。
Matthäus Daniel Pöppelmann,Person,"P?ppelmann, Matthes Daniel","[OCR Fix] ""P?ppelmann"" -> ""Pöppelmann""。德累斯顿建筑师。"
Mattia de' Rossi,Person,Mattia de Rossi,建筑师，贝尼尼的学生和助手。
Mattia de' Rossi,Person,"Rossi, Mattia de'",建筑师（贝尼尼学生）。
Mauro Antonio Tesi,Person,Mauro Antonio Tesi,18世纪博洛尼亚画家和建筑师。
Mauro Antonio Tesi,Person,"Tesi, Mauro",别名 Maurino。
"Maximilian II Emanuel, Elector of Bavaria",Person,"Max Emmanuel, Elector of Bavaria",巴伐利亚选帝侯。
"Maximilian II Emanuel, Elector of Bavaria",Person,"Maximilian, Prince, Elector of Bavaria",[Merge Candidate] 指向 Max Emmanuel。
Michelangelo,Person,Michelangelo,米开朗基罗。
Michelangelo,Person,Michelangelo di Lodovico Buonarroti Simoni,[Merge Candidate] 米开朗基罗全名。
Michele Giustiniani,Person,"Giustiniani, Abbate Michele",[Reconstruction] 历史学家/作家。
Michele Giustiniani,Person,Michele Giustiniani,17世纪作家。
Michiel Sweerts,Person,Michiel Sweerts,佛兰芒巴洛克画家。
Michiel Sweerts,Person,"Sweerts, Michael",佛兰芒画家。
Monsieur de Blainville,Person,Blainville,[Disambiguation] 旅行家 (著有Travels)。
Monsieur de Blainville,Person,"Blainville, Monsieur de",[Validation] 同上。
Monsieur de Blainville,Person,Jean Armand de Blainville,[Disambiguation] 旅行记作者 (可能化名)。
Niccolò Circignani,Person,Niccol辰 Circignani,"[OCR Fix] ""辰"" -> ""ò""。别名 Il Pomarancio。"
Niccolò Circignani,Person,"Pomarance, Niccol辰 Circignani dalle","[OCR Fix] ""Niccol辰"" -> ""Niccolò""。别名 Il Pomarancio。"
Niccolò Machiavelli,Person,Machiavelli,[Disambiguation] 马基雅维利。
Niccolò Machiavelli,Person,Niccol辰 Machiavelli,"[OCR Fix] ""辰"" -> ""ò""。马基雅维利。"
Niccolò Maria Pallavicini,Person,Marchese Niccolo Maria Pallavicini,罗马重要的艺术赞助人（Maratti 的赞助者）。
Niccolò Maria Pallavicini,Person,"Pallavicini, Marchese Niccol辰 Maria","[OCR Fix] ""辰"" -> ""ò""。"
Niccolò Sagredo,Person,Nicol辰 Sagredo,"[OCR Fix] ""辰"" -> ""ò""。威尼斯总督。"
Niccolò Sagredo,Person,"Sagredo, Niccol辰","[OCR Fix] ""辰"" -> ""ò""。威尼斯总督。"
Nicolas Malebranche,Person,"Malebranche, Nicolas de",[Validation] 哲学家。
Nicolas Malebranche,Person,Nicolas Malebranche,哲学家。
Nicolas-Claude Fabri de Peiresc,Person,Nicolas-Claude Fabri de Peiresc,著名的学者和古董收藏家。
Nicolas-Claude Fabri de Peiresc,Person,"Peiresc, Nicolas-Claude-Fabri de",
Nicolas-Claude Fabri de Peiresc,Person,Provencal antiquary Peiresc,[Category Fix] 原文误标为 Place。Peiresc 是普罗旺斯人。
Nymphenburg Palace,Place,"Munich, Nymphenburg palace",慕尼黑宁芬堡宫。
Nymphenburg Palace,Place,Nymphenburg,宁芬堡。
Orazio Arrighi Landini,Person,"Arrighi-Landini, Orazio",[Reconstruction] 18世纪作家/翻译家。
Orazio Arrighi Landini,Person,Orazio Arrighi Landini,17世纪人物。
Orazio Riminaldi,Person,Orazio Riminaldi,比萨画家。
Orazio Riminaldi,Person,Riminaldi,比萨画家。
Ottavio Novaroli,Person,"Novaroli, P. Octavio",17世纪人物（可能是神职人员）。
Ottavio Novaroli,Person,Ottavio Novaroli,"[Duplicate] 同 Novaroli, P. Octavio。"
Owen McSwiny,Person,Owen McSwiny,剧院经理，卡纳莱托等人的经纪人。
Owen McSwiny,Person,Owen Swiny,[Merge Candidate] 同 Owen McSwiny。
Pacecco De Rosa,Person,Pacecco De Rosa,那不勒斯画家。
Pacecco De Rosa,Person,"Rosa, Paceco de",(Francesco De Rosa) 那不勒斯画家。
Palazzo Barberini,Place,Barberini palace,[Validation] 罗马宫殿。
Palazzo Barberini,Place,Palazzo Barberini,罗马巴贝里尼宫。
Palazzo Clerici,Place,Clerici Palace,[Validation] 米兰宫殿 (提埃坡罗壁画)。
Palazzo Clerici,Place,Palazzo Clerici,米兰宫殿（提埃坡罗壁画）。
Palazzo Colonna,Place,Colonna palace,[Validation] 罗马宫殿。
Palazzo Colonna,Place,Palazzo Colonna,罗马科隆纳宫。
Palazzo Farnese,Place,Farnese Palace,[Category Fix] 原文误标为 Work。
Palazzo Farnese,Place,Palazzo Farnese,罗马法尔内塞宫。
Palazzo Foscarini (Venice),Place,Marco Foscarini's palace,位于威尼斯 Carmini 的宫殿。
Palazzo Foscarini (Venice),Place,Palazzo Foscarini,
Palazzo Gondi,Place,Gondi palace,[Validation] 佛罗伦萨宫殿。
Palazzo Gondi,Place,Palazzo Gondi,佛罗伦萨宫殿。
Palazzo Manin,Place,Manin palace,[Category Fix] 原文误标为 Work。
Palazzo Manin,Place,Palazzo Manin,威尼斯宫殿（现为意大利银行）。
Palazzo Medici Riccardi,Place,Palazzo Medici Riccardi,佛罗伦萨美第奇-里卡迪宫。
Palazzo Medici Riccardi,Place,Riccardi palace,[Category Fix] 佛罗伦萨宫殿。
Palazzo Pamphilj (Piazza Navona),Place,Palazzo Pamphilj,罗马纳沃纳广场的潘菲利宫。
Palazzo Pamphilj (Piazza Navona),Place,Pamfili palace (Piazza Navona),[Category Fix] 原文误标为 Man-Made Object。
Palazzo Pitti,Place,Palazzo Pitti,佛罗伦萨皮蒂宫。
Palazzo Pitti,Place,Pitti Palace,[Category Fix] 原文误标为 Man-Made Object。
Palma il Giovane,Person,Jacopo Palma il Giovane,[Validation] 威尼斯画家。
Palma il Giovane,Person,"Palma, Jacopo (il Giovane)",威尼斯画家小帕尔马。
Paola Zambelli,Person,Paola Zambelli,现代哲学史学家。
Paola Zambelli,Person,"Zambelli, Dr Paola",科学史学家。
Paolo Emilio Sfondrati,Person,Paolo Emilio Sfondrati,红衣主教（圣塞西莉亚遗骸发现者）。
Paolo Emilio Sfondrati,Person,"Sfondrato, Cardinal",红衣主教 Sfondrati（圣塞西莉亚赞助人）。
Paolo Gerolamo Piola,Person,Paolo Gerolamo Piola,热那亚画家。
Paolo Gerolamo Piola,Person,"Piola, Paolo Girolamo",热那亚画家。
Paolo Giordano I Orsini,Person,"Bracciano, Paolo Giordano I Orsini, Duke of",[Reconstruction] 第一代布拉恰诺公爵。
Paolo Giordano I Orsini,Person,Paolo Giordano I Orsini,布拉恰诺公爵。
Paolo Giordano II Orsini,Person,"Bracciano, Paolo Giordona II Orsini, Duke of","[OCR Fix] ""Giordona"" -> ""Giordano""。"
Paolo Giordano II Orsini,Person,Paolo Giordano Orsini II,艺术赞助人，诗人。
Paolo Giordano Orsini,Person,"Bracciano, Duke of",[Context] 通常指 Orsini 公爵 (需视具体年代)。
Paolo Giordano Orsini,Person,"Orsini, Paolo Giordano",奥尔西尼家族成员。
Paolo Veronese,Person,Paolo Veronese,委罗内塞。
Paolo Veronese,Person,Paul Varnish,[Disambiguation] 18世纪英国对 Veronese 的滑稽音译/戏称。
Parmigianino,Person,Girolamo Francesco Maria Mazzola,[Disambiguation] 帕尔米贾尼诺。
Parmigianino,Person,"Parmigianino, Francesco",[Category Fix] 原文误标为 Place。帕尔米贾尼诺。
Paul Fréart de Chantelou,Person,"Chantelou, Paul-Fréart de",[Reconstruction] 贝尼尼在法国的接待者/日记作者。
Paul Fréart de Chantelou,Person,Paul Fr谷art de Chantelou,"[OCR Fix] ""Fr谷art"" -> ""Fréart""。贝尼尼在法国的向导。"
Paul V,Person,"Borghese, Camillo (Pope Paul V)",[Disambiguation] 教皇保罗五世。
Paul V,Person,"Paul V, Pope",教皇保罗五世（Borghese）。
Pedro Berruguete,Person,"Berreguete, Pedro","[OCR Fix] ""Berreguete"" -> ""Berruguete""。"
Pedro Berruguete,Person,Pedro Berruguete,西班牙画家。
Peter Anthony Motteux,Person,"Motteux, Pierre",(Pierre Antoine Motteux) 法国出生的英国剧作家/翻译家。
Peter Anthony Motteux,Person,Peter Anthony Motteux,(Pierre Antoine Motteux) 作家/翻译家。
"Philippe II, Duke of Orléans",Person,"Orleans, Philippe d', Regent",法国摄政王。
"Philippe II, Duke of Orléans",Person,"Philippe II, Duke of Orl谷ans","[OCR Fix] ""Orl谷ans"" -> ""Orléans""。"
Philips Wouwerman,Person,Philips Wouwerman,荷兰画家。
Philips Wouwerman,Person,"Wouwermans, Philips",荷兰画家。
Piazza della Santissima Annunziata,Place,Annunciation Square,[Standardization] 佛罗伦萨广场。
Piazza della Santissima Annunziata,Place,piazza della Santissima Annunziata,佛罗伦萨广场。
Pierre Louis Maupertuis,Person,"Maupertuis, Pierre-Louis",法国数学家和哲学家。
Pierre Louis Maupertuis,Person,Pierre-Louis Moreau de Maupertuis,数学家/天文学家。
Pierre-Jean Grosley,Person,"Grosley, Pierre Jean",[Validation] 法国作家 (Nouveaux mémoires sur l'Italie)。
Pierre-Jean Grosley,Person,Pierre-Jean Grosley,法国旅行作家。
Pierre-Étienne Monnot,Person,"Monnot, Pierre",法国雕塑家，主要活跃于罗马。
Pierre-Étienne Monnot,Person,Pierre-谷tienne Monnot,"[OCR Fix] ""谷tienne"" -> ""Étienne""。雕塑家。"
Pieter Mulier the Younger,Person,"Mulier, Pietro","别名 ""Il Tempesta""。"
Pieter Mulier the Younger,Person,Pieter Mulier,别名 Il Tempesta。
Pietro Aldobrandini,Person,"Aldobrandini, Cardinal Pietro (nephew of Pope Clement VIII)",[Disambiguation] 彼得罗·阿尔多布兰迪尼枢机。
Pietro Aldobrandini,Person,Pietro Aldobrandini,红衣主教，重要赞助人。
Pietro Antonio Zaguri,Person,Pietro Antonio Zaguri,威尼斯贵族/赞助人。
Pietro Antonio Zaguri,Person,"Zaguri, Pietro",威尼斯参议员/赞助人。
Pietro Francavilla,Person,"Francavilla, Pietro",[Category Fix] 原文误标为 Man-Made Object。雕塑家。
Pietro Francavilla,Person,Pietro Francavilla,(Pierre de Francqueville) 佛罗伦萨雕塑家。
Pietro Ottoboni,Person,"Ottoboni, Cardinal Pietro (nephew...)",著名的艺术赞助人，亚历山大八世的侄孙。
Pietro Ottoboni,Person,Pietro Ottoboni,著名的红衣主教与艺术赞助人。
Pietro Paltronieri,Person,"Paltronieri, Pietro ('il Mirandolese')",别名 Il Mirandolese，透视画法画家。
Pietro Paltronieri,Person,Pietro Paltronieri,别名 Il Mirandolese。
Pietro Santi Bartoli,Person,"Bartoli, Pietro Santo","[OCR Fix] 修正 ""Santo"" 为 ""Santi""。版画家/古物学家。"
Pietro Santi Bartoli,Person,Pietro Santi Bartoli,罗马版画家/古董学者。
Pietro da Cortona,Person,"Berrettini, Pietro (Pietro da Cortona)",[Disambiguation] 皮耶特罗·达·科尔托纳。
Pietro da Cortona,Person,Pietro da Cortona,皮埃特罗·达·科尔托纳。
Pietro de' Pietri,Person,"Pietri, Pietro di",罗马晚期巴洛克画家。
Pietro de' Pietri,Person,Pietro da Pietri,
Pietà,Work,Pieta,"[OCR Fix/Ambiguous] ""Pieta"" -> ""Pietà""。指圣母怜子主题艺术品（如米开朗基罗或提香）。"
Pietà,Work,Piet角,"[OCR Fix] ""Piet角"" -> ""Pietà""。圣母怜子图。"
Pompeo Batoni,Person,"Batoni, Pompeo",[Reconstruction] 罗马肖像画家。
Pompeo Batoni,Person,Pompeo Girolamo Batoni,庞贝奥·巴托尼。
Portrait of Donna Olimpia Maidalchini,Work,Portrait of Donna Olimpia,[Category Fix] 可能是 Bacciccio 的画作或半身像。
Portrait of Donna Olimpia Maidalchini,Work,Portrait of Donna Olimpia Maidalchini,[Category Fix]
Portrait of Innocent X,Work,Portrait of Innocent X,[Category Fix] 委拉斯开兹的著名画作。
Portrait of Innocent X,Work,Portrait of Pope Innocent X Pamphili,[Category Fix] 同上。
Prospero Pesci,Person,Gasparo Prospero Pesci,"[OCR Fix] ""Gasparo Prospero"" -> ""Prospero""? Prospero Pesci 是罗马画家。Gasparo 可能是误加。"
Prospero Pesci,Person,"Pesci, Prospero",18世纪博洛尼亚画家。
Quirinal Hill,Place,Quirinal,罗马奎里纳尔山。
Quirinal Hill,Place,Quirinal Hill,
Raffaello Marchesi,Person,"Marchesi, Raffaelo",[Category Fix] 原文误标为 Man-Made Object。人物。
Raffaello Marchesi,Person,Raffaelo Marchesi,
Raphael,Person,Raffaello Sanzio da Urbino,拉斐尔。
Raphael,Person,Raphael,拉斐尔。
Rembrandt,Person,Rembrandt,伦勃朗。
Rembrandt,Person,Rembrandt Harmenszoon van Rijn,伦勃朗全名。
"Richard Boyle, 3rd Earl of Burlington",Person,"Burlington, Lord",[Disambiguation] 建筑赞助人 (Palladianism)。
"Richard Boyle, 3rd Earl of Burlington",Person,"Richard Boyle, 3rd Earl of Burlington",帕拉迪奥主义建筑的重要推动者。
"Robert Benson, 1st Baron Bingley",Person,"Bingley, Lord",[Disambiguation] 英国贵族 (Yorkshire)。
"Robert Benson, 1st Baron Bingley",Person,"Robert Benson, 1st Baron Bingley",
"Robert Harley, 1st Earl of Oxford",Person,"Oxford, Robert Harley, Earl of",
"Robert Harley, 1st Earl of Oxford",Person,Robert Harley,
Roberto d'Oderisio,Person,"Oderisi, Roberto",那不勒斯画家。
Roberto d'Oderisio,Person,Roberto d'Oderisio,14世纪那不勒斯画家。
Romulus and Remus,Person,Romulm and Remus,"[OCR Fix] ""Romulm"" -> ""Romulus""。"
Romulus and Remus,Work,Romulus and Remus,[Category Fix] 鲁本斯、Carracci 等人的画作主题。
Saint Andrew,Person,Andrew the Apostle,[Disambiguation] 圣安德烈。
Saint Andrew,Person,Saint Andrew,圣安德烈（人物）。
Saint Francis Xavier,Person,Francis Xavier,[Disambiguation] 圣方济各·沙勿略。
Saint Francis Xavier,Person,"Xavier, St Francis",圣方济各·沙勿略。
Saint Ignatius of Loyola,Person,Ignatius of Loyola,[Validation] 耶稣会创始人。
Saint Ignatius of Loyola,Person,"Ignatius, St",[Validation] 同上。
Saint John the Baptist,Person,John the Baptist,[Validation] 圣徒。
Saint John the Baptist,Person,St. John the Baptist,[Category Fix] 原文误标为 Man-Made Object。施洗约翰。
Saint Lawrence,Person,St Lawrence,[Category Fix] 原文误标为 Place。圣劳伦斯。
Saint Lawrence,Person,St.Lawrenc,"[OCR Fix] ""St.Lawrenc"" -> ""St. Lawrence""。"
Saint Philip Neri,Person,"Philip Neri, St",圣菲利波·内里。
Saint Philip Neri,Person,Saint Philip Neri,圣菲利波·内里。
Saint Stanislaus Kostka,Person,St Stanislas Kostka,[Category Fix] 原文误标为 Man-Made Object。
Saint Stanislaus Kostka,Person,Stanislaus Kostka,圣斯坦尼斯劳斯·科斯特卡。
Samuel von Pufendorf,Person,"Pufendorf, Samuel",法学家/历史学家。
Samuel von Pufendorf,Person,Samuel von Pufendorf,德国法学家。
San Canciano,Place,S. Canciano,威尼斯教堂。
San Canciano,Place,San Canciano,威尼斯教堂。
San Carlo alle Quattro Fontane,Place,Quattro Fontane,罗马教堂（波罗米尼）或喷泉群。
San Carlo alle Quattro Fontane,Place,Saint Charles at the Four Fountains,罗马教堂。
San Giorgio Maggiore,Place,Church of San Giorgio Maggiore,[Validation] 威尼斯教堂。
San Giorgio Maggiore,Place,S. Giorgio Maggiore,威尼斯教堂（帕拉迪奥）。
San Giorgio Maggiore,Place,San Giorgio Monastery,威尼斯修道院。
San Giovanni Decollato,Place,S.Giovanni Decollato,罗马或威尼斯教堂。
San Giovanni Decollato,Place,San Giovanni Decollato,罗马教堂。
San Zaccaria,Place,San Zaccaria,威尼斯教堂。
San Zaccaria,Place,"San Zaccaria, Venice",[Duplicate] 同上。
Sant'Agnese in Agone,Place,S. Agnese,罗马教堂（Piazza Navona）。
Sant'Agnese in Agone,Place,Sant'Agnese in Agone,罗马教堂。
Sant'Andrea al Quirinale,Place,Church of Sant'Andrea al Quirinale,[Category Fix] 原文误标为 Work。贝尼尼建筑。
Sant'Andrea al Quirinale,Place,S. Andrea,[Ambiguous] 可能是 Quirinale 或 Della Valle，视语境。
Sant'Andrea al Quirinale,Place,Sant'Andrea al Quirinale,罗马教堂（贝尼尼）。
Sant'Andrea al Quirinale,Place,St. Andrew's Temple Church,[Context] 可能是指 Quirinale 的 Jesuit Novitiate church。
Santa Maria della Concezione dei Cappuccini,Place,Capuchin church in Rome,[Disambiguation] 罗马嘉布遣会教堂。
Santa Maria della Concezione dei Cappuccini,Place,S.Maria della Concezione,罗马嘉布遣会教堂。
Santa Maria della Concezione dei Cappuccini,Place,Santa Maria della Concezione...,罗马骨骸寺。
Santa Maria della Salute,Place,Santa Maria della Salute,威尼斯安康圣母堂。
Santa Maria della Salute,Place,chiesa della Salute,威尼斯安康圣母堂。
Santa Maria della Vittoria,Place,S.Maria della Vittoria,罗马教堂（贝尼尼《圣特蕾莎》所在地）。
Santa Maria della Vittoria,Place,Santa Maria della Vittoria,罗马教堂。
Santa Maria di Nazareth (Scalzi),Place,Santa Maria degli Scalzi,威尼斯赤足教堂。
Santa Maria di Nazareth (Scalzi),Place,Santa Maria di Nazareth Basilica,威尼斯赤足教堂。
Santa Maria di Nazareth (Scalzi),Place,Scalzi,[Category Fix] 威尼斯赤足教堂（通常简称 Scalzi）。
Santissima Annunziata,Place,Annunziata,[Disambiguation] 指代教堂或广场。
Santissima Annunziata,Place,Santissima Annunziata,佛罗伦萨著名教堂。
"Sarah Churchill, Duchess of Marlborough",Person,"Marlborough, Duchess of",著名的马尔伯勒公爵夫人。
"Sarah Churchill, Duchess of Marlborough",Person,Sarah Churchill,马尔伯勒公爵夫人。
Sassoferrato,Place,Sassoferrato,马尔凯大区城镇。
Sassoferrato,Person,Sassoferrato (Giovan Battista Salvi),(Giovanni Battista Salvi da Sassoferrato) 画家。
Scipione Borghese,Person,Cardinal Scipione Borghese,[Category Fix] 原文误标为 Work。
Scipione Borghese,Person,Scipione Borghese,红衣主教希皮奥内·博尔盖塞（贝尼尼的赞助人）。
Scuola Grande dei Carmini,Place,Scuola Grande dei Carmini,威尼斯卡尔米尼大会堂。
Scuola Grande dei Carmini,Place,Scuola del Carmine,[Duplicate] 同上。
Scuola Grande di San Rocco,Organization,"San Rocco, Scuola di",威尼斯圣罗格大会堂。
Scuola Grande di San Rocco,Place,Scuola Grande di San Rocco,威尼斯圣罗格大会堂（丁托列托）。
Scuola Grande di San Rocco,Place,Scuola di San Rocco,[Duplicate] 同上。
Sebastiano Bombelli,Person,Bombelli Sebastiano,[Reconstruction] 威尼斯肖像画家。
Sebastiano Bombelli,Person,Sebastiano Bombelli,威尼斯肖像画家。
Sebastiano Marcotti,Person,Sebastiano Marcotti,17世纪版画家（活跃于那不勒斯）。
Sebastiano Marcotti,Person,Sebastiano Marcotti,[Duplicate]
Sebastiano Resta,Person,"Resta, Padre Sebastiano",著名的绘画收藏家/鉴赏家。
Sebastiano Resta,Person,Sebastiano Resta,著名的素描收藏家（Padre Resta）。
Secondo Lancellotti,Person,"Lancellotti, Abate",[Reconstruction] 作家 (L'Hoggidì)。
Secondo Lancellotti,Person,Secondo Lancellotti,17世纪作家（《L'Hoggidì》）。
"Sir Thomas Isham, 3rd Baronet",Person,"Sir Thomas Isham (1656每1681), 3rd Bt Isham","[OCR Fix] ""每"" -> ""–""。[Category Fix] 原文误标为 Man-Made Object。"
"Sir Thomas Isham, 3rd Baronet",Person,Thomas Isham,17世纪日记作者/旅行者。
Sixtus V,Person,"Peretti, Felice (Pope Sixtus V)",教皇西克斯图斯五世。
Sixtus V,Person,Sixtus V,教皇西克斯图斯五世。
St. Peter's Basilica,Place,St. Peter's Basilica,梵蒂冈圣彼得大教堂。
St. Peter's Basilica,Place,Vatican Papal Basilica,圣彼得大教堂。
Stamperia Albrizzi,Organization,Nella Stamperia Albrizziana,[Category Fix] 威尼斯著名出版商 Albrizzi。
Stamperia Albrizzi,Organization,Stamperia Albrizziana,[Category Fix] 威尼斯印刷厂。
Stanisław August Poniatowski,Person,Stanis?aw August Poniatowski,"[OCR Fix] ""?"" -> ""ł""。波兰国王。"
Stanisław August Poniatowski,Person,"Stanislas Poniatowski, King of Poland",[Duplicate] 同上。
Statue of Field Marshal Schulenburg,Work,Statue of Field Marshal Schulenburg,[Category Fix] 科拉迪尼的作品（科孚岛）。
Statue of Field Marshal Schulenburg,Work,"Statue of Schulenburg, Kerkyra",[Duplicate] 同 3582。
Stendhal,Person,Marie-Henri Beyle,作家司汤达的原名，以写意大利游记和艺术评论著称。
Stendhal,Person,Stendhal,司汤达。
Taddeo Barberini,Person,"Barberini, Taddeo (nephew to Urban VIII)",[Reconstruction] 帕莱斯特里纳亲王。
Taddeo Barberini,Person,Taddeo Barberini,帕莱斯特里纳亲王（教皇乌尔班八世的侄子）。
Teofilo Gallaccini,Person,"Gallacini, Teofilo","[OCR Fix] ""Gallacini"" -> ""Gallaccini"" (锡耶纳学者/建筑理论家)。"
Teofilo Gallaccini,Person,Teofilo Gallaccini,锡耶纳学者/建筑理论家。
The Abduction of Helen,Work,Rape of Helen,[Category Fix] 常见神话主题。
The Abduction of Helen,Work,The Abduction of Helen,[Category Fix] 圭多·雷尼等人的画作。
The Banquet of Cleopatra,Work,The Banquet of Antony and Cleopatra,[Category Fix] 提埃坡罗的著名画作。
The Banquet of Cleopatra,Work,The Banquet of Cleopatra,[Category Fix]
The Baptism of Christ,Work,The Baptism,[Category Fix]
The Baptism of Christ,Work,The Baptism of Christ,[Category Fix] 耶稣受洗图。
The Deposition from the Cross,Work,The Deposition from the Cross,[Category Fix]
The Deposition from the Cross,Work,The Deposition from the Cross/Deposition,[Category Fix]
The Judgment of Paris,Work,The Judgement of Paris,[Category Fix] 帕里斯的裁判。
The Judgment of Paris,Work,The Judgment of Paris,[Category Fix] 同上。
The Nativity,Work,Nativity,[Category Fix] 耶稣诞生图。
The Nativity,Work,The Nativity,[Category Fix] 耶稣降生。
The Rape of the Sabine Women,Work,Rape of the Sabine Women,[Category Fix] 普桑、詹博洛尼亚作品。
The Rape of the Sabine Women,Work,Rape of the Sabines,[Category Fix]
The Rape of the Sabine Women,Work,The Rape of the Sabine Women,[Category Fix] 萨宾妇女的劫夺。
The Sacrifice of Iphigenia,Work,Sacrifice of Iphigenia,[Category Fix] 提埃坡罗等人的画作。
The Sacrifice of Iphigenia,Work,The Sacrifice of Iphigenia,[Category Fix] 伊菲革涅亚的献祭。
The Sacrifice of Isaac,Work,Sacrifice of Abraham,[Category Fix] 常见的艺术主题。
The Sacrifice of Isaac,Work,The Sacrifice of Isaac,[Category Fix] 以撒的献祭。
The Triumph of Venice,Work,The Triumph of Venice,[Category Fix] 提埃坡罗或 Veronese 的画作。
The Triumph of Venice,Work,Triumph of Venice,[Category Fix] 提埃坡罗 (Palazzo Pisani) 或 Pompeo Batoni 的画作。
The Triumph of the Name of Jesus,Work,The Triumph of the Name of Jesus,[Category Fix] Il Gesù 教堂的天顶画（Baciccio）。
The Triumph of the Name of Jesus,Work,Triumph of the Name of Jesus,[Category Fix] 罗马耶稣会教堂天顶画。
"Thomas Coke, 1st Earl of Leicester",Person,"Coke, Mr","[Context] ""Mr Coke"" 常指 Thomas Coke (Holkham Hall 建造者/收藏家)。"
"Thomas Coke, 1st Earl of Leicester",Person,"Thomas Coke, 1st Earl of Leicester",霍尔克姆大厅的主人。
"Thomas Pelham-Holles, 1st Duke of Newcastle",Person,"Newcastle, Thomas Pelham-Holles, Duke of",[Category Fix] 原文误标为 Man-Made Object。
"Thomas Pelham-Holles, 1st Duke of Newcastle",Person,"Thomas Pelham-Holles, 1st Duke of Newcastle-upon-Tyne",
Toussaint Dubreuil,Person,"Breuil, Toussaint du",[Reconstruction] 法国枫丹白露画派画家。
Toussaint Dubreuil,Person,Toussaint Dubreuil,法国枫丹白露画派画家。
Urban VIII,Person,"Barberini, Maffeo (Pope Urban VIII)",[Disambiguation] 教皇乌尔班八世。
Urban VIII,Person,Urban VIII,教皇乌尔班八世。
Victor Amadeus II of Sardinia,Person,"Savoy, Vittorio Amedeo II, Duke of",萨伏伊公爵/撒丁国王。
Victor Amadeus II of Sardinia,Person,Victor Amadeus II of Savoy,萨伏伊公爵，撒丁国王。
Villa Contarini,Place,Contarini villa,[Category Fix] 原文误标为 Work。
Villa Contarini,Place,Villa Contarini,威尼托别墅（Piazzola sul Brenta）。
Villa Valmarana ai Nani,Place,Villa Valmarana,维琴察别墅（提埃坡罗壁画）。
Villa Valmarana ai Nani,Place,Villa Valmarana ai Nani,[Duplicate] 同上。
Villa di Pratolino,Place,Pratolino,美第奇别墅。
Villa di Pratolino,Place,Villa di Pratolino,美第奇别墅（Demidoff）。
Vincenzo Giustiniani,Person,"Giustiniani, Marchese Vincenzo",[Category Fix] 原文误标为 Man-Made Object。著名收藏家/侯爵。
Vincenzo Giustiniani,Person,Vincenzo Giustiniani,著名的银行家与艺术收藏家（Caravaggio赞助人）。
Virgil,Person,Publius Vergilius Maro,维吉尔。
Virgil,Person,Virgil,诗人维吉尔。
Virgin by Bassanino,Work,"Bassanino, Virgilio","[Correction] 依据指令修正：原文 ""Virgilio Bassanino"" 极大概率为 ""Virgin by Bassanino"" (Jacopo Bassano作品) 的误读。"
Virgin by Bassanino,Work,Virgil Bassanino,"[OCR/Typo Fix] 极可能是 ""Virgin [painted] by Bassanino"" (Jacopo Bassano 或家族成员) 的误读。"
Vitruvius,Person,Marcus Vitruvius Pollio,建筑师维特鲁威。
Vitruvius,Person,Vitruvius,维特鲁威。
Vivant Denon,Person,"Non, Dominique De (Dominique Vivant-Denon)",卢浮宫首任馆长。
Vivant Denon,Person,"Vivant-Denon, Dominique",卢浮宫首任馆长。
Würzburg Residence,Place,W邦rzburg Residence,"[OCR Fix] ""W邦rzburg"" -> ""Würzburg""。"
Würzburg Residence,Place,W邦rzburg Residenz,[Duplicate] 同上。
